1978-07-16 07:00:00,M0001,rr7,3
1994-04-03 07:00:00,M0001,rr7,4
1978-07-15 13:00:00,M0001,rr13,4
1994-04-03 13:00:00,M0001,rr13,4
1978-07-15 19:00:00,M0001,rr19,3
1994-04-03 19:00:00,M0001,rr19,4
2017-04-04 07:00:00,M0002,rr7,4
1985-10-02 13:00:00,M0002,rr13,3
2017-04-03 13:00:00,M0002,rr13,7
2022-10-07 13:00:00,M0002,rr13,15
2022-11-04 13:00:00,M0002,rr13,3
2022-12-24 13:00:00,M0002,rr13,3
1980-04-04 19:00:00,M0002,rr19,5
1985-10-02 19:00:00,M0002,rr19,3
2017-04-03 19:00:00,M0002,rr19,7
1969-01-02 07:00:00,M0003,rr7,30
2022-03-14 07:00:00,M0003,rr7,8
2022-03-26 07:00:00,M0003,rr7,3
2022-04-02 07:00:00,M0003,rr7,3
2022-04-09 07:00:00,M0003,rr7,3
2022-04-15 07:00:00,M0003,rr7,4
2022-04-23 07:00:00,M0003,rr7,3
2022-04-30 07:00:00,M0003,rr7,4
2022-05-07 07:00:00,M0003,rr7,3
2022-05-14 07:00:00,M0003,rr7,3
2022-05-21 07:00:00,M0003,rr7,4
2022-05-28 07:00:00,M0003,rr7,3
2022-06-04 07:00:00,M0003,rr7,3
2022-06-11 07:00:00,M0003,rr7,3
2022-06-18 07:00:00,M0003,rr7,3
2022-06-25 07:00:00,M0003,rr7,3
1969-01-02 13:00:00,M0003,rr13,30
2022-03-14 13:00:00,M0003,rr13,7
2022-04-15 13:00:00,M0003,rr13,3
2022-04-30 13:00:00,M0003,rr13,3
2022-05-21 13:00:00,M0003,rr13,4
1969-01-02 19:00:00,M0003,rr19,30
2022-03-14 19:00:00,M0003,rr19,7
2022-04-15 19:00:00,M0003,rr19,3
2022-04-30 19:00:00,M0003,rr19,3
2022-05-21 19:00:00,M0003,rr19,4
2022-06-10 19:00:00,M0003,rr19,3
2007-12-19 07:00:00,M0004,rr7,3
2020-03-29 07:00:00,M0004,rr7,3
2020-08-12 07:00:00,M0004,rr7,3
2020-08-17 07:00:00,M0004,rr7,4
2020-11-28 07:00:00,M0004,rr7,9
2020-12-25 07:00:00,M0004,rr7,3
2021-01-01 07:00:00,M0004,rr7,3
2022-08-10 07:00:00,M0004,rr7,16
2022-10-08 07:00:00,M0004,rr7,3
2022-12-24 07:00:00,M0004,rr7,3
2022-12-31 07:00:00,M0004,rr7,3
2007-12-18 13:00:00,M0004,rr13,4
2018-04-04 13:00:00,M0004,rr13,3
2020-03-29 13:00:00,M0004,rr13,3
2020-05-02 13:00:00,M0004,rr13,3
2020-08-12 13:00:00,M0004,rr13,3
2020-08-17 13:00:00,M0004,rr13,4
2020-11-28 13:00:00,M0004,rr13,9
2020-12-25 13:00:00,M0004,rr13,3
2021-01-01 13:00:00,M0004,rr13,3
2021-10-25 13:00:00,M0004,rr13,4
2022-08-10 13:00:00,M0004,rr13,16
2022-10-08 13:00:00,M0004,rr13,3
2022-12-24 13:00:00,M0004,rr13,3
2022-12-31 13:00:00,M0004,rr13,3
2007-12-18 19:00:00,M0004,rr19,4
2020-03-28 19:00:00,M0004,rr19,65
2020-08-12 19:00:00,M0004,rr19,3
2020-08-17 19:00:00,M0004,rr19,4
2020-11-28 19:00:00,M0004,rr19,9
2020-12-25 19:00:00,M0004,rr19,3
2021-01-01 19:00:00,M0004,rr19,3
2022-08-10 19:00:00,M0004,rr19,16
2022-10-08 19:00:00,M0004,rr19,3
2022-12-24 19:00:00,M0004,rr19,3
2022-12-31 19:00:00,M0004,rr19,3
2016-12-24 07:00:00,M0005,rr7,3
2016-12-24 13:00:00,M0005,rr13,3
2016-12-24 19:00:00,M0005,rr19,3
2001-03-13 07:00:00,M0006,rr7,7
2017-04-04 07:00:00,M0006,rr7,7
2020-03-21 07:00:00,M0006,rr7,3
2020-03-27 07:00:00,M0006,rr7,4
2020-05-01 07:00:00,M0006,rr7,3
2020-12-25 07:00:00,M0006,rr7,3
2001-03-12 13:00:00,M0006,rr13,8
2017-04-03 13:00:00,M0006,rr13,7
2020-03-18 13:00:00,M0006,rr13,18
2020-12-25 13:00:00,M0006,rr13,3
2001-03-12 19:00:00,M0006,rr19,8
2017-04-03 19:00:00,M0006,rr19,7
2020-03-19 19:00:00,M0006,rr19,56
2020-06-15 19:00:00,M0006,rr19,4
2020-12-25 19:00:00,M0006,rr19,3
1981-02-02 07:00:00,M0007,rr7,7
2015-04-19 07:00:00,M0007,rr7,6
2021-12-17 07:00:00,M0007,rr7,14
2022-04-05 07:00:00,M0007,rr7,14
2022-08-17 07:00:00,M0007,rr7,15
1981-02-01 13:00:00,M0007,rr13,8
2015-04-18 13:00:00,M0007,rr13,7
2021-12-16 13:00:00,M0007,rr13,15
2022-04-05 13:00:00,M0007,rr13,14
2022-08-16 13:00:00,M0007,rr13,15
1981-02-01 19:00:00,M0007,rr19,8
2015-04-18 19:00:00,M0007,rr19,7
2021-12-16 19:00:00,M0007,rr19,15
2022-04-05 19:00:00,M0007,rr19,14
2022-08-16 19:00:00,M0007,rr19,15
1983-02-01 07:00:00,M0008,rr7,5
2020-10-01 07:00:00,M0008,rr7,7
2020-10-09 07:00:00,M0008,rr7,3
2020-10-31 07:00:00,M0008,rr7,4
2020-11-07 07:00:00,M0008,rr7,3
2020-11-13 07:00:00,M0008,rr7,3
2020-12-14 07:00:00,M0008,rr7,5
2020-12-21 07:00:00,M0008,rr7,3
2021-02-12 07:00:00,M0008,rr7,5
2021-04-02 07:00:00,M0008,rr7,3
2021-04-10 07:00:00,M0008,rr7,17
2021-04-30 07:00:00,M0008,rr7,3
2021-05-22 07:00:00,M0008,rr7,3
2021-06-24 07:00:00,M0008,rr7,4
1961-07-11 13:00:00,M0008,rr13,4
1983-02-06 13:00:00,M0008,rr13,4
1983-02-11 13:00:00,M0008,rr13,4
2020-10-01 13:00:00,M0008,rr13,7
2020-10-09 13:00:00,M0008,rr13,3
2020-10-31 13:00:00,M0008,rr13,4
2020-11-07 13:00:00,M0008,rr13,3
2020-11-13 13:00:00,M0008,rr13,3
2020-12-14 13:00:00,M0008,rr13,5
2020-12-20 13:00:00,M0008,rr13,4
2021-02-12 13:00:00,M0008,rr13,5
2021-04-02 13:00:00,M0008,rr13,3
2021-04-10 13:00:00,M0008,rr13,17
2021-04-30 13:00:00,M0008,rr13,3
2021-05-22 13:00:00,M0008,rr13,3
2021-06-24 13:00:00,M0008,rr13,4
1983-02-11 19:00:00,M0008,rr19,4
2020-10-01 19:00:00,M0008,rr19,7
2020-10-09 19:00:00,M0008,rr19,3
2020-10-31 19:00:00,M0008,rr19,4
2020-11-07 19:00:00,M0008,rr19,3
2020-11-13 19:00:00,M0008,rr19,3
2020-12-14 19:00:00,M0008,rr19,5
2020-12-21 19:00:00,M0008,rr19,3
2021-02-12 19:00:00,M0008,rr19,5
2021-03-05 19:00:00,M0008,rr19,3
2021-04-02 19:00:00,M0008,rr19,3
2021-04-10 19:00:00,M0008,rr19,17
2021-04-30 19:00:00,M0008,rr19,3
2021-05-22 19:00:00,M0008,rr19,3
2021-06-24 19:00:00,M0008,rr19,4
1984-03-15 07:00:00,M0024,rr7,7
1986-01-01 07:00:00,M0024,rr7,8
1989-01-01 07:00:00,M0024,rr7,8
2000-05-26 07:00:00,M0024,rr7,3
2019-07-05 07:00:00,M0024,rr7,3
2019-10-02 07:00:00,M0024,rr7,21
2019-10-26 07:00:00,M0024,rr7,16
2019-11-26 07:00:00,M0024,rr7,8
2019-12-06 07:00:00,M0024,rr7,3
2019-12-28 07:00:00,M0024,rr7,4
1984-03-14 13:00:00,M0024,rr13,8
1986-01-01 13:00:00,M0024,rr13,8
1989-01-01 13:00:00,M0024,rr13,8
2000-05-26 13:00:00,M0024,rr13,3
2019-05-24 13:00:00,M0024,rr13,3
2019-10-03 13:00:00,M0024,rr13,4
2019-10-11 13:00:00,M0024,rr13,3
2019-10-18 13:00:00,M0024,rr13,3
2019-10-26 13:00:00,M0024,rr13,10
2019-12-06 13:00:00,M0024,rr13,3
2019-12-28 13:00:00,M0024,rr13,4
1984-03-14 19:00:00,M0024,rr19,8
1986-01-01 19:00:00,M0024,rr19,8
1989-01-01 19:00:00,M0024,rr19,8
2000-05-26 19:00:00,M0024,rr19,3
2019-07-16 19:00:00,M0024,rr19,3
2019-08-23 19:00:00,M0024,rr19,3
2019-10-01 19:00:00,M0024,rr19,22
2019-10-24 19:00:00,M0024,rr19,18
2019-11-23 19:00:00,M0024,rr19,10
2019-12-06 19:00:00,M0024,rr19,3
2019-12-28 19:00:00,M0024,rr19,4
1970-06-21 07:00:00,M0025,rr7,10
1970-12-25 07:00:00,M0025,rr7,3
1971-05-19 07:00:00,M0025,rr7,5
1971-06-02 07:00:00,M0025,rr7,4
1971-06-29 07:00:00,M0025,rr7,3
1971-07-09 07:00:00,M0025,rr7,3
1971-07-14 07:00:00,M0025,rr7,5
1971-07-26 07:00:00,M0025,rr7,3
1971-08-19 07:00:00,M0025,rr7,3
1971-08-28 07:00:00,M0025,rr7,3
1971-10-09 07:00:00,M0025,rr7,3
1971-10-26 07:00:00,M0025,rr7,4
1971-11-13 07:00:00,M0025,rr7,3
1971-11-21 07:00:00,M0025,rr7,8
1971-11-30 07:00:00,M0025,rr7,8
1971-12-09 07:00:00,M0025,rr7,5
1971-12-27 07:00:00,M0025,rr7,6
1972-01-15 07:00:00,M0025,rr7,3
1972-04-26 07:00:00,M0025,rr7,3
1972-06-03 07:00:00,M0025,rr7,6
1972-07-12 07:00:00,M0025,rr7,4
1972-07-22 07:00:00,M0025,rr7,4
1972-08-07 07:00:00,M0025,rr7,5
1972-08-13 07:00:00,M0025,rr7,4
1972-08-18 07:00:00,M0025,rr7,3
1972-09-07 07:00:00,M0025,rr7,5
1972-09-13 07:00:00,M0025,rr7,4
1972-09-30 07:00:00,M0025,rr7,4
1972-10-12 07:00:00,M0025,rr7,3
1972-10-18 07:00:00,M0025,rr7,3
1972-10-30 07:00:00,M0025,rr7,5
1972-11-16 07:00:00,M0025,rr7,5
1988-03-29 07:00:00,M0025,rr7,3
2017-03-28 07:00:00,M0025,rr7,7
1970-06-21 13:00:00,M0025,rr13,10
1970-12-25 13:00:00,M0025,rr13,3
1971-05-19 13:00:00,M0025,rr13,5
1971-06-02 13:00:00,M0025,rr13,4
1971-06-29 13:00:00,M0025,rr13,3
1971-07-09 13:00:00,M0025,rr13,4
1971-07-14 13:00:00,M0025,rr13,11
1971-08-02 13:00:00,M0025,rr13,3
1971-08-06 13:00:00,M0025,rr13,5
1971-08-17 13:00:00,M0025,rr13,5
1971-08-23 13:00:00,M0025,rr13,3
1971-08-27 13:00:00,M0025,rr13,7
1971-09-07 13:00:00,M0025,rr13,4
1971-09-12 13:00:00,M0025,rr13,8
1971-09-23 13:00:00,M0025,rr13,8
1971-10-02 13:00:00,M0025,rr13,3
1971-10-08 13:00:00,M0025,rr13,5
1971-10-14 13:00:00,M0025,rr13,4
1971-10-22 13:00:00,M0025,rr13,5
1971-10-29 13:00:00,M0025,rr13,11
1971-11-13 13:00:00,M0025,rr13,24
1971-12-09 13:00:00,M0025,rr13,4
1971-12-17 13:00:00,M0025,rr13,16
1972-01-03 13:00:00,M0025,rr13,3
1972-01-07 13:00:00,M0025,rr13,4
1972-01-12 13:00:00,M0025,rr13,7
1972-01-20 13:00:00,M0025,rr13,13
1972-02-03 13:00:00,M0025,rr13,4
1972-02-08 13:00:00,M0025,rr13,4
1972-02-18 13:00:00,M0025,rr13,3
1972-02-22 13:00:00,M0025,rr13,6
1972-03-03 13:00:00,M0025,rr13,4
1972-03-08 13:00:00,M0025,rr13,20
1972-03-29 13:00:00,M0025,rr13,10
1972-04-16 13:00:00,M0025,rr13,11
1972-04-28 13:00:00,M0025,rr13,4
1972-05-06 13:00:00,M0025,rr13,10
1972-05-18 13:00:00,M0025,rr13,7
1972-05-26 13:00:00,M0025,rr13,7
1972-06-03 13:00:00,M0025,rr13,9
1972-06-13 13:00:00,M0025,rr13,3
1972-06-28 13:00:00,M0025,rr13,13
1972-07-12 13:00:00,M0025,rr13,23
1972-08-07 13:00:00,M0025,rr13,10
1972-08-18 13:00:00,M0025,rr13,3
1972-08-26 13:00:00,M0025,rr13,4
1972-09-05 13:00:00,M0025,rr13,7
1972-09-13 13:00:00,M0025,rr13,21
1972-10-11 13:00:00,M0025,rr13,6
1972-10-18 13:00:00,M0025,rr13,6
1972-10-28 13:00:00,M0025,rr13,10
1972-11-08 13:00:00,M0025,rr13,3
1972-11-12 13:00:00,M0025,rr13,12
1972-11-25 13:00:00,M0025,rr13,4
1973-01-02 13:00:00,M0025,rr13,5
1973-01-09 13:00:00,M0025,rr13,6
1988-03-29 13:00:00,M0025,rr13,3
2017-03-27 13:00:00,M0025,rr13,7
1970-06-21 19:00:00,M0025,rr19,10
1970-12-25 19:00:00,M0025,rr19,3
1971-05-19 19:00:00,M0025,rr19,5
1971-06-02 19:00:00,M0025,rr19,4
1971-06-29 19:00:00,M0025,rr19,3
1971-07-12 19:00:00,M0025,rr19,10
1971-07-23 19:00:00,M0025,rr19,9
1971-08-02 19:00:00,M0025,rr19,3
1971-08-06 19:00:00,M0025,rr19,5
1971-08-13 19:00:00,M0025,rr19,4
1971-08-18 19:00:00,M0025,rr19,4
1971-08-23 19:00:00,M0025,rr19,11
1971-09-07 19:00:00,M0025,rr19,4
1971-09-12 19:00:00,M0025,rr19,8
1971-09-21 19:00:00,M0025,rr19,4
1971-09-26 19:00:00,M0025,rr19,5
1971-10-02 19:00:00,M0025,rr19,5
1971-10-08 19:00:00,M0025,rr19,5
1971-10-14 19:00:00,M0025,rr19,7
1971-10-22 19:00:00,M0025,rr19,27
1971-11-19 19:00:00,M0025,rr19,24
1971-12-17 19:00:00,M0025,rr19,6
1971-12-24 19:00:00,M0025,rr19,10
1972-01-14 19:00:00,M0025,rr19,3
1972-01-21 19:00:00,M0025,rr19,3
1972-02-29 19:00:00,M0025,rr19,3
1972-03-09 19:00:00,M0025,rr19,4
1972-03-15 19:00:00,M0025,rr19,3
1972-04-06 19:00:00,M0025,rr19,7
1972-04-17 19:00:00,M0025,rr19,7
1972-04-25 19:00:00,M0025,rr19,3
1972-04-29 19:00:00,M0025,rr19,3
1972-05-11 19:00:00,M0025,rr19,4
1972-05-16 19:00:00,M0025,rr19,4
1972-05-26 19:00:00,M0025,rr19,10
1972-06-06 19:00:00,M0025,rr19,3
1972-07-01 19:00:00,M0025,rr19,3
1972-07-05 19:00:00,M0025,rr19,3
1972-07-09 19:00:00,M0025,rr19,17
1972-07-29 19:00:00,M0025,rr19,6
1972-08-05 19:00:00,M0025,rr19,6
1972-08-12 19:00:00,M0025,rr19,8
1972-08-23 19:00:00,M0025,rr19,24
1972-09-18 19:00:00,M0025,rr19,4
1972-09-24 19:00:00,M0025,rr19,10
1972-10-05 19:00:00,M0025,rr19,4
1972-10-10 19:00:00,M0025,rr19,14
1972-10-27 19:00:00,M0025,rr19,17
1972-11-16 19:00:00,M0025,rr19,4
1972-11-23 19:00:00,M0025,rr19,4
1972-11-28 19:00:00,M0025,rr19,3
1988-03-29 19:00:00,M0025,rr19,3
2017-03-27 19:00:00,M0025,rr19,7
1972-07-07 07:00:00,M0026,rr7,8
1979-08-19 07:00:00,M0026,rr7,13
1980-02-01 07:00:00,M0026,rr7,10
1981-05-19 07:00:00,M0026,rr7,3
1981-05-25 07:00:00,M0026,rr7,4
1981-06-29 07:00:00,M0026,rr7,15
1990-02-19 07:00:00,M0026,rr7,10
1972-07-07 13:00:00,M0026,rr13,8
1979-08-19 13:00:00,M0026,rr13,13
1980-02-01 13:00:00,M0026,rr13,10
1981-05-19 13:00:00,M0026,rr13,3
1981-05-25 13:00:00,M0026,rr13,4
1981-06-29 13:00:00,M0026,rr13,15
1990-02-19 13:00:00,M0026,rr13,10
1972-07-07 19:00:00,M0026,rr19,8
1979-08-19 19:00:00,M0026,rr19,13
1980-02-01 19:00:00,M0026,rr19,10
1981-06-29 19:00:00,M0026,rr19,15
1988-01-13 19:00:00,M0026,rr19,3
1988-01-23 19:00:00,M0026,rr19,3
1990-02-19 19:00:00,M0026,rr19,10
1991-01-27 19:00:00,M0026,rr19,3
1966-09-06 07:00:00,M0027,rr7,4
1970-02-26 07:00:00,M0027,rr7,9
1975-02-05 07:00:00,M0027,rr7,8
1980-02-01 07:00:00,M0027,rr7,3
1980-02-08 07:00:00,M0027,rr7,3
1985-12-12 07:00:00,M0027,rr7,22
1986-09-11 07:00:00,M0027,rr7,29
1964-08-09 13:00:00,M0027,rr13,3
1966-09-05 13:00:00,M0027,rr13,4
1970-02-26 13:00:00,M0027,rr13,9
1975-02-05 13:00:00,M0027,rr13,8
1980-02-01 13:00:00,M0027,rr13,3
1980-02-08 13:00:00,M0027,rr13,3
1985-12-12 13:00:00,M0027,rr13,21
1986-09-11 13:00:00,M0027,rr13,29
1964-03-17 19:00:00,M0027,rr19,3
1964-08-09 19:00:00,M0027,rr19,3
1966-09-05 19:00:00,M0027,rr19,4
1970-02-26 19:00:00,M0027,rr19,9
1975-02-05 19:00:00,M0027,rr19,8
1980-02-01 19:00:00,M0027,rr19,3
1980-02-08 19:00:00,M0027,rr19,3
1983-12-23 19:00:00,M0027,rr19,3
1985-12-12 19:00:00,M0027,rr19,21
1986-09-11 19:00:00,M0027,rr19,29
1990-08-28 07:00:00,M0031,rr7,9
1998-11-29 07:00:00,M0031,rr7,8
2020-12-25 07:00:00,M0031,rr7,3
2021-01-01 07:00:00,M0031,rr7,3
2021-02-13 07:00:00,M0031,rr7,4
2021-02-27 07:00:00,M0031,rr7,3
2021-12-17 07:00:00,M0031,rr7,17
2022-03-01 07:00:00,M0031,rr7,15
1990-08-27 13:00:00,M0031,rr13,10
1998-11-29 13:00:00,M0031,rr13,8
2020-12-25 13:00:00,M0031,rr13,3
2021-01-01 13:00:00,M0031,rr13,3
2021-02-13 13:00:00,M0031,rr13,4
2021-12-17 13:00:00,M0031,rr13,17
2022-03-01 13:00:00,M0031,rr13,15
1990-08-27 19:00:00,M0031,rr19,10
1998-11-29 19:00:00,M0031,rr19,8
2020-12-25 19:00:00,M0031,rr19,3
2021-01-01 19:00:00,M0031,rr19,3
2021-12-17 19:00:00,M0031,rr19,17
2022-03-01 19:00:00,M0031,rr19,15
1970-07-16 07:00:00,M0033,rr7,5
1970-07-28 07:00:00,M0033,rr7,6
1970-08-15 07:00:00,M0033,rr7,5
1970-09-25 07:00:00,M0033,rr7,8
1970-10-20 07:00:00,M0033,rr7,12
2007-10-25 07:00:00,M0033,rr7,9
2020-03-18 07:00:00,M0033,rr7,14
2021-08-07 07:00:00,M0033,rr7,3
2021-10-08 07:00:00,M0033,rr7,3
2021-10-30 07:00:00,M0033,rr7,5
2021-11-19 07:00:00,M0033,rr7,3
1970-07-16 13:00:00,M0033,rr13,5
1970-07-28 13:00:00,M0033,rr13,6
1970-08-15 13:00:00,M0033,rr13,5
1970-09-25 13:00:00,M0033,rr13,8
1970-10-20 13:00:00,M0033,rr13,12
2007-10-24 13:00:00,M0033,rr13,10
2020-03-18 13:00:00,M0033,rr13,14
2021-08-07 13:00:00,M0033,rr13,3
2021-10-08 13:00:00,M0033,rr13,3
2021-10-30 13:00:00,M0033,rr13,5
2021-11-19 13:00:00,M0033,rr13,3
1970-07-16 19:00:00,M0033,rr19,5
1970-07-28 19:00:00,M0033,rr19,6
1970-08-15 19:00:00,M0033,rr19,5
1970-09-25 19:00:00,M0033,rr19,8
1970-10-20 19:00:00,M0033,rr19,12
2007-10-24 19:00:00,M0033,rr19,10
2020-03-17 19:00:00,M0033,rr19,15
2021-08-07 19:00:00,M0033,rr19,3
2021-10-08 19:00:00,M0033,rr19,3
2021-10-30 19:00:00,M0033,rr19,5
2021-11-19 19:00:00,M0033,rr19,3
1974-09-09 07:00:00,M0037,rr7,4
1979-12-25 07:00:00,M0037,rr7,8
2021-01-10 07:00:00,M0037,rr7,6
1974-09-09 13:00:00,M0037,rr13,4
1979-12-25 13:00:00,M0037,rr13,8
2020-11-01 13:00:00,M0037,rr13,3
2021-01-09 13:00:00,M0037,rr13,7
1974-09-09 19:00:00,M0037,rr19,4
1979-12-25 19:00:00,M0037,rr19,8
2020-11-01 19:00:00,M0037,rr19,3
2021-01-10 19:00:00,M0037,rr19,6
1978-01-01 07:00:00,M0056,rr7,5
1978-01-14 07:00:00,M0056,rr7,3
1978-01-19 07:00:00,M0056,rr7,4
1978-01-24 07:00:00,M0056,rr7,4
1978-01-30 07:00:00,M0056,rr7,5
1979-01-01 07:00:00,M0056,rr7,8
1979-01-12 07:00:00,M0056,rr7,3
1979-01-16 07:00:00,M0056,rr7,6
1979-01-27 07:00:00,M0056,rr7,3
1979-04-06 07:00:00,M0056,rr7,3
1971-12-26 13:00:00,M0056,rr13,6
1978-01-01 13:00:00,M0056,rr13,9
1978-01-14 13:00:00,M0056,rr13,12
1978-01-31 13:00:00,M0056,rr13,6
1979-01-05 13:00:00,M0056,rr13,4
1979-01-12 13:00:00,M0056,rr13,3
1979-01-17 13:00:00,M0056,rr13,5
1979-01-27 13:00:00,M0056,rr13,3
1979-04-06 13:00:00,M0056,rr13,3
1978-01-01 19:00:00,M0056,rr19,8
1978-01-10 19:00:00,M0056,rr19,3
1978-01-14 19:00:00,M0056,rr19,15
1978-01-30 19:00:00,M0056,rr19,5
1979-01-01 19:00:00,M0056,rr19,3
1979-01-05 19:00:00,M0056,rr19,5
1979-01-11 19:00:00,M0056,rr19,4
1979-01-17 19:00:00,M0056,rr19,5
1979-01-27 19:00:00,M0056,rr19,3
1979-03-31 19:00:00,M0056,rr19,3
1979-04-06 19:00:00,M0056,rr19,3
1945-10-04 07:00:00,M0057,rr7,9
1945-10-14 07:00:00,M0057,rr7,11
1945-11-04 07:00:00,M0057,rr7,10
1945-11-18 07:00:00,M0057,rr7,7
1945-11-26 07:00:00,M0057,rr7,6
1945-12-05 07:00:00,M0057,rr7,6
1945-12-12 07:00:00,M0057,rr7,5
1945-12-19 07:00:00,M0057,rr7,6
1945-12-26 07:00:00,M0057,rr7,24
1946-01-20 07:00:00,M0057,rr7,11
1946-02-05 07:00:00,M0057,rr7,5
1946-02-12 07:00:00,M0057,rr7,4
1946-02-20 07:00:00,M0057,rr7,3
1946-02-27 07:00:00,M0057,rr7,4
1946-03-13 07:00:00,M0057,rr7,3
1946-03-17 07:00:00,M0057,rr7,3
1946-03-21 07:00:00,M0057,rr7,9
1946-04-02 07:00:00,M0057,rr7,5
1946-04-22 07:00:00,M0057,rr7,4
1946-05-10 07:00:00,M0057,rr7,10
1946-05-25 07:00:00,M0057,rr7,3
1946-05-29 07:00:00,M0057,rr7,3
1946-06-02 07:00:00,M0057,rr7,6
1946-06-11 07:00:00,M0057,rr7,3
1946-06-16 07:00:00,M0057,rr7,12
1946-06-29 07:00:00,M0057,rr7,29
1946-07-29 07:00:00,M0057,rr7,5
1946-08-04 07:00:00,M0057,rr7,5
1946-08-16 07:00:00,M0057,rr7,8
1946-08-28 07:00:00,M0057,rr7,5
1946-09-05 07:00:00,M0057,rr7,8
1946-09-17 07:00:00,M0057,rr7,13
1946-10-01 07:00:00,M0057,rr7,3
1946-10-09 07:00:00,M0057,rr7,6
1946-10-20 07:00:00,M0057,rr7,10
1946-11-01 07:00:00,M0057,rr7,9
1946-11-12 07:00:00,M0057,rr7,5
1946-11-18 07:00:00,M0057,rr7,4
1946-12-04 07:00:00,M0057,rr7,40
1952-09-01 07:00:00,M0057,rr7,14
1958-08-01 07:00:00,M0057,rr7,3
1960-02-26 07:00:00,M0057,rr7,14
1960-04-04 07:00:00,M0057,rr7,7
1960-05-18 07:00:00,M0057,rr7,33
1966-12-20 07:00:00,M0057,rr7,3
1967-01-01 07:00:00,M0057,rr7,6
1967-05-31 07:00:00,M0057,rr7,3
1968-10-02 07:00:00,M0057,rr7,4
1969-06-14 07:00:00,M0057,rr7,5
1969-07-02 07:00:00,M0057,rr7,3
1969-07-28 07:00:00,M0057,rr7,4
1970-07-27 07:00:00,M0057,rr7,5
1970-12-24 07:00:00,M0057,rr7,7
1971-02-19 07:00:00,M0057,rr7,3
1972-03-25 07:00:00,M0057,rr7,4
1972-04-20 07:00:00,M0057,rr7,3
1972-07-20 07:00:00,M0057,rr7,3
1974-01-02 07:00:00,M0057,rr7,5
1979-10-26 07:00:00,M0057,rr7,3
1984-01-01 07:00:00,M0057,rr7,6
1945-10-04 13:00:00,M0057,rr13,21
1945-10-26 13:00:00,M0057,rr13,285
1946-08-08 13:00:00,M0057,rr13,158
1952-02-02 13:00:00,M0057,rr13,4
1952-09-01 13:00:00,M0057,rr13,14
1958-08-01 13:00:00,M0057,rr13,3
1960-02-26 13:00:00,M0057,rr13,14
1960-04-05 13:00:00,M0057,rr13,6
1960-05-18 13:00:00,M0057,rr13,33
1966-12-19 13:00:00,M0057,rr13,4
1967-01-01 13:00:00,M0057,rr13,6
1967-05-31 13:00:00,M0057,rr13,3
1968-10-02 13:00:00,M0057,rr13,5
1968-12-05 13:00:00,M0057,rr13,4
1968-12-13 13:00:00,M0057,rr13,3
1969-06-14 13:00:00,M0057,rr13,5
1969-06-29 13:00:00,M0057,rr13,8
1969-07-26 13:00:00,M0057,rr13,6
1970-07-27 13:00:00,M0057,rr13,5
1970-12-24 13:00:00,M0057,rr13,7
1971-02-19 13:00:00,M0057,rr13,3
1972-03-25 13:00:00,M0057,rr13,4
1972-07-20 13:00:00,M0057,rr13,3
1974-01-02 13:00:00,M0057,rr13,5
1979-10-26 13:00:00,M0057,rr13,3
1984-01-01 13:00:00,M0057,rr13,6
1945-10-04 19:00:00,M0057,rr19,21
1945-10-26 19:00:00,M0057,rr19,359
1946-10-21 19:00:00,M0057,rr19,84
1951-11-15 19:00:00,M0057,rr19,4
1951-11-25 19:00:00,M0057,rr19,4
1952-01-25 19:00:00,M0057,rr19,5
1952-02-02 19:00:00,M0057,rr19,9
1952-02-25 19:00:00,M0057,rr19,4
1952-03-23 19:00:00,M0057,rr19,3
1952-04-17 19:00:00,M0057,rr19,6
1952-05-04 19:00:00,M0057,rr19,13
1952-06-01 19:00:00,M0057,rr19,4
1952-07-07 19:00:00,M0057,rr19,3
1952-08-09 19:00:00,M0057,rr19,4
1952-09-01 19:00:00,M0057,rr19,14
1952-11-26 19:00:00,M0057,rr19,4
1958-08-01 19:00:00,M0057,rr19,11
1960-02-26 19:00:00,M0057,rr19,14
1960-04-04 19:00:00,M0057,rr19,7
1960-05-18 19:00:00,M0057,rr19,33
1961-03-17 19:00:00,M0057,rr19,3
1966-07-15 19:00:00,M0057,rr19,3
1966-12-19 19:00:00,M0057,rr19,4
1967-01-01 19:00:00,M0057,rr19,6
1967-05-31 19:00:00,M0057,rr19,3
1968-10-01 19:00:00,M0057,rr19,6
1968-12-05 19:00:00,M0057,rr19,4
1968-12-13 19:00:00,M0057,rr19,3
1968-12-24 19:00:00,M0057,rr19,3
1969-01-04 19:00:00,M0057,rr19,3
1969-06-14 19:00:00,M0057,rr19,5
1969-07-01 19:00:00,M0057,rr19,6
1969-07-26 19:00:00,M0057,rr19,6
1969-10-25 19:00:00,M0057,rr19,3
1970-01-11 19:00:00,M0057,rr19,3
1970-07-27 19:00:00,M0057,rr19,5
1970-12-24 19:00:00,M0057,rr19,7
1971-02-19 19:00:00,M0057,rr19,3
1971-12-22 19:00:00,M0057,rr19,3
1972-03-25 19:00:00,M0057,rr19,4
1972-07-20 19:00:00,M0057,rr19,3
1974-01-02 19:00:00,M0057,rr19,5
1977-09-25 19:00:00,M0057,rr19,3
1979-10-26 19:00:00,M0057,rr19,3
1984-01-01 19:00:00,M0057,rr19,6
1969-03-01 07:00:00,M0058,rr7,13
1969-07-01 07:00:00,M0058,rr7,9
1975-03-29 07:00:00,M0058,rr7,4
1975-07-17 07:00:00,M0058,rr7,3
1975-10-30 07:00:00,M0058,rr7,6
1976-12-21 07:00:00,M0058,rr7,4
1977-02-17 07:00:00,M0058,rr7,3
1977-05-06 07:00:00,M0058,rr7,4
1977-05-15 07:00:00,M0058,rr7,4
1977-05-20 07:00:00,M0058,rr7,5
1981-09-26 07:00:00,M0058,rr7,5
1982-02-26 07:00:00,M0058,rr7,3
1985-04-01 07:00:00,M0058,rr7,30
1967-07-01 13:00:00,M0058,rr13,190
1969-01-10 13:00:00,M0058,rr13,89
1969-04-10 13:00:00,M0058,rr13,6
1969-04-17 13:00:00,M0058,rr13,260
1970-10-24 13:00:00,M0058,rr13,3
1970-11-01 13:00:00,M0058,rr13,6
1970-11-09 13:00:00,M0058,rr13,23
1970-12-05 13:00:00,M0058,rr13,5
1970-12-11 13:00:00,M0058,rr13,21
1971-10-24 13:00:00,M0058,rr13,6
1975-03-29 13:00:00,M0058,rr13,4
1975-07-17 13:00:00,M0058,rr13,4
1975-07-31 13:00:00,M0058,rr13,3
1975-10-30 13:00:00,M0058,rr13,6
1976-12-21 13:00:00,M0058,rr13,4
1977-02-17 13:00:00,M0058,rr13,3
1977-05-06 13:00:00,M0058,rr13,4
1977-05-15 13:00:00,M0058,rr13,4
1977-05-20 13:00:00,M0058,rr13,5
1981-09-26 13:00:00,M0058,rr13,5
1982-02-26 13:00:00,M0058,rr13,3
1985-04-01 13:00:00,M0058,rr13,30
1967-07-01 19:00:00,M0058,rr19,190
1969-01-10 19:00:00,M0058,rr19,89
1969-04-10 19:00:00,M0058,rr19,6
1969-04-17 19:00:00,M0058,rr19,259
1970-10-01 19:00:00,M0058,rr19,26
1970-11-01 19:00:00,M0058,rr19,61
1974-07-01 19:00:00,M0058,rr19,883
1977-04-01 19:00:00,M0058,rr19,91
1981-09-26 19:00:00,M0058,rr19,5
1982-02-26 19:00:00,M0058,rr19,3
1985-04-01 19:00:00,M0058,rr19,30
1945-09-01 07:00:00,M0059,rr7,19
1945-09-21 07:00:00,M0059,rr7,4
1945-09-26 07:00:00,M0059,rr7,7
1945-10-04 07:00:00,M0059,rr7,54
1945-12-14 07:00:00,M0059,rr7,9
1945-12-28 07:00:00,M0059,rr7,4
1946-01-07 07:00:00,M0059,rr7,11
1946-01-19 07:00:00,M0059,rr7,5
1946-01-26 07:00:00,M0059,rr7,17
1946-02-14 07:00:00,M0059,rr7,4
1946-02-20 07:00:00,M0059,rr7,16
1946-03-10 07:00:00,M0059,rr7,49
1946-05-06 07:00:00,M0059,rr7,3
1946-05-11 07:00:00,M0059,rr7,8
1946-05-20 07:00:00,M0059,rr7,3
1946-05-24 07:00:00,M0059,rr7,22
1946-06-16 07:00:00,M0059,rr7,125
1946-10-20 07:00:00,M0059,rr7,3
1946-10-24 07:00:00,M0059,rr7,7
1946-11-01 07:00:00,M0059,rr7,62
1947-01-03 07:00:00,M0059,rr7,19
1947-01-23 07:00:00,M0059,rr7,15
1947-02-08 07:00:00,M0059,rr7,117
1947-06-06 07:00:00,M0059,rr7,9
1947-06-16 07:00:00,M0059,rr7,15
1951-09-01 07:00:00,M0059,rr7,34
1951-11-11 07:00:00,M0059,rr7,5
1958-12-28 07:00:00,M0059,rr7,4
1959-08-09 07:00:00,M0059,rr7,8
1960-03-01 07:00:00,M0059,rr7,23
1969-05-08 07:00:00,M0059,rr7,5
1969-05-14 07:00:00,M0059,rr7,5
1969-05-23 07:00:00,M0059,rr7,6
1969-06-19 07:00:00,M0059,rr7,6
1969-06-27 07:00:00,M0059,rr7,3
1969-07-02 07:00:00,M0059,rr7,6
1969-07-09 07:00:00,M0059,rr7,7
1969-07-19 07:00:00,M0059,rr7,4
1969-07-25 07:00:00,M0059,rr7,6
1969-08-03 07:00:00,M0059,rr7,3
1969-08-09 07:00:00,M0059,rr7,7
1969-08-22 07:00:00,M0059,rr7,17
1969-09-16 07:00:00,M0059,rr7,3
1969-09-25 07:00:00,M0059,rr7,4
1969-10-01 07:00:00,M0059,rr7,13
1969-10-16 07:00:00,M0059,rr7,18
1969-11-12 07:00:00,M0059,rr7,3
1969-11-16 07:00:00,M0059,rr7,6
1969-11-23 07:00:00,M0059,rr7,3
1969-11-30 07:00:00,M0059,rr7,7
1969-12-24 07:00:00,M0059,rr7,5
1970-01-10 07:00:00,M0059,rr7,3
1970-01-22 07:00:00,M0059,rr7,11
1970-02-05 07:00:00,M0059,rr7,3
1970-02-22 07:00:00,M0059,rr7,3
1970-03-09 07:00:00,M0059,rr7,3
1970-03-14 07:00:00,M0059,rr7,5
1970-03-29 07:00:00,M0059,rr7,6
1970-04-08 07:00:00,M0059,rr7,4
1970-04-23 07:00:00,M0059,rr7,3
1970-04-27 07:00:00,M0059,rr7,5
1970-05-09 07:00:00,M0059,rr7,4
1970-06-13 07:00:00,M0059,rr7,3
1970-06-20 07:00:00,M0059,rr7,6
1970-06-27 07:00:00,M0059,rr7,18
1970-07-19 07:00:00,M0059,rr7,9
1970-07-29 07:00:00,M0059,rr7,3
1970-08-02 07:00:00,M0059,rr7,13
1970-08-18 07:00:00,M0059,rr7,11
1970-09-05 07:00:00,M0059,rr7,3
1970-09-10 07:00:00,M0059,rr7,4
1970-09-15 07:00:00,M0059,rr7,6
1970-09-27 07:00:00,M0059,rr7,4
1970-10-12 07:00:00,M0059,rr7,8
1970-10-23 07:00:00,M0059,rr7,3
1970-12-08 07:00:00,M0059,rr7,3
1970-12-12 07:00:00,M0059,rr7,3
1970-12-23 07:00:00,M0059,rr7,3
1970-12-27 07:00:00,M0059,rr7,3
1971-01-03 07:00:00,M0059,rr7,3
1971-01-07 07:00:00,M0059,rr7,14
1971-01-22 07:00:00,M0059,rr7,12
1971-02-13 07:00:00,M0059,rr7,6
1972-01-01 07:00:00,M0059,rr7,5
1974-03-16 07:00:00,M0059,rr7,3
1980-02-27 07:00:00,M0059,rr7,6
1983-03-06 07:00:00,M0059,rr7,9
1945-09-01 13:00:00,M0059,rr13,13
1945-09-17 13:00:00,M0059,rr13,21
1945-10-09 13:00:00,M0059,rr13,10
1945-10-20 13:00:00,M0059,rr13,5
1945-10-27 13:00:00,M0059,rr13,11
1945-11-08 13:00:00,M0059,rr13,8
1945-11-18 13:00:00,M0059,rr13,25
1945-12-14 13:00:00,M0059,rr13,334
1946-11-14 13:00:00,M0059,rr13,4
1946-11-24 13:00:00,M0059,rr13,3
1946-11-30 13:00:00,M0059,rr13,52
1947-01-22 13:00:00,M0059,rr13,60
1947-03-24 13:00:00,M0059,rr13,7
1947-04-01 13:00:00,M0059,rr13,63
1947-06-06 13:00:00,M0059,rr13,25
1950-09-13 13:00:00,M0059,rr13,6
1950-09-20 13:00:00,M0059,rr13,14
1950-10-26 13:00:00,M0059,rr13,25
1951-09-01 13:00:00,M0059,rr13,34
1951-10-12 13:00:00,M0059,rr13,3
1951-10-17 13:00:00,M0059,rr13,3
1951-10-21 13:00:00,M0059,rr13,42
1957-11-28 13:00:00,M0059,rr13,3
1958-12-28 13:00:00,M0059,rr13,4
1959-08-09 13:00:00,M0059,rr13,8
1960-03-01 13:00:00,M0059,rr13,23
1960-09-30 13:00:00,M0059,rr13,3
1969-04-26 13:00:00,M0059,rr13,4
1969-05-01 13:00:00,M0059,rr13,3
1969-05-05 13:00:00,M0059,rr13,7
1969-05-15 13:00:00,M0059,rr13,7
1969-05-28 13:00:00,M0059,rr13,6
1969-06-06 13:00:00,M0059,rr13,3
1969-06-19 13:00:00,M0059,rr13,5
1969-06-27 13:00:00,M0059,rr13,3
1969-07-01 13:00:00,M0059,rr13,21
1969-07-24 13:00:00,M0059,rr13,22
1969-08-17 13:00:00,M0059,rr13,4
1969-08-22 13:00:00,M0059,rr13,13
1969-09-05 13:00:00,M0059,rr13,3
1969-09-12 13:00:00,M0059,rr13,3
1969-09-16 13:00:00,M0059,rr13,3
1969-09-21 13:00:00,M0059,rr13,50
1969-11-11 13:00:00,M0059,rr13,46
1969-12-28 13:00:00,M0059,rr13,3
1970-01-08 13:00:00,M0059,rr13,6
1970-01-15 13:00:00,M0059,rr13,10
1970-01-26 13:00:00,M0059,rr13,9
1970-02-11 13:00:00,M0059,rr13,5
1970-02-21 13:00:00,M0059,rr13,8
1970-03-03 13:00:00,M0059,rr13,8
1970-03-12 13:00:00,M0059,rr13,10
1970-03-27 13:00:00,M0059,rr13,9
1970-04-06 13:00:00,M0059,rr13,9
1970-04-16 13:00:00,M0059,rr13,15
1970-05-02 13:00:00,M0059,rr13,5
1970-05-11 13:00:00,M0059,rr13,4
1970-05-16 13:00:00,M0059,rr13,8
1970-06-02 13:00:00,M0059,rr13,4
1970-06-07 13:00:00,M0059,rr13,3
1970-06-13 13:00:00,M0059,rr13,3
1970-06-17 13:00:00,M0059,rr13,5
1970-06-26 13:00:00,M0059,rr13,22
1970-07-19 13:00:00,M0059,rr13,15
1970-08-07 13:00:00,M0059,rr13,8
1970-08-16 13:00:00,M0059,rr13,9
1970-08-26 13:00:00,M0059,rr13,4
1970-09-01 13:00:00,M0059,rr13,8
1970-09-10 13:00:00,M0059,rr13,6
1970-09-17 13:00:00,M0059,rr13,5
1970-09-28 13:00:00,M0059,rr13,10
1970-10-11 13:00:00,M0059,rr13,15
1970-10-30 13:00:00,M0059,rr13,4
1970-11-05 13:00:00,M0059,rr13,14
1970-11-20 13:00:00,M0059,rr13,14
1970-12-05 13:00:00,M0059,rr13,15
1970-12-21 13:00:00,M0059,rr13,8
1971-01-02 13:00:00,M0059,rr13,34
1971-02-21 13:00:00,M0059,rr13,5
1972-01-01 13:00:00,M0059,rr13,5
1974-03-08 13:00:00,M0059,rr13,3
1974-03-15 13:00:00,M0059,rr13,4
1975-02-09 13:00:00,M0059,rr13,3
1976-01-07 13:00:00,M0059,rr13,3
1977-10-07 13:00:00,M0059,rr13,3
1977-10-28 13:00:00,M0059,rr13,3
1977-11-11 13:00:00,M0059,rr13,3
1979-01-13 13:00:00,M0059,rr13,3
1979-01-26 13:00:00,M0059,rr13,3
1980-02-27 13:00:00,M0059,rr13,6
1983-03-06 13:00:00,M0059,rr13,9
1945-09-03 19:00:00,M0059,rr19,26
1945-10-03 19:00:00,M0059,rr19,6
1945-10-12 19:00:00,M0059,rr19,11
1945-10-27 19:00:00,M0059,rr19,3
1945-10-31 19:00:00,M0059,rr19,5
1945-11-06 19:00:00,M0059,rr19,9
1945-11-16 19:00:00,M0059,rr19,27
1945-12-14 19:00:00,M0059,rr19,347
1946-11-27 19:00:00,M0059,rr19,23
1946-12-21 19:00:00,M0059,rr19,54
1947-02-16 19:00:00,M0059,rr19,4
1947-02-23 19:00:00,M0059,rr19,24
1947-03-23 19:00:00,M0059,rr19,3
1947-03-27 19:00:00,M0059,rr19,17
1947-04-14 19:00:00,M0059,rr19,41
1947-05-26 19:00:00,M0059,rr19,18
1947-06-14 19:00:00,M0059,rr19,17
1950-09-13 19:00:00,M0059,rr19,5
1950-09-20 19:00:00,M0059,rr19,14
1950-10-26 19:00:00,M0059,rr19,25
1951-09-01 19:00:00,M0059,rr19,34
1951-10-12 19:00:00,M0059,rr19,4
1951-10-17 19:00:00,M0059,rr19,22
1951-11-09 19:00:00,M0059,rr19,23
1957-11-28 19:00:00,M0059,rr19,4
1958-12-28 19:00:00,M0059,rr19,4
1959-08-09 19:00:00,M0059,rr19,8
1960-03-01 19:00:00,M0059,rr19,23
1960-09-30 19:00:00,M0059,rr19,3
1969-04-18 19:00:00,M0059,rr19,3
1969-04-26 19:00:00,M0059,rr19,4
1969-05-07 19:00:00,M0059,rr19,7
1969-05-15 19:00:00,M0059,rr19,4
1969-05-21 19:00:00,M0059,rr19,7
1969-05-29 19:00:00,M0059,rr19,4
1969-06-04 19:00:00,M0059,rr19,6
1969-06-14 19:00:00,M0059,rr19,4
1969-06-19 19:00:00,M0059,rr19,5
1969-06-27 19:00:00,M0059,rr19,3
1969-07-01 19:00:00,M0059,rr19,7
1969-07-09 19:00:00,M0059,rr19,14
1969-07-24 19:00:00,M0059,rr19,13
1969-08-07 19:00:00,M0059,rr19,9
1969-08-17 19:00:00,M0059,rr19,14
1969-09-01 19:00:00,M0059,rr19,8
1969-09-12 19:00:00,M0059,rr19,3
1969-09-16 19:00:00,M0059,rr19,12
1969-09-30 19:00:00,M0059,rr19,35
1969-11-09 19:00:00,M0059,rr19,6
1969-11-19 19:00:00,M0059,rr19,5
1969-11-28 19:00:00,M0059,rr19,9
1969-12-23 19:00:00,M0059,rr19,6
1970-01-04 19:00:00,M0059,rr19,9
1970-01-16 19:00:00,M0059,rr19,3
1970-01-26 19:00:00,M0059,rr19,6
1970-02-11 19:00:00,M0059,rr19,5
1970-02-21 19:00:00,M0059,rr19,4
1970-03-08 19:00:00,M0059,rr19,14
1970-03-24 19:00:00,M0059,rr19,18
1970-04-17 19:00:00,M0059,rr19,10
1970-04-30 19:00:00,M0059,rr19,7
1970-05-08 19:00:00,M0059,rr19,7
1970-05-21 19:00:00,M0059,rr19,3
1970-05-29 19:00:00,M0059,rr19,8
1970-06-07 19:00:00,M0059,rr19,5
1970-06-13 19:00:00,M0059,rr19,9
1970-06-24 19:00:00,M0059,rr19,52
1970-08-16 19:00:00,M0059,rr19,5
1970-08-22 19:00:00,M0059,rr19,3
1970-08-26 19:00:00,M0059,rr19,3
1970-08-31 19:00:00,M0059,rr19,3
1970-09-04 19:00:00,M0059,rr19,6
1970-09-11 19:00:00,M0059,rr19,11
1970-09-24 19:00:00,M0059,rr19,6
1970-10-01 19:00:00,M0059,rr19,3
1970-10-11 19:00:00,M0059,rr19,5
1970-10-17 19:00:00,M0059,rr19,10
1970-11-30 19:00:00,M0059,rr19,3
1970-12-04 19:00:00,M0059,rr19,3
1970-12-11 19:00:00,M0059,rr19,4
1970-12-17 19:00:00,M0059,rr19,3
1970-12-22 19:00:00,M0059,rr19,43
1971-02-12 19:00:00,M0059,rr19,6
1971-02-21 19:00:00,M0059,rr19,7
1971-11-01 19:00:00,M0059,rr19,11
1971-11-14 19:00:00,M0059,rr19,26
1972-01-11 19:00:00,M0059,rr19,22
1972-02-25 19:00:00,M0059,rr19,4
1972-12-05 19:00:00,M0059,rr19,3
1972-12-23 19:00:00,M0059,rr19,3
1972-12-30 19:00:00,M0059,rr19,3
1973-11-15 19:00:00,M0059,rr19,8
1974-03-01 19:00:00,M0059,rr19,25
1974-05-04 19:00:00,M0059,rr19,5
1974-05-17 19:00:00,M0059,rr19,8
1974-07-19 19:00:00,M0059,rr19,3
1974-09-11 19:00:00,M0059,rr19,5
1974-11-01 19:00:00,M0059,rr19,4
1974-11-13 19:00:00,M0059,rr19,26
1975-01-16 19:00:00,M0059,rr19,29
1976-01-07 19:00:00,M0059,rr19,3
1976-04-12 19:00:00,M0059,rr19,3
1977-04-28 19:00:00,M0059,rr19,5
1977-10-08 19:00:00,M0059,rr19,3
1977-10-28 19:00:00,M0059,rr19,3
1977-11-18 19:00:00,M0059,rr19,3
1978-01-29 19:00:00,M0059,rr19,3
1978-02-22 19:00:00,M0059,rr19,6
1978-03-03 19:00:00,M0059,rr19,5
1978-04-17 19:00:00,M0059,rr19,4
1978-05-19 19:00:00,M0059,rr19,3
1978-06-02 19:00:00,M0059,rr19,3
1978-06-17 19:00:00,M0059,rr19,3
1978-12-01 19:00:00,M0059,rr19,4
1978-12-14 19:00:00,M0059,rr19,3
1979-01-13 19:00:00,M0059,rr19,3
1979-06-04 19:00:00,M0059,rr19,3
1979-09-14 19:00:00,M0059,rr19,3
1979-10-11 19:00:00,M0059,rr19,4
1979-12-15 19:00:00,M0059,rr19,3
1980-02-26 19:00:00,M0059,rr19,7
1980-11-15 19:00:00,M0059,rr19,3
1983-03-06 19:00:00,M0059,rr19,9
1979-01-10 07:00:00,M0062,rr7,6
1979-02-09 07:00:00,M0062,rr7,4
1979-01-10 13:00:00,M0062,rr13,6
1979-02-09 13:00:00,M0062,rr13,4
1979-01-09 19:00:00,M0062,rr19,7
1979-02-09 19:00:00,M0062,rr19,4
1960-06-01 07:00:00,M0063,rr7,184
1965-11-20 07:00:00,M0063,rr7,3
1968-10-22 07:00:00,M0063,rr7,4
1970-05-31 07:00:00,M0063,rr7,5
1970-07-16 07:00:00,M0063,rr7,3
1971-07-08 07:00:00,M0063,rr7,5
1973-04-20 07:00:00,M0063,rr7,4
1973-05-27 07:00:00,M0063,rr7,4
1973-07-24 07:00:00,M0063,rr7,3
1973-09-26 07:00:00,M0063,rr7,4
1974-06-29 07:00:00,M0063,rr7,3
1975-03-09 07:00:00,M0063,rr7,3
1975-09-07 07:00:00,M0063,rr7,3
1976-11-20 07:00:00,M0063,rr7,3
1977-03-17 07:00:00,M0063,rr7,3
1977-12-20 07:00:00,M0063,rr7,4
1978-05-21 07:00:00,M0063,rr7,4
1978-10-01 07:00:00,M0063,rr7,4
1979-07-02 07:00:00,M0063,rr7,3
1960-06-01 13:00:00,M0063,rr13,184
1965-12-24 13:00:00,M0063,rr13,3
1967-03-23 13:00:00,M0063,rr13,4
1968-10-22 13:00:00,M0063,rr13,4
1970-01-01 13:00:00,M0063,rr13,4
1971-02-20 13:00:00,M0063,rr13,3
1972-12-03 13:00:00,M0063,rr13,3
1973-04-20 13:00:00,M0063,rr13,4
1973-07-21 13:00:00,M0063,rr13,4
1973-08-20 13:00:00,M0063,rr13,3
1973-09-27 13:00:00,M0063,rr13,4
1974-02-16 13:00:00,M0063,rr13,3
1974-12-19 13:00:00,M0063,rr13,3
1975-01-01 13:00:00,M0063,rr13,3
1975-01-12 13:00:00,M0063,rr13,6
1975-03-01 13:00:00,M0063,rr13,3
1976-01-20 13:00:00,M0063,rr13,4
1976-02-20 13:00:00,M0063,rr13,3
1976-02-26 13:00:00,M0063,rr13,4
1976-03-13 13:00:00,M0063,rr13,3
1976-03-24 13:00:00,M0063,rr13,3
1976-06-08 13:00:00,M0063,rr13,3
1976-07-10 13:00:00,M0063,rr13,3
1976-07-15 13:00:00,M0063,rr13,3
1976-07-31 13:00:00,M0063,rr13,3
1976-12-10 13:00:00,M0063,rr13,3
1977-01-17 13:00:00,M0063,rr13,3
1977-02-12 13:00:00,M0063,rr13,5
1977-03-16 13:00:00,M0063,rr13,4
1977-04-11 13:00:00,M0063,rr13,3
1977-05-31 13:00:00,M0063,rr13,3
1978-03-18 13:00:00,M0063,rr13,3
1978-04-09 13:00:00,M0063,rr13,3
1978-10-02 13:00:00,M0063,rr13,3
1960-06-01 19:00:00,M0063,rr19,184
1967-03-23 19:00:00,M0063,rr19,4
1967-07-21 19:00:00,M0063,rr19,4
1968-02-10 19:00:00,M0063,rr19,3
1968-02-24 19:00:00,M0063,rr19,3
1968-06-21 19:00:00,M0063,rr19,3
1968-10-21 19:00:00,M0063,rr19,5
1969-11-14 19:00:00,M0063,rr19,4
1972-01-06 19:00:00,M0063,rr19,3
1972-04-29 19:00:00,M0063,rr19,3
1972-06-06 19:00:00,M0063,rr19,5
1972-07-10 19:00:00,M0063,rr19,3
1972-07-22 19:00:00,M0063,rr19,3
1972-08-10 19:00:00,M0063,rr19,3
1972-10-01 19:00:00,M0063,rr19,5
1972-11-20 19:00:00,M0063,rr19,3
1973-02-22 19:00:00,M0063,rr19,3
1973-04-09 19:00:00,M0063,rr19,3
1973-04-20 19:00:00,M0063,rr19,4
1973-09-21 19:00:00,M0063,rr19,3
1973-09-27 19:00:00,M0063,rr19,4
1973-10-06 19:00:00,M0063,rr19,4
1974-11-21 19:00:00,M0063,rr19,3
1975-12-01 19:00:00,M0063,rr19,10
1976-10-06 19:00:00,M0063,rr19,4
1977-02-10 19:00:00,M0063,rr19,3
1977-09-25 19:00:00,M0063,rr19,3
1979-06-14 19:00:00,M0063,rr19,3
1957-09-23 07:00:00,M0064,rr7,3
1958-01-01 07:00:00,M0064,rr7,13
1958-03-29 07:00:00,M0064,rr7,9
1958-07-29 07:00:00,M0064,rr7,3
1959-03-09 07:00:00,M0064,rr7,4
1959-07-28 07:00:00,M0064,rr7,6
1960-01-01 07:00:00,M0064,rr7,31
1960-07-20 07:00:00,M0064,rr7,18
1970-01-01 07:00:00,M0064,rr7,4
1985-12-28 07:00:00,M0064,rr7,10
1986-03-26 07:00:00,M0064,rr7,5
1956-07-01 13:00:00,M0064,rr13,5
1957-01-26 13:00:00,M0064,rr13,4
1957-09-23 13:00:00,M0064,rr13,3
1957-12-27 13:00:00,M0064,rr13,3
1957-12-31 13:00:00,M0064,rr13,14
1958-01-29 13:00:00,M0064,rr13,3
1958-03-29 13:00:00,M0064,rr13,9
1958-07-27 13:00:00,M0064,rr13,5
1959-03-09 13:00:00,M0064,rr13,4
1959-07-25 13:00:00,M0064,rr13,9
1960-01-01 13:00:00,M0064,rr13,31
1960-07-19 13:00:00,M0064,rr13,15
1960-11-28 13:00:00,M0064,rr13,3
1970-01-01 13:00:00,M0064,rr13,4
1977-02-10 13:00:00,M0064,rr13,3
1977-04-07 13:00:00,M0064,rr13,4
1985-12-28 13:00:00,M0064,rr13,10
1986-03-26 13:00:00,M0064,rr13,5
1956-07-01 19:00:00,M0064,rr19,4
1957-07-19 19:00:00,M0064,rr19,3
1957-09-23 19:00:00,M0064,rr19,3
1957-12-31 19:00:00,M0064,rr19,14
1958-01-29 19:00:00,M0064,rr19,3
1958-03-29 19:00:00,M0064,rr19,9
1958-07-27 19:00:00,M0064,rr19,5
1959-03-09 19:00:00,M0064,rr19,4
1959-07-25 19:00:00,M0064,rr19,9
1960-01-01 19:00:00,M0064,rr19,31
1960-07-19 19:00:00,M0064,rr19,19
1960-11-28 19:00:00,M0064,rr19,3
1964-06-18 19:00:00,M0064,rr19,11
1970-01-01 19:00:00,M0064,rr19,4
1977-02-10 19:00:00,M0064,rr19,3
1977-04-07 19:00:00,M0064,rr19,4
1979-08-09 19:00:00,M0064,rr19,3
1985-12-28 19:00:00,M0064,rr19,10
1986-03-26 19:00:00,M0064,rr19,5
1966-01-01 07:00:00,M0066,rr7,12
1966-07-13 07:00:00,M0066,rr7,5
1967-08-01 07:00:00,M0066,rr7,15
1967-09-04 07:00:00,M0066,rr7,7
1967-12-31 07:00:00,M0066,rr7,8
1968-04-26 07:00:00,M0066,rr7,26
1968-09-19 07:00:00,M0066,rr7,22
1968-12-04 07:00:00,M0066,rr7,3
1968-12-30 07:00:00,M0066,rr7,7
1969-04-07 07:00:00,M0066,rr7,3
1969-06-12 07:00:00,M0066,rr7,8
1969-06-23 07:00:00,M0066,rr7,5
1969-09-12 07:00:00,M0066,rr7,3
1970-01-29 07:00:00,M0066,rr7,3
1970-03-04 07:00:00,M0066,rr7,3
1970-03-10 07:00:00,M0066,rr7,4
1970-03-22 07:00:00,M0066,rr7,6
1970-07-01 07:00:00,M0066,rr7,8
1970-10-22 07:00:00,M0066,rr7,3
1970-11-20 07:00:00,M0066,rr7,3
1971-02-26 07:00:00,M0066,rr7,3
1971-04-16 07:00:00,M0066,rr7,5
1971-07-11 07:00:00,M0066,rr7,3
1971-08-06 07:00:00,M0066,rr7,4
1971-10-15 07:00:00,M0066,rr7,4
1971-12-03 07:00:00,M0066,rr7,3
1971-12-31 07:00:00,M0066,rr7,4
1972-01-28 07:00:00,M0066,rr7,3
1972-03-03 07:00:00,M0066,rr7,4
1972-09-22 07:00:00,M0066,rr7,3
1973-08-06 07:00:00,M0066,rr7,4
1973-09-13 07:00:00,M0066,rr7,4
1973-10-05 07:00:00,M0066,rr7,4
1977-05-27 07:00:00,M0066,rr7,3
1978-09-27 07:00:00,M0066,rr7,13
1979-03-09 07:00:00,M0066,rr7,3
1985-12-21 07:00:00,M0066,rr7,8
1966-01-01 13:00:00,M0066,rr13,12
1966-04-08 13:00:00,M0066,rr13,3
1966-07-13 13:00:00,M0066,rr13,5
1967-08-01 13:00:00,M0066,rr13,15
1967-09-03 13:00:00,M0066,rr13,8
1967-09-29 13:00:00,M0066,rr13,3
1967-12-31 13:00:00,M0066,rr13,8
1968-04-26 13:00:00,M0066,rr13,26
1968-09-20 13:00:00,M0066,rr13,21
1968-12-04 13:00:00,M0066,rr13,3
1968-12-30 13:00:00,M0066,rr13,7
1969-04-07 13:00:00,M0066,rr13,3
1969-06-12 13:00:00,M0066,rr13,8
1969-06-23 13:00:00,M0066,rr13,3
1969-09-12 13:00:00,M0066,rr13,3
1970-01-29 13:00:00,M0066,rr13,3
1970-03-04 13:00:00,M0066,rr13,3
1970-03-10 13:00:00,M0066,rr13,4
1970-03-22 13:00:00,M0066,rr13,6
1970-07-01 13:00:00,M0066,rr13,8
1970-10-22 13:00:00,M0066,rr13,3
1970-11-20 13:00:00,M0066,rr13,3
1971-02-26 13:00:00,M0066,rr13,3
1971-04-16 13:00:00,M0066,rr13,5
1971-08-06 13:00:00,M0066,rr13,3
1971-10-15 13:00:00,M0066,rr13,3
1971-12-03 13:00:00,M0066,rr13,3
1971-12-31 13:00:00,M0066,rr13,4
1972-01-28 13:00:00,M0066,rr13,3
1972-03-03 13:00:00,M0066,rr13,4
1972-09-22 13:00:00,M0066,rr13,3
1972-12-15 13:00:00,M0066,rr13,3
1973-10-05 13:00:00,M0066,rr13,3
1978-09-27 13:00:00,M0066,rr13,13
1979-03-09 13:00:00,M0066,rr13,3
1985-12-21 13:00:00,M0066,rr13,8
1965-11-30 19:00:00,M0066,rr19,13
1966-02-20 19:00:00,M0066,rr19,3
1966-07-13 19:00:00,M0066,rr19,5
1967-08-01 19:00:00,M0066,rr19,15
1967-09-02 19:00:00,M0066,rr19,9
1967-09-29 19:00:00,M0066,rr19,5
1967-11-17 19:00:00,M0066,rr19,4
1967-12-30 19:00:00,M0066,rr19,9
1968-04-26 19:00:00,M0066,rr19,27
1968-09-20 19:00:00,M0066,rr19,21
1968-12-04 19:00:00,M0066,rr19,3
1968-12-30 19:00:00,M0066,rr19,7
1969-04-07 19:00:00,M0066,rr19,3
1969-06-12 19:00:00,M0066,rr19,8
1969-06-23 19:00:00,M0066,rr19,3
1969-09-12 19:00:00,M0066,rr19,3
1970-01-29 19:00:00,M0066,rr19,3
1970-03-04 19:00:00,M0066,rr19,3
1970-03-10 19:00:00,M0066,rr19,4
1970-03-22 19:00:00,M0066,rr19,6
1970-07-01 19:00:00,M0066,rr19,8
1970-10-22 19:00:00,M0066,rr19,3
1970-11-20 19:00:00,M0066,rr19,3
1971-02-26 19:00:00,M0066,rr19,3
1971-04-16 19:00:00,M0066,rr19,5
1971-08-06 19:00:00,M0066,rr19,3
1971-10-15 19:00:00,M0066,rr19,3
1971-12-03 19:00:00,M0066,rr19,3
1971-12-30 19:00:00,M0066,rr19,5
1972-01-28 19:00:00,M0066,rr19,3
1972-03-03 19:00:00,M0066,rr19,4
1972-04-14 19:00:00,M0066,rr19,3
1972-06-09 19:00:00,M0066,rr19,3
1972-09-22 19:00:00,M0066,rr19,3
1972-12-15 19:00:00,M0066,rr19,3
1973-10-05 19:00:00,M0066,rr19,3
1973-10-19 19:00:00,M0066,rr19,3
1974-05-02 19:00:00,M0066,rr19,3
1978-09-27 19:00:00,M0066,rr19,13
1979-03-08 19:00:00,M0066,rr19,4
1985-12-21 19:00:00,M0066,rr19,8
1965-08-01 07:00:00,M0067,rr7,10
1977-06-25 07:00:00,M0067,rr7,3
1965-08-01 13:00:00,M0067,rr13,10
1969-05-13 13:00:00,M0067,rr13,3
1977-04-15 13:00:00,M0067,rr13,3
1965-08-01 19:00:00,M0067,rr19,10
1965-11-04 19:00:00,M0067,rr19,4
1969-12-20 19:00:00,M0067,rr19,3
1970-02-16 19:00:00,M0067,rr19,3
1971-01-04 19:00:00,M0067,rr19,3
1971-02-06 19:00:00,M0067,rr19,3
1971-03-20 19:00:00,M0067,rr19,3
1971-04-23 19:00:00,M0067,rr19,3
1976-02-19 19:00:00,M0067,rr19,3
1981-12-19 19:00:00,M0067,rr19,3
1938-05-16 07:00:00,M0103,rr7,16
1938-06-28 07:00:00,M0103,rr7,3
1939-05-16 07:00:00,M0103,rr7,31
1939-09-16 07:00:00,M0103,rr7,15
1940-05-28 07:00:00,M0103,rr7,4
1940-06-16 07:00:00,M0103,rr7,29
1955-10-01 07:00:00,M0103,rr7,3
1955-10-05 07:00:00,M0103,rr7,5
1955-10-11 07:00:00,M0103,rr7,3
1955-10-17 07:00:00,M0103,rr7,3
1955-10-21 07:00:00,M0103,rr7,4
1955-10-26 07:00:00,M0103,rr7,4
1955-11-06 07:00:00,M0103,rr7,5
1955-11-13 07:00:00,M0103,rr7,3
1955-12-09 07:00:00,M0103,rr7,3
1955-12-22 07:00:00,M0103,rr7,9
1956-01-01 07:00:00,M0103,rr7,6
1956-01-08 07:00:00,M0103,rr7,14
1956-01-30 07:00:00,M0103,rr7,7
1956-02-07 07:00:00,M0103,rr7,15
1956-02-24 07:00:00,M0103,rr7,3
1956-03-02 07:00:00,M0103,rr7,3
1956-03-13 07:00:00,M0103,rr7,4
1956-03-23 07:00:00,M0103,rr7,13
1956-04-06 07:00:00,M0103,rr7,4
1956-04-30 07:00:00,M0103,rr7,4
1956-05-09 07:00:00,M0103,rr7,5
1956-06-01 07:00:00,M0103,rr7,3
1956-07-12 07:00:00,M0103,rr7,4
1956-07-20 07:00:00,M0103,rr7,3
1956-08-30 07:00:00,M0103,rr7,4
1956-10-28 07:00:00,M0103,rr7,3
1956-11-01 07:00:00,M0103,rr7,5
1956-11-17 07:00:00,M0103,rr7,4
1956-11-24 07:00:00,M0103,rr7,9
1957-01-05 07:00:00,M0103,rr7,7
1957-01-16 07:00:00,M0103,rr7,9
1957-01-28 07:00:00,M0103,rr7,5
1957-02-03 07:00:00,M0103,rr7,9
1957-02-28 07:00:00,M0103,rr7,3
1957-03-11 07:00:00,M0103,rr7,4
1957-03-23 07:00:00,M0103,rr7,11
1957-05-05 07:00:00,M0103,rr7,4
1957-05-23 07:00:00,M0103,rr7,4
1957-06-06 07:00:00,M0103,rr7,5
1957-06-20 07:00:00,M0103,rr7,7
1957-06-28 07:00:00,M0103,rr7,26
1974-06-01 07:00:00,M0103,rr7,19
1975-09-22 07:00:00,M0103,rr7,9
2017-02-06 07:00:00,M0103,rr7,7
2017-03-26 07:00:00,M0103,rr7,9
2020-02-22 07:00:00,M0103,rr7,5
2020-12-22 07:00:00,M0103,rr7,15
2021-07-20 07:00:00,M0103,rr7,15
2021-12-18 07:00:00,M0103,rr7,17
2022-02-26 07:00:00,M0103,rr7,3
2022-03-19 07:00:00,M0103,rr7,16
2022-06-04 07:00:00,M0103,rr7,17
2022-12-19 07:00:00,M0103,rr7,15
2023-02-18 07:00:00,M0103,rr7,4
1938-05-16 13:00:00,M0103,rr13,16
1938-06-28 13:00:00,M0103,rr13,3
1939-05-16 13:00:00,M0103,rr13,31
1939-09-16 13:00:00,M0103,rr13,15
1940-05-28 13:00:00,M0103,rr13,4
1940-06-16 13:00:00,M0103,rr13,29
1955-10-01 13:00:00,M0103,rr13,12
1955-10-16 13:00:00,M0103,rr13,475
1957-02-03 13:00:00,M0103,rr13,171
1974-06-01 13:00:00,M0103,rr13,18
1975-09-22 13:00:00,M0103,rr13,9
2017-02-06 13:00:00,M0103,rr13,7
2017-03-25 13:00:00,M0103,rr13,9
2020-02-22 13:00:00,M0103,rr13,4
2020-12-22 13:00:00,M0103,rr13,14
2021-07-20 13:00:00,M0103,rr13,15
2021-12-18 13:00:00,M0103,rr13,17
2022-03-19 13:00:00,M0103,rr13,16
2022-06-04 13:00:00,M0103,rr13,16
2022-12-19 13:00:00,M0103,rr13,15
2023-02-18 13:00:00,M0103,rr13,4
1938-05-16 19:00:00,M0103,rr19,16
1938-06-28 19:00:00,M0103,rr19,3
1939-05-16 19:00:00,M0103,rr19,31
1939-09-16 19:00:00,M0103,rr19,15
1940-05-28 19:00:00,M0103,rr19,4
1940-06-16 19:00:00,M0103,rr19,29
1955-10-02 19:00:00,M0103,rr19,6
1955-10-09 19:00:00,M0103,rr19,482
1957-02-03 19:00:00,M0103,rr19,171
1974-06-01 19:00:00,M0103,rr19,18
1975-09-22 19:00:00,M0103,rr19,9
2017-02-06 19:00:00,M0103,rr19,7
2017-03-25 19:00:00,M0103,rr19,9
2020-02-22 19:00:00,M0103,rr19,4
2020-12-22 19:00:00,M0103,rr19,14
2021-07-20 19:00:00,M0103,rr19,15
2021-12-18 19:00:00,M0103,rr19,17
2022-02-26 19:00:00,M0103,rr19,3
2022-03-19 19:00:00,M0103,rr19,16
2022-06-04 19:00:00,M0103,rr19,16
2022-12-19 19:00:00,M0103,rr19,15
2023-02-18 19:00:00,M0103,rr19,4
1966-01-29 07:00:00,M0123,rr7,3
1966-08-24 07:00:00,M0123,rr7,3
1975-06-08 07:00:00,M0123,rr7,5
1976-06-02 07:00:00,M0123,rr7,3
1978-02-03 07:00:00,M0123,rr7,7
1979-05-28 07:00:00,M0123,rr7,11
1981-02-03 07:00:00,M0123,rr7,7
1989-03-11 07:00:00,M0123,rr7,7
1989-04-17 07:00:00,M0123,rr7,3
1989-12-20 07:00:00,M0123,rr7,3
1990-03-12 07:00:00,M0123,rr7,12
1990-09-07 07:00:00,M0123,rr7,3
1990-12-10 07:00:00,M0123,rr7,11
1991-02-19 07:00:00,M0123,rr7,13
1991-03-30 07:00:00,M0123,rr7,3
1992-01-26 07:00:00,M0123,rr7,4
1992-05-03 07:00:00,M0123,rr7,10
1992-06-14 07:00:00,M0123,rr7,3
1992-07-13 07:00:00,M0123,rr7,6
1997-08-27 07:00:00,M0123,rr7,5
2001-07-22 07:00:00,M0123,rr7,8
2001-12-29 07:00:00,M0123,rr7,4
1966-01-29 13:00:00,M0123,rr13,3
1966-08-24 13:00:00,M0123,rr13,3
1975-06-08 13:00:00,M0123,rr13,5
1976-06-02 13:00:00,M0123,rr13,3
1978-02-03 13:00:00,M0123,rr13,7
1979-05-28 13:00:00,M0123,rr13,10
1981-02-03 13:00:00,M0123,rr13,7
1989-03-11 13:00:00,M0123,rr13,7
1989-04-17 13:00:00,M0123,rr13,3
1989-12-19 13:00:00,M0123,rr13,4
1990-03-12 13:00:00,M0123,rr13,12
1990-09-06 13:00:00,M0123,rr13,4
1990-12-09 13:00:00,M0123,rr13,12
1991-02-19 13:00:00,M0123,rr13,13
1991-03-30 13:00:00,M0123,rr13,3
1992-01-26 13:00:00,M0123,rr13,4
1992-05-03 13:00:00,M0123,rr13,10
1992-06-14 13:00:00,M0123,rr13,3
1992-07-13 13:00:00,M0123,rr13,6
1995-09-20 13:00:00,M0123,rr13,3
1996-03-18 13:00:00,M0123,rr13,4
1996-06-23 13:00:00,M0123,rr13,6
1997-08-27 13:00:00,M0123,rr13,5
2001-07-22 13:00:00,M0123,rr13,8
2001-12-29 13:00:00,M0123,rr13,4
1966-01-29 19:00:00,M0123,rr19,3
1966-08-24 19:00:00,M0123,rr19,3
1975-06-08 19:00:00,M0123,rr19,5
1976-06-02 19:00:00,M0123,rr19,3
1978-02-03 19:00:00,M0123,rr19,7
1979-05-28 19:00:00,M0123,rr19,10
1981-02-03 19:00:00,M0123,rr19,7
1987-07-21 19:00:00,M0123,rr19,3
1989-03-11 19:00:00,M0123,rr19,7
1989-04-17 19:00:00,M0123,rr19,3
1989-12-19 19:00:00,M0123,rr19,4
1990-03-12 19:00:00,M0123,rr19,12
1990-09-06 19:00:00,M0123,rr19,4
1990-12-09 19:00:00,M0123,rr19,12
1991-02-19 19:00:00,M0123,rr19,13
1991-03-30 19:00:00,M0123,rr19,3
1992-01-26 19:00:00,M0123,rr19,4
1992-05-03 19:00:00,M0123,rr19,10
1992-06-14 19:00:00,M0123,rr19,3
1992-07-13 19:00:00,M0123,rr19,6
1995-09-20 19:00:00,M0123,rr19,3
1996-03-18 19:00:00,M0123,rr19,4
1996-06-23 19:00:00,M0123,rr19,6
1997-08-27 19:00:00,M0123,rr19,5
2001-07-22 19:00:00,M0123,rr19,8
2001-12-29 19:00:00,M0123,rr19,4
1965-12-21 07:00:00,M0130,rr7,11
1971-11-15 07:00:00,M0130,rr7,3
1979-01-01 07:00:00,M0130,rr7,6
1979-09-23 07:00:00,M0130,rr7,8
1984-11-21 07:00:00,M0130,rr7,10
1992-08-03 07:00:00,M0130,rr7,5
1997-02-12 07:00:00,M0130,rr7,3
1997-04-22 07:00:00,M0130,rr7,4
1997-05-21 07:00:00,M0130,rr7,41
1997-10-03 07:00:00,M0130,rr7,5
1999-02-18 07:00:00,M0130,rr7,5
2000-02-29 07:00:00,M0130,rr7,4
2001-12-30 07:00:00,M0130,rr7,7
2014-10-29 07:00:00,M0130,rr7,3
1965-12-21 13:00:00,M0130,rr13,11
1971-11-14 13:00:00,M0130,rr13,4
1979-01-01 13:00:00,M0130,rr13,6
1979-09-23 13:00:00,M0130,rr13,8
1984-11-21 13:00:00,M0130,rr13,10
1992-08-03 13:00:00,M0130,rr13,5
1994-01-26 13:00:00,M0130,rr13,3
1995-10-13 13:00:00,M0130,rr13,3
1997-02-12 13:00:00,M0130,rr13,3
1997-04-22 13:00:00,M0130,rr13,4
1997-05-21 13:00:00,M0130,rr13,41
1997-10-03 13:00:00,M0130,rr13,5
1997-10-18 13:00:00,M0130,rr13,3
1997-11-16 13:00:00,M0130,rr13,3
1997-12-27 13:00:00,M0130,rr13,5
1999-02-18 13:00:00,M0130,rr13,5
1999-09-06 13:00:00,M0130,rr13,3
2000-02-28 13:00:00,M0130,rr13,5
2001-12-30 13:00:00,M0130,rr13,7
2014-10-29 13:00:00,M0130,rr13,3
1965-12-21 19:00:00,M0130,rr19,11
1971-11-14 19:00:00,M0130,rr19,4
1979-01-01 19:00:00,M0130,rr19,6
1979-09-23 19:00:00,M0130,rr19,8
1984-11-21 19:00:00,M0130,rr19,10
1992-08-03 19:00:00,M0130,rr19,5
1994-01-26 19:00:00,M0130,rr19,3
1995-10-13 19:00:00,M0130,rr19,3
1997-02-12 19:00:00,M0130,rr19,3
1997-04-21 19:00:00,M0130,rr19,5
1997-05-21 19:00:00,M0130,rr19,41
1997-07-03 19:00:00,M0130,rr19,21
1997-10-03 19:00:00,M0130,rr19,5
1997-10-18 19:00:00,M0130,rr19,3
1997-12-27 19:00:00,M0130,rr19,5
1999-02-18 19:00:00,M0130,rr19,5
1999-08-11 19:00:00,M0130,rr19,3
1999-08-18 19:00:00,M0130,rr19,3
2000-02-28 19:00:00,M0130,rr19,4
2002-01-01 19:00:00,M0130,rr19,4
2014-10-29 19:00:00,M0130,rr19,3
1963-12-01 07:00:00,M0148,rr7,14
1964-05-23 07:00:00,M0148,rr7,4
1964-07-31 07:00:00,M0148,rr7,20
1965-03-01 07:00:00,M0148,rr7,15
1969-01-22 07:00:00,M0148,rr7,3
1969-02-15 07:00:00,M0148,rr7,9
1969-03-26 07:00:00,M0148,rr7,31
1969-09-29 07:00:00,M0148,rr7,28
1969-10-28 07:00:00,M0148,rr7,8
1969-11-06 07:00:00,M0148,rr7,15
1969-11-23 07:00:00,M0148,rr7,6
1969-12-10 07:00:00,M0148,rr7,4
1970-02-28 07:00:00,M0148,rr7,3
1970-04-05 07:00:00,M0148,rr7,3
1970-05-20 07:00:00,M0148,rr7,7
1970-05-29 07:00:00,M0148,rr7,5
1970-06-15 07:00:00,M0148,rr7,6
1970-06-22 07:00:00,M0148,rr7,3
1970-06-26 07:00:00,M0148,rr7,5
1970-07-02 07:00:00,M0148,rr7,225
1971-02-27 07:00:00,M0148,rr7,3
1971-04-24 07:00:00,M0148,rr7,3
1971-04-28 07:00:00,M0148,rr7,3
1971-05-08 07:00:00,M0148,rr7,4
1971-05-13 07:00:00,M0148,rr7,3
1971-05-17 07:00:00,M0148,rr7,3
1971-05-26 07:00:00,M0148,rr7,17
1971-06-18 07:00:00,M0148,rr7,3
1971-06-22 07:00:00,M0148,rr7,4
1971-06-27 07:00:00,M0148,rr7,3
1971-07-06 07:00:00,M0148,rr7,18
1971-07-29 07:00:00,M0148,rr7,3
1977-12-08 07:00:00,M0148,rr7,24
1984-04-01 07:00:00,M0148,rr7,30
1984-12-01 07:00:00,M0148,rr7,14
1985-01-01 07:00:00,M0148,rr7,82
1985-03-25 07:00:00,M0148,rr7,98
1985-08-01 07:00:00,M0148,rr7,31
1986-03-01 07:00:00,M0148,rr7,92
1986-09-01 07:00:00,M0148,rr7,30
1987-02-01 07:00:00,M0148,rr7,120
1987-07-01 07:00:00,M0148,rr7,184
2005-09-01 07:00:00,M0148,rr7,6
2015-02-13 07:00:00,M0148,rr7,5
1963-12-01 13:00:00,M0148,rr13,14
1964-05-23 13:00:00,M0148,rr13,4
1964-07-31 13:00:00,M0148,rr13,20
1965-03-01 13:00:00,M0148,rr13,15
1965-03-20 13:00:00,M0148,rr13,3
1969-01-16 13:00:00,M0148,rr13,22
1969-02-08 13:00:00,M0148,rr13,34
1969-03-15 13:00:00,M0148,rr13,105
1969-11-30 13:00:00,M0148,rr13,5
1969-12-08 13:00:00,M0148,rr13,30
1970-01-08 13:00:00,M0148,rr13,7
1970-01-16 13:00:00,M0148,rr13,4
1970-01-21 13:00:00,M0148,rr13,4
1970-01-27 13:00:00,M0148,rr13,6
1970-02-03 13:00:00,M0148,rr13,14
1970-02-21 13:00:00,M0148,rr13,16
1970-03-10 13:00:00,M0148,rr13,3
1970-03-14 13:00:00,M0148,rr13,11
1970-03-26 13:00:00,M0148,rr13,51
1970-05-17 13:00:00,M0148,rr13,11
1970-05-29 13:00:00,M0148,rr13,260
1971-02-14 13:00:00,M0148,rr13,4
1971-02-23 13:00:00,M0148,rr13,9
1971-03-05 13:00:00,M0148,rr13,6
1971-03-25 13:00:00,M0148,rr13,6
1971-04-12 13:00:00,M0148,rr13,4
1971-04-17 13:00:00,M0148,rr13,58
1971-06-15 13:00:00,M0148,rr13,39
1971-07-29 13:00:00,M0148,rr13,3
1977-12-08 13:00:00,M0148,rr13,24
1984-04-01 13:00:00,M0148,rr13,30
1984-12-01 13:00:00,M0148,rr13,14
1985-01-01 13:00:00,M0148,rr13,181
1985-08-01 13:00:00,M0148,rr13,31
1986-03-01 13:00:00,M0148,rr13,92
1986-09-01 13:00:00,M0148,rr13,30
1987-02-01 13:00:00,M0148,rr13,120
1987-07-01 13:00:00,M0148,rr13,184
2005-09-01 13:00:00,M0148,rr13,6
2015-02-13 13:00:00,M0148,rr13,5
1963-12-01 19:00:00,M0148,rr19,14
1964-05-23 19:00:00,M0148,rr19,4
1964-07-31 19:00:00,M0148,rr19,20
1965-03-01 19:00:00,M0148,rr19,22
1966-04-22 19:00:00,M0148,rr19,5
1969-01-17 19:00:00,M0148,rr19,17
1969-02-12 19:00:00,M0148,rr19,12
1969-02-28 19:00:00,M0148,rr19,7
1969-03-09 19:00:00,M0148,rr19,8
1969-03-18 19:00:00,M0148,rr19,4
1969-03-23 19:00:00,M0148,rr19,73
1969-11-05 19:00:00,M0148,rr19,6
1969-11-12 19:00:00,M0148,rr19,9
1969-11-23 19:00:00,M0148,rr19,12
1969-12-09 19:00:00,M0148,rr19,6
1969-12-29 19:00:00,M0148,rr19,3
1970-01-04 19:00:00,M0148,rr19,3
1970-01-15 19:00:00,M0148,rr19,6
1970-01-22 19:00:00,M0148,rr19,6
1970-02-10 19:00:00,M0148,rr19,5
1970-02-27 19:00:00,M0148,rr19,7
1970-03-16 19:00:00,M0148,rr19,6
1970-03-30 19:00:00,M0148,rr19,3
1970-04-03 19:00:00,M0148,rr19,4
1970-04-13 19:00:00,M0148,rr19,3
1970-04-20 19:00:00,M0148,rr19,3
1970-05-20 19:00:00,M0148,rr19,6
1970-05-30 19:00:00,M0148,rr19,3
1970-06-04 19:00:00,M0148,rr19,8
1970-06-13 19:00:00,M0148,rr19,11
1970-06-25 19:00:00,M0148,rr19,57
1970-08-22 19:00:00,M0148,rr19,175
1971-02-23 19:00:00,M0148,rr19,6
1971-04-17 19:00:00,M0148,rr19,3
1971-04-29 19:00:00,M0148,rr19,5
1971-05-10 19:00:00,M0148,rr19,12
1971-05-23 19:00:00,M0148,rr19,15
1971-06-18 19:00:00,M0148,rr19,5
1971-06-27 19:00:00,M0148,rr19,4
1971-07-04 19:00:00,M0148,rr19,3
1971-07-08 19:00:00,M0148,rr19,16
1971-07-29 19:00:00,M0148,rr19,3
1977-12-07 19:00:00,M0148,rr19,25
1984-04-01 19:00:00,M0148,rr19,30
1984-12-01 19:00:00,M0148,rr19,14
1985-01-01 19:00:00,M0148,rr19,181
1985-08-01 19:00:00,M0148,rr19,31
1986-03-01 19:00:00,M0148,rr19,92
1986-09-01 19:00:00,M0148,rr19,30
1987-02-01 19:00:00,M0148,rr19,120
1987-07-01 19:00:00,M0148,rr19,184
2005-09-01 19:00:00,M0148,rr19,6
2015-02-13 19:00:00,M0148,rr19,5
1978-02-25 19:00:00,M0221,rr19,4
1985-11-01 07:00:00,M0258,rr7,4
1987-02-01 07:00:00,M0258,rr7,28
2020-12-23 07:00:00,M0258,rr7,15
2021-08-01 07:00:00,M0258,rr7,16
2022-04-30 07:00:00,M0258,rr7,17
2022-05-21 07:00:00,M0258,rr7,3
2022-07-30 07:00:00,M0258,rr7,17
2022-09-03 07:00:00,M0258,rr7,5
2022-11-03 07:00:00,M0258,rr7,4
2022-12-31 07:00:00,M0258,rr7,3
2023-01-21 07:00:00,M0258,rr7,4
2023-03-04 07:00:00,M0258,rr7,3
1985-11-01 13:00:00,M0258,rr13,4
1987-02-01 13:00:00,M0258,rr13,28
2020-12-23 13:00:00,M0258,rr13,15
2021-02-14 13:00:00,M0258,rr13,3
2021-08-01 13:00:00,M0258,rr13,16
2022-04-30 13:00:00,M0258,rr13,17
2022-05-21 13:00:00,M0258,rr13,3
2022-07-30 13:00:00,M0258,rr13,17
2022-09-03 13:00:00,M0258,rr13,5
2022-11-03 13:00:00,M0258,rr13,4
2022-12-31 13:00:00,M0258,rr13,3
2023-01-21 13:00:00,M0258,rr13,4
2023-03-04 13:00:00,M0258,rr13,3
1985-11-01 19:00:00,M0258,rr19,4
1987-02-01 19:00:00,M0258,rr19,28
2020-12-23 19:00:00,M0258,rr19,15
2021-08-01 19:00:00,M0258,rr19,16
2022-02-27 19:00:00,M0258,rr19,3
2022-04-30 19:00:00,M0258,rr19,17
2022-05-21 19:00:00,M0258,rr19,3
2022-07-30 19:00:00,M0258,rr19,17
2022-09-03 19:00:00,M0258,rr19,5
2022-11-03 19:00:00,M0258,rr19,4
2022-12-31 19:00:00,M0258,rr19,3
2023-01-21 19:00:00,M0258,rr19,4
2023-03-04 19:00:00,M0258,rr19,3
1966-05-16 07:00:00,M0611,rr7,16
1966-07-21 07:00:00,M0611,rr7,4
1966-09-01 07:00:00,M0611,rr7,15
1967-01-12 07:00:00,M0611,rr7,5
1967-04-23 07:00:00,M0611,rr7,22
1967-07-24 07:00:00,M0611,rr7,3
1966-05-16 13:00:00,M0611,rr13,16
1966-07-21 13:00:00,M0611,rr13,4
1966-09-01 13:00:00,M0611,rr13,15
1967-01-12 13:00:00,M0611,rr13,5
1967-04-23 13:00:00,M0611,rr13,22
1967-07-24 13:00:00,M0611,rr13,3
1966-05-16 19:00:00,M0611,rr19,16
1966-07-21 19:00:00,M0611,rr19,4
1966-09-01 19:00:00,M0611,rr19,15
1967-01-12 19:00:00,M0611,rr19,5
1967-04-23 19:00:00,M0611,rr19,22
1967-07-24 19:00:00,M0611,rr19,3
1985-12-10 07:00:00,M1036,rr7,38
1986-12-24 07:00:00,M1036,rr7,5
1986-12-31 07:00:00,M1036,rr7,5
1987-07-24 07:00:00,M1036,rr7,3
1987-12-24 07:00:00,M1036,rr7,4
1987-12-31 07:00:00,M1036,rr7,11
2006-10-06 07:00:00,M1036,rr7,3
2007-09-15 07:00:00,M1036,rr7,5
2007-10-12 07:00:00,M1036,rr7,3
2007-11-02 07:00:00,M1036,rr7,3
2008-08-16 07:00:00,M1036,rr7,16
2008-09-27 07:00:00,M1036,rr7,3
2008-10-10 07:00:00,M1036,rr7,3
2009-02-14 07:00:00,M1036,rr7,4
2009-05-28 07:00:00,M1036,rr7,4
2010-01-01 07:00:00,M1036,rr7,3
2010-08-13 07:00:00,M1036,rr7,3
2011-08-12 07:00:00,M1036,rr7,3
2011-09-24 07:00:00,M1036,rr7,3
2012-08-10 07:00:00,M1036,rr7,3
2014-05-29 07:00:00,M1036,rr7,3
2016-08-12 07:00:00,M1036,rr7,3
2017-08-11 07:00:00,M1036,rr7,3
2017-08-25 07:00:00,M1036,rr7,3
2019-07-20 07:00:00,M1036,rr7,3
2020-03-19 07:00:00,M1036,rr7,3
1985-12-10 13:00:00,M1036,rr13,38
1986-12-24 13:00:00,M1036,rr13,5
1986-12-31 13:00:00,M1036,rr13,5
1987-07-24 13:00:00,M1036,rr13,3
1987-12-23 13:00:00,M1036,rr13,5
1987-12-31 13:00:00,M1036,rr13,11
2006-10-06 13:00:00,M1036,rr13,3
2007-09-15 13:00:00,M1036,rr13,6
2007-10-12 13:00:00,M1036,rr13,3
2007-11-02 13:00:00,M1036,rr13,3
2008-08-16 13:00:00,M1036,rr13,16
2008-09-26 13:00:00,M1036,rr13,3
2008-10-10 13:00:00,M1036,rr13,3
2009-02-14 13:00:00,M1036,rr13,4
2009-05-28 13:00:00,M1036,rr13,4
2010-01-01 13:00:00,M1036,rr13,3
2010-08-13 13:00:00,M1036,rr13,3
2011-08-12 13:00:00,M1036,rr13,3
2012-08-10 13:00:00,M1036,rr13,3
2014-05-29 13:00:00,M1036,rr13,3
2016-08-12 13:00:00,M1036,rr13,3
2017-08-11 13:00:00,M1036,rr13,3
2017-08-24 13:00:00,M1036,rr13,4
1985-12-10 19:00:00,M1036,rr19,38
1986-12-24 19:00:00,M1036,rr19,5
1986-12-31 19:00:00,M1036,rr19,5
1987-07-24 19:00:00,M1036,rr19,3
1987-12-23 19:00:00,M1036,rr19,5
1987-12-31 19:00:00,M1036,rr19,11
2006-10-06 19:00:00,M1036,rr19,3
2007-09-15 19:00:00,M1036,rr19,6
2007-11-02 19:00:00,M1036,rr19,3
2008-08-16 19:00:00,M1036,rr19,16
2008-09-26 19:00:00,M1036,rr19,3
2008-10-10 19:00:00,M1036,rr19,3
2009-02-14 19:00:00,M1036,rr19,4
2009-05-27 19:00:00,M1036,rr19,5
2010-01-01 19:00:00,M1036,rr19,3
2010-08-13 19:00:00,M1036,rr19,3
2011-08-12 19:00:00,M1036,rr19,3
2012-08-10 19:00:00,M1036,rr19,3
2014-05-29 19:00:00,M1036,rr19,3
2016-08-12 19:00:00,M1036,rr19,3
2017-08-11 19:00:00,M1036,rr19,3
2017-08-24 19:00:00,M1036,rr19,4
2020-03-23 19:00:00,M1036,rr19,4
2020-03-28 19:00:00,M1036,rr19,14
2020-04-19 19:00:00,M1036,rr19,5
2020-04-26 19:00:00,M1036,rr19,5
2020-05-04 19:00:00,M1036,rr19,3
2020-05-19 19:00:00,M1036,rr19,3
1990-02-01 07:00:00,M1094,rr7,23
2020-12-25 07:00:00,M1094,rr7,3
2020-12-31 07:00:00,M1094,rr7,4
2022-02-19 07:00:00,M1094,rr7,17
1990-02-01 13:00:00,M1094,rr13,22
1997-12-25 13:00:00,M1094,rr13,5
2020-12-25 13:00:00,M1094,rr13,3
2020-12-31 13:00:00,M1094,rr13,4
2022-02-19 13:00:00,M1094,rr13,17
1990-02-01 19:00:00,M1094,rr19,22
1997-12-25 19:00:00,M1094,rr19,4
2016-10-08 19:00:00,M1094,rr19,3
2020-12-25 19:00:00,M1094,rr19,3
2020-12-31 19:00:00,M1094,rr19,4
2022-02-19 19:00:00,M1094,rr19,17
2002-05-18 07:00:00,M1096,rr7,8
2015-11-18 07:00:00,M1096,rr7,13
2002-05-18 13:00:00,M1096,rr13,3
2002-05-22 13:00:00,M1096,rr13,4
2015-11-18 13:00:00,M1096,rr13,13
2002-05-18 19:00:00,M1096,rr19,3
2002-05-22 19:00:00,M1096,rr19,4
2015-11-18 19:00:00,M1096,rr19,13
1994-09-22 07:00:00,M1107,rr7,9
1994-09-22 13:00:00,M1107,rr13,9
1994-09-21 19:00:00,M1107,rr19,10
2002-05-01 07:00:00,M1208,rr7,3
2008-09-05 07:00:00,M1208,rr7,4
2010-10-28 07:00:00,M1208,rr7,4
2016-02-09 07:00:00,M1208,rr7,6
2002-05-01 13:00:00,M1208,rr13,3
2008-09-05 13:00:00,M1208,rr13,4
2010-10-28 13:00:00,M1208,rr13,4
2016-02-11 13:00:00,M1208,rr13,4
2002-05-01 19:00:00,M1208,rr19,3
2008-09-05 19:00:00,M1208,rr19,4
2010-10-28 19:00:00,M1208,rr19,4
2016-02-09 19:00:00,M1208,rr19,6
2012-04-01 07:00:00,M1240,rr7,25
2017-06-01 07:00:00,M1240,rr7,12
2017-06-01 13:00:00,M1240,rr13,12
2012-04-01 19:00:00,M1240,rr19,24
2017-06-01 19:00:00,M1240,rr19,11
