1978-07-16 07:00:00,M0001,nu7,3
1978-08-26 07:00:00,M0001,nu7,3
1978-09-26 07:00:00,M0001,nu7,4
1978-12-21 07:00:00,M0001,nu7,3
1982-07-03 07:00:00,M0001,nu7,3
1982-07-11 07:00:00,M0001,nu7,3
1982-07-18 07:00:00,M0001,nu7,4
1982-07-25 07:00:00,M0001,nu7,3
1984-02-04 07:00:00,M0001,nu7,6
1984-03-19 07:00:00,M0001,nu7,3
1984-03-27 07:00:00,M0001,nu7,4
1994-04-01 07:00:00,M0001,nu7,7
1996-10-27 07:00:00,M0001,nu7,3
1999-12-15 07:00:00,M0001,nu7,3
2000-03-23 07:00:00,M0001,nu7,4
2001-02-21 07:00:00,M0001,nu7,4
2001-03-14 07:00:00,M0001,nu7,3
2001-11-25 07:00:00,M0001,nu7,3
1978-07-15 13:00:00,M0001,nu13,3
1978-08-01 13:00:00,M0001,nu13,3
1978-08-17 13:00:00,M0001,nu13,3
1978-09-26 13:00:00,M0001,nu13,3
1983-03-24 13:00:00,M0001,nu13,3
1984-04-03 13:00:00,M0001,nu13,3
1994-04-01 13:00:00,M0001,nu13,7
1978-07-15 19:00:00,M0001,nu19,3
1978-09-26 19:00:00,M0001,nu19,4
1978-10-27 19:00:00,M0001,nu19,3
1978-11-14 19:00:00,M0001,nu19,8
1978-11-29 19:00:00,M0001,nu19,4
1978-12-18 19:00:00,M0001,nu19,6
1979-01-05 19:00:00,M0001,nu19,3
1979-01-13 19:00:00,M0001,nu19,3
1979-03-14 19:00:00,M0001,nu19,3
1982-07-18 19:00:00,M0001,nu19,3
1982-07-25 19:00:00,M0001,nu19,5
1983-02-03 19:00:00,M0001,nu19,4
1983-02-11 19:00:00,M0001,nu19,3
1983-03-02 19:00:00,M0001,nu19,9
1983-03-16 19:00:00,M0001,nu19,3
1983-03-24 19:00:00,M0001,nu19,3
1983-03-28 19:00:00,M0001,nu19,4
1984-02-01 19:00:00,M0001,nu19,11
1984-02-14 19:00:00,M0001,nu19,5
1984-02-20 19:00:00,M0001,nu19,5
1984-02-29 19:00:00,M0001,nu19,6
1984-03-07 19:00:00,M0001,nu19,7
1984-03-15 19:00:00,M0001,nu19,5
1984-03-24 19:00:00,M0001,nu19,9
1984-04-03 19:00:00,M0001,nu19,4
1984-04-08 19:00:00,M0001,nu19,5
1984-04-14 19:00:00,M0001,nu19,4
1984-04-23 19:00:00,M0001,nu19,6
1994-04-01 19:00:00,M0001,nu19,7
1996-05-12 19:00:00,M0001,nu19,6
1996-09-24 19:00:00,M0001,nu19,4
1996-10-02 19:00:00,M0001,nu19,6
1996-10-15 19:00:00,M0001,nu19,5
1996-10-26 19:00:00,M0001,nu19,6
1996-11-27 19:00:00,M0001,nu19,12
1998-04-03 19:00:00,M0001,nu19,5
1998-04-16 19:00:00,M0001,nu19,4
1999-02-01 19:00:00,M0001,nu19,4
1999-02-12 19:00:00,M0001,nu19,9
1999-02-23 19:00:00,M0001,nu19,6
1999-04-03 19:00:00,M0001,nu19,3
1999-04-07 19:00:00,M0001,nu19,4
1999-04-16 19:00:00,M0001,nu19,3
1999-04-26 19:00:00,M0001,nu19,3
1999-04-30 19:00:00,M0001,nu19,3
1999-05-04 19:00:00,M0001,nu19,4
1999-05-09 19:00:00,M0001,nu19,3
1999-06-19 19:00:00,M0001,nu19,4
1999-09-11 19:00:00,M0001,nu19,5
1999-09-24 19:00:00,M0001,nu19,4
1999-10-25 19:00:00,M0001,nu19,3
1999-11-02 19:00:00,M0001,nu19,4
1999-11-19 19:00:00,M0001,nu19,6
1999-11-27 19:00:00,M0001,nu19,7
1999-12-05 19:00:00,M0001,nu19,3
1999-12-17 19:00:00,M0001,nu19,10
1999-12-28 19:00:00,M0001,nu19,4
2000-02-17 19:00:00,M0001,nu19,8
2000-02-26 19:00:00,M0001,nu19,4
2000-03-07 19:00:00,M0001,nu19,4
2000-03-17 19:00:00,M0001,nu19,7
2000-03-25 19:00:00,M0001,nu19,4
2000-04-06 19:00:00,M0001,nu19,3
2000-04-11 19:00:00,M0001,nu19,9
2000-04-22 19:00:00,M0001,nu19,4
2000-04-30 19:00:00,M0001,nu19,5
2000-05-06 19:00:00,M0001,nu19,5
2000-05-12 19:00:00,M0001,nu19,3
2000-05-16 19:00:00,M0001,nu19,3
2001-01-16 19:00:00,M0001,nu19,7
2001-02-20 19:00:00,M0001,nu19,4
2001-03-15 19:00:00,M0001,nu19,9
2001-05-07 19:00:00,M0001,nu19,3
2001-05-25 19:00:00,M0001,nu19,3
2001-06-09 19:00:00,M0001,nu19,3
2001-09-12 19:00:00,M0001,nu19,3
2001-11-12 19:00:00,M0001,nu19,4
2001-11-19 19:00:00,M0001,nu19,3
2001-11-25 19:00:00,M0001,nu19,4
1980-08-03 07:00:00,M0002,nu7,3
1985-10-01 07:00:00,M0002,nu7,4
2011-03-26 07:00:00,M0002,nu7,3
2017-04-04 07:00:00,M0002,nu7,6
1985-10-01 13:00:00,M0002,nu13,4
2011-03-25 13:00:00,M0002,nu13,3
2017-04-03 13:00:00,M0002,nu13,7
2022-10-07 13:00:00,M0002,nu13,15
2022-11-03 13:00:00,M0002,nu13,4
2022-12-24 13:00:00,M0002,nu13,3
2022-12-31 13:00:00,M0002,nu13,3
1980-08-23 19:00:00,M0002,nu19,3
1985-10-01 19:00:00,M0002,nu19,4
2011-03-25 19:00:00,M0002,nu19,3
2017-04-03 19:00:00,M0002,nu19,7
2022-03-14 07:00:00,M0003,nu7,7
2022-04-15 07:00:00,M0003,nu7,3
2022-04-30 07:00:00,M0003,nu7,3
2022-05-21 07:00:00,M0003,nu7,4
2022-03-14 13:00:00,M0003,nu13,7
2022-04-15 13:00:00,M0003,nu13,3
2022-04-30 13:00:00,M0003,nu13,3
2022-05-21 13:00:00,M0003,nu13,4
2022-03-14 19:00:00,M0003,nu19,7
2022-04-15 19:00:00,M0003,nu19,3
2022-04-30 19:00:00,M0003,nu19,3
2022-05-21 19:00:00,M0003,nu19,4
2022-06-10 19:00:00,M0003,nu19,3
1989-07-10 07:00:00,M0004,nu7,3
2007-12-19 07:00:00,M0004,nu7,3
2020-03-29 07:00:00,M0004,nu7,3
2020-08-12 07:00:00,M0004,nu7,3
2020-08-17 07:00:00,M0004,nu7,4
2020-11-28 07:00:00,M0004,nu7,9
2020-12-25 07:00:00,M0004,nu7,3
2021-01-01 07:00:00,M0004,nu7,3
2022-08-10 07:00:00,M0004,nu7,16
2022-10-08 07:00:00,M0004,nu7,3
2022-12-24 07:00:00,M0004,nu7,3
2022-12-31 07:00:00,M0004,nu7,3
2007-12-18 13:00:00,M0004,nu13,4
2018-04-04 13:00:00,M0004,nu13,3
2020-03-29 13:00:00,M0004,nu13,3
2020-05-02 13:00:00,M0004,nu13,3
2020-08-12 13:00:00,M0004,nu13,3
2020-08-17 13:00:00,M0004,nu13,4
2020-11-28 13:00:00,M0004,nu13,9
2020-12-25 13:00:00,M0004,nu13,3
2021-01-01 13:00:00,M0004,nu13,3
2021-10-25 13:00:00,M0004,nu13,4
2022-08-10 13:00:00,M0004,nu13,16
2022-10-08 13:00:00,M0004,nu13,3
2022-12-24 13:00:00,M0004,nu13,3
2022-12-31 13:00:00,M0004,nu13,3
1978-05-29 19:00:00,M0004,nu19,3
2007-12-18 19:00:00,M0004,nu19,4
2020-03-25 19:00:00,M0004,nu19,4
2020-03-30 19:00:00,M0004,nu19,63
2020-08-12 19:00:00,M0004,nu19,3
2020-08-17 19:00:00,M0004,nu19,4
2020-11-28 19:00:00,M0004,nu19,9
2020-12-25 19:00:00,M0004,nu19,3
2021-01-01 19:00:00,M0004,nu19,3
2022-08-10 19:00:00,M0004,nu19,16
2022-10-08 19:00:00,M0004,nu19,3
2022-12-24 19:00:00,M0004,nu19,3
2022-12-31 19:00:00,M0004,nu19,3
1970-01-01 07:00:00,M0005,nu7,365
1977-01-01 07:00:00,M0005,nu7,514
1978-05-31 07:00:00,M0005,nu7,185
2016-12-24 07:00:00,M0005,nu7,3
1970-01-01 13:00:00,M0005,nu13,365
1977-01-01 13:00:00,M0005,nu13,514
1978-05-31 13:00:00,M0005,nu13,185
2016-12-24 13:00:00,M0005,nu13,3
1970-01-01 19:00:00,M0005,nu19,365
1977-01-01 19:00:00,M0005,nu19,340
1977-12-08 19:00:00,M0005,nu19,173
1978-05-31 19:00:00,M0005,nu19,185
2016-12-24 19:00:00,M0005,nu19,3
1970-01-01 07:00:00,M0006,nu7,730
1974-01-01 07:00:00,M0006,nu7,730
1977-01-01 07:00:00,M0006,nu7,516
1978-12-31 07:00:00,M0006,nu7,3
2001-03-13 07:00:00,M0006,nu7,7
2017-04-03 07:00:00,M0006,nu7,7
2020-03-21 07:00:00,M0006,nu7,3
2020-03-27 07:00:00,M0006,nu7,4
2020-05-01 07:00:00,M0006,nu7,3
2020-12-25 07:00:00,M0006,nu7,3
2021-01-01 07:00:00,M0006,nu7,3
1970-01-01 13:00:00,M0006,nu13,730
1974-01-01 13:00:00,M0006,nu13,730
1977-01-01 13:00:00,M0006,nu13,516
2001-03-12 13:00:00,M0006,nu13,8
2017-04-03 13:00:00,M0006,nu13,7
2020-03-18 13:00:00,M0006,nu13,18
2020-12-25 13:00:00,M0006,nu13,3
2021-01-01 13:00:00,M0006,nu13,3
1970-01-01 19:00:00,M0006,nu19,730
1974-01-01 19:00:00,M0006,nu19,730
1977-01-01 19:00:00,M0006,nu19,516
2001-03-12 19:00:00,M0006,nu19,8
2017-04-03 19:00:00,M0006,nu19,7
2020-03-19 19:00:00,M0006,nu19,56
2020-06-15 19:00:00,M0006,nu19,4
2020-12-25 19:00:00,M0006,nu19,3
2021-01-01 19:00:00,M0006,nu19,3
1977-12-17 07:00:00,M0007,nu7,5
1977-12-31 07:00:00,M0007,nu7,4
1978-01-05 07:00:00,M0007,nu7,4
1979-01-17 07:00:00,M0007,nu7,3
1980-01-10 07:00:00,M0007,nu7,4
1980-02-11 07:00:00,M0007,nu7,3
1981-02-01 07:00:00,M0007,nu7,8
1981-06-15 07:00:00,M0007,nu7,3
1984-07-07 07:00:00,M0007,nu7,3
2015-04-19 07:00:00,M0007,nu7,6
2021-12-17 07:00:00,M0007,nu7,14
2022-04-05 07:00:00,M0007,nu7,14
2022-08-17 07:00:00,M0007,nu7,14
1981-02-01 13:00:00,M0007,nu13,8
2015-04-18 13:00:00,M0007,nu13,7
2018-08-10 13:00:00,M0007,nu13,4
2021-02-13 13:00:00,M0007,nu13,4
2021-07-03 13:00:00,M0007,nu13,3
2021-12-04 13:00:00,M0007,nu13,3
2021-12-16 13:00:00,M0007,nu13,18
2022-04-05 13:00:00,M0007,nu13,14
2022-08-12 13:00:00,M0007,nu13,3
2022-08-16 13:00:00,M0007,nu13,15
2022-10-08 13:00:00,M0007,nu13,3
1977-11-30 19:00:00,M0007,nu19,3
1977-12-15 19:00:00,M0007,nu19,6
1977-12-28 19:00:00,M0007,nu19,10
1978-01-09 19:00:00,M0007,nu19,4
1978-01-15 19:00:00,M0007,nu19,5
1978-03-10 19:00:00,M0007,nu19,3
1978-05-28 19:00:00,M0007,nu19,4
1979-01-05 19:00:00,M0007,nu19,8
1979-01-17 19:00:00,M0007,nu19,4
1979-02-02 19:00:00,M0007,nu19,3
1979-02-06 19:00:00,M0007,nu19,3
1979-04-19 19:00:00,M0007,nu19,3
1979-06-24 19:00:00,M0007,nu19,10
1979-07-11 19:00:00,M0007,nu19,4
1979-08-08 19:00:00,M0007,nu19,4
1979-09-27 19:00:00,M0007,nu19,3
1979-10-13 19:00:00,M0007,nu19,3
1979-10-17 19:00:00,M0007,nu19,3
1979-10-21 19:00:00,M0007,nu19,3
1979-10-29 19:00:00,M0007,nu19,3
1979-11-11 19:00:00,M0007,nu19,3
1979-11-28 19:00:00,M0007,nu19,4
1979-12-12 19:00:00,M0007,nu19,4
1979-12-20 19:00:00,M0007,nu19,6
1980-01-09 19:00:00,M0007,nu19,10
1980-01-28 19:00:00,M0007,nu19,6
1980-02-04 19:00:00,M0007,nu19,7
1980-02-12 19:00:00,M0007,nu19,6
1980-02-19 19:00:00,M0007,nu19,6
1980-02-26 19:00:00,M0007,nu19,7
1980-03-05 19:00:00,M0007,nu19,5
1980-04-01 19:00:00,M0007,nu19,8
1980-05-09 19:00:00,M0007,nu19,3
1980-05-13 19:00:00,M0007,nu19,3
1980-05-28 19:00:00,M0007,nu19,3
1981-02-01 19:00:00,M0007,nu19,8
2015-04-18 19:00:00,M0007,nu19,7
2021-02-14 19:00:00,M0007,nu19,3
2021-05-22 19:00:00,M0007,nu19,3
2021-07-03 19:00:00,M0007,nu19,3
2021-12-04 19:00:00,M0007,nu19,3
2021-12-16 19:00:00,M0007,nu19,18
2022-04-02 19:00:00,M0007,nu19,17
2022-04-30 19:00:00,M0007,nu19,3
2022-08-16 19:00:00,M0007,nu19,15
2022-10-08 19:00:00,M0007,nu19,3
1999-06-17 07:00:00,M0008,nu7,3
2020-10-01 07:00:00,M0008,nu7,7
2020-10-09 07:00:00,M0008,nu7,3
2020-10-31 07:00:00,M0008,nu7,4
2020-11-07 07:00:00,M0008,nu7,3
2020-11-13 07:00:00,M0008,nu7,3
2020-12-11 07:00:00,M0008,nu7,13
2020-12-25 07:00:00,M0008,nu7,3
2021-01-01 07:00:00,M0008,nu7,3
2021-02-12 07:00:00,M0008,nu7,5
2021-04-02 07:00:00,M0008,nu7,3
2021-04-10 07:00:00,M0008,nu7,17
2021-04-30 07:00:00,M0008,nu7,3
2021-05-22 07:00:00,M0008,nu7,3
2021-06-24 07:00:00,M0008,nu7,4
2020-10-01 13:00:00,M0008,nu13,7
2020-10-09 13:00:00,M0008,nu13,3
2020-10-31 13:00:00,M0008,nu13,4
2020-11-07 13:00:00,M0008,nu13,3
2020-11-13 13:00:00,M0008,nu13,3
2020-12-12 13:00:00,M0008,nu13,12
2020-12-25 13:00:00,M0008,nu13,3
2021-01-01 13:00:00,M0008,nu13,3
2021-02-12 13:00:00,M0008,nu13,5
2021-04-02 13:00:00,M0008,nu13,3
2021-04-10 13:00:00,M0008,nu13,17
2021-04-30 13:00:00,M0008,nu13,3
2021-05-22 13:00:00,M0008,nu13,3
2021-06-24 13:00:00,M0008,nu13,4
2020-10-01 19:00:00,M0008,nu19,7
2020-10-09 19:00:00,M0008,nu19,3
2020-10-31 19:00:00,M0008,nu19,4
2020-11-07 19:00:00,M0008,nu19,3
2020-11-13 19:00:00,M0008,nu19,3
2020-12-11 19:00:00,M0008,nu19,13
2020-12-25 19:00:00,M0008,nu19,3
2020-12-31 19:00:00,M0008,nu19,4
2021-02-12 19:00:00,M0008,nu19,5
2021-03-05 19:00:00,M0008,nu19,3
2021-04-02 19:00:00,M0008,nu19,3
2021-04-10 19:00:00,M0008,nu19,17
2021-04-30 19:00:00,M0008,nu19,3
2021-05-22 19:00:00,M0008,nu19,3
2021-06-24 19:00:00,M0008,nu19,4
1984-03-14 07:00:00,M0024,nu7,8
1984-11-05 07:00:00,M0024,nu7,3
1986-01-01 07:00:00,M0024,nu7,8
1988-12-31 07:00:00,M0024,nu7,9
1995-10-08 07:00:00,M0024,nu7,3
1998-10-05 07:00:00,M0024,nu7,4
2000-05-26 07:00:00,M0024,nu7,3
2019-07-05 07:00:00,M0024,nu7,3
2019-07-22 07:00:00,M0024,nu7,4
2019-10-01 07:00:00,M0024,nu7,6
2019-10-09 07:00:00,M0024,nu7,27
2019-11-30 07:00:00,M0024,nu7,32
1984-03-14 13:00:00,M0024,nu13,8
1984-11-05 13:00:00,M0024,nu13,3
1986-01-01 13:00:00,M0024,nu13,8
1988-12-31 13:00:00,M0024,nu13,9
2000-05-26 13:00:00,M0024,nu13,3
2005-12-19 13:00:00,M0024,nu13,5
2019-05-24 13:00:00,M0024,nu13,3
2019-10-11 13:00:00,M0024,nu13,3
2019-10-26 13:00:00,M0024,nu13,10
2019-11-08 13:00:00,M0024,nu13,3
2019-12-06 13:00:00,M0024,nu13,3
2019-12-20 13:00:00,M0024,nu13,3
2019-12-28 13:00:00,M0024,nu13,4
1984-03-14 19:00:00,M0024,nu19,8
1984-11-05 19:00:00,M0024,nu19,3
1986-01-01 19:00:00,M0024,nu19,8
1988-12-31 19:00:00,M0024,nu19,9
2000-05-26 19:00:00,M0024,nu19,3
2000-06-19 19:00:00,M0024,nu19,3
2019-07-16 19:00:00,M0024,nu19,3
2019-08-23 19:00:00,M0024,nu19,3
2019-10-01 19:00:00,M0024,nu19,6
2019-10-08 19:00:00,M0024,nu19,28
2019-11-08 19:00:00,M0024,nu19,4
2019-11-30 19:00:00,M0024,nu19,32
1970-01-16 07:00:00,M0025,nu7,5
1970-12-24 07:00:00,M0025,nu7,4
1983-03-20 07:00:00,M0025,nu7,3
1988-03-29 07:00:00,M0025,nu7,3
2003-11-01 07:00:00,M0025,nu7,3
2017-03-28 07:00:00,M0025,nu7,6
1970-01-16 13:00:00,M0025,nu13,5
1970-12-24 13:00:00,M0025,nu13,4
1988-03-29 13:00:00,M0025,nu13,3
2017-03-27 13:00:00,M0025,nu13,7
1970-01-16 19:00:00,M0025,nu19,5
1970-12-24 19:00:00,M0025,nu19,4
1984-05-01 19:00:00,M0025,nu19,32
1988-03-29 19:00:00,M0025,nu19,3
2017-03-27 19:00:00,M0025,nu19,7
1971-02-21 07:00:00,M0026,nu7,5
1972-12-29 07:00:00,M0026,nu7,3
1980-02-01 07:00:00,M0026,nu7,10
1981-05-18 07:00:00,M0026,nu7,4
1981-05-25 07:00:00,M0026,nu7,6
1981-08-01 07:00:00,M0026,nu7,13
1990-02-20 07:00:00,M0026,nu7,9
1990-09-11 07:00:00,M0026,nu7,8
1971-02-20 13:00:00,M0026,nu13,6
1972-12-29 13:00:00,M0026,nu13,3
1980-02-01 13:00:00,M0026,nu13,10
1981-05-18 13:00:00,M0026,nu13,4
1981-05-25 13:00:00,M0026,nu13,6
1981-08-01 13:00:00,M0026,nu13,13
1990-02-20 13:00:00,M0026,nu13,9
1990-09-10 13:00:00,M0026,nu13,9
1971-02-20 19:00:00,M0026,nu19,6
1972-12-15 19:00:00,M0026,nu19,3
1972-12-29 19:00:00,M0026,nu19,3
1980-02-01 19:00:00,M0026,nu19,10
1981-05-27 19:00:00,M0026,nu19,3
1981-08-01 19:00:00,M0026,nu19,13
1990-02-19 19:00:00,M0026,nu19,10
1990-09-10 19:00:00,M0026,nu19,9
1970-02-26 07:00:00,M0027,nu7,9
1975-02-05 07:00:00,M0027,nu7,8
1980-02-01 07:00:00,M0027,nu7,3
1980-02-08 07:00:00,M0027,nu7,3
1984-09-09 07:00:00,M0027,nu7,3
1985-12-12 07:00:00,M0027,nu7,21
1986-09-11 07:00:00,M0027,nu7,29
1970-02-26 13:00:00,M0027,nu13,9
1975-02-05 13:00:00,M0027,nu13,8
1980-02-01 13:00:00,M0027,nu13,3
1980-02-08 13:00:00,M0027,nu13,3
1982-11-01 13:00:00,M0027,nu13,3
1984-09-08 13:00:00,M0027,nu13,11
1985-12-12 13:00:00,M0027,nu13,21
1986-09-10 13:00:00,M0027,nu13,30
1970-02-26 19:00:00,M0027,nu19,9
1975-02-05 19:00:00,M0027,nu19,8
1980-02-01 19:00:00,M0027,nu19,3
1980-02-08 19:00:00,M0027,nu19,3
1982-11-01 19:00:00,M0027,nu19,3
1983-12-23 19:00:00,M0027,nu19,3
1984-09-08 19:00:00,M0027,nu19,11
1985-12-11 19:00:00,M0027,nu19,22
1986-09-10 19:00:00,M0027,nu19,30
1990-08-28 07:00:00,M0031,nu7,9
1998-11-29 07:00:00,M0031,nu7,8
2020-12-25 07:00:00,M0031,nu7,3
2021-01-01 07:00:00,M0031,nu7,3
2021-02-13 07:00:00,M0031,nu7,4
2021-12-17 07:00:00,M0031,nu7,17
2022-03-01 07:00:00,M0031,nu7,15
1982-12-06 13:00:00,M0031,nu13,3
1985-01-13 13:00:00,M0031,nu13,3
1990-08-27 13:00:00,M0031,nu13,10
1998-11-29 13:00:00,M0031,nu13,8
2020-12-25 13:00:00,M0031,nu13,3
2021-01-01 13:00:00,M0031,nu13,3
2021-02-13 13:00:00,M0031,nu13,4
2021-12-17 13:00:00,M0031,nu13,17
2022-03-01 13:00:00,M0031,nu13,15
1982-02-01 19:00:00,M0031,nu19,3
1982-02-06 19:00:00,M0031,nu19,4
1982-02-11 19:00:00,M0031,nu19,6
1982-11-01 19:00:00,M0031,nu19,3
1982-11-18 19:00:00,M0031,nu19,3
1982-12-15 19:00:00,M0031,nu19,3
1983-01-13 19:00:00,M0031,nu19,4
1983-01-24 19:00:00,M0031,nu19,5
1983-08-31 19:00:00,M0031,nu19,3
1984-01-19 19:00:00,M0031,nu19,3
1984-03-26 19:00:00,M0031,nu19,3
1984-12-02 19:00:00,M0031,nu19,3
1984-12-06 19:00:00,M0031,nu19,3
1985-01-05 19:00:00,M0031,nu19,3
1985-03-29 19:00:00,M0031,nu19,3
1985-09-16 19:00:00,M0031,nu19,3
1987-01-21 19:00:00,M0031,nu19,3
1987-05-20 19:00:00,M0031,nu19,3
1988-07-02 19:00:00,M0031,nu19,3
1988-12-15 19:00:00,M0031,nu19,3
1988-12-25 19:00:00,M0031,nu19,3
1989-02-06 19:00:00,M0031,nu19,3
1989-02-20 19:00:00,M0031,nu19,3
1989-12-23 19:00:00,M0031,nu19,3
1990-03-21 19:00:00,M0031,nu19,3
1990-05-11 19:00:00,M0031,nu19,3
1990-06-01 19:00:00,M0031,nu19,3
1990-08-27 19:00:00,M0031,nu19,10
1990-10-16 19:00:00,M0031,nu19,5
1990-12-21 19:00:00,M0031,nu19,4
1991-09-27 19:00:00,M0031,nu19,3
1997-12-15 19:00:00,M0031,nu19,4
1998-11-29 19:00:00,M0031,nu19,8
1999-01-28 19:00:00,M0031,nu19,9
1999-02-13 19:00:00,M0031,nu19,4
1999-02-25 19:00:00,M0031,nu19,3
1999-04-29 19:00:00,M0031,nu19,4
1999-05-04 19:00:00,M0031,nu19,3
1999-09-23 19:00:00,M0031,nu19,3
1999-10-16 19:00:00,M0031,nu19,3
1999-11-23 19:00:00,M0031,nu19,3
1999-11-28 19:00:00,M0031,nu19,6
1999-12-14 19:00:00,M0031,nu19,7
2001-01-04 19:00:00,M0031,nu19,3
2001-01-12 19:00:00,M0031,nu19,3
2001-01-16 19:00:00,M0031,nu19,3
2001-02-24 19:00:00,M0031,nu19,4
2001-03-23 19:00:00,M0031,nu19,3
2001-12-31 19:00:00,M0031,nu19,3
2002-01-17 19:00:00,M0031,nu19,3
2002-02-13 19:00:00,M0031,nu19,4
2002-03-15 19:00:00,M0031,nu19,3
2002-12-03 19:00:00,M0031,nu19,4
2002-12-14 19:00:00,M0031,nu19,3
2005-01-03 19:00:00,M0031,nu19,4
2005-09-25 19:00:00,M0031,nu19,4
2005-12-11 19:00:00,M0031,nu19,4
2020-12-25 19:00:00,M0031,nu19,3
2021-01-01 19:00:00,M0031,nu19,3
2021-02-13 19:00:00,M0031,nu19,4
2021-12-17 19:00:00,M0031,nu19,17
2022-03-01 19:00:00,M0031,nu19,15
1970-07-14 07:00:00,M0033,nu7,7
1970-07-28 07:00:00,M0033,nu7,5
1970-08-15 07:00:00,M0033,nu7,5
1970-09-25 07:00:00,M0033,nu7,8
1970-10-20 07:00:00,M0033,nu7,12
2003-11-19 07:00:00,M0033,nu7,3
2007-10-25 07:00:00,M0033,nu7,9
2020-03-18 07:00:00,M0033,nu7,14
2021-04-30 07:00:00,M0033,nu7,3
2021-08-07 07:00:00,M0033,nu7,3
2021-10-08 07:00:00,M0033,nu7,3
2021-10-30 07:00:00,M0033,nu7,5
2021-11-19 07:00:00,M0033,nu7,3
1970-07-14 13:00:00,M0033,nu13,7
1970-07-27 13:00:00,M0033,nu13,6
1970-08-15 13:00:00,M0033,nu13,5
1970-09-25 13:00:00,M0033,nu13,8
1970-10-19 13:00:00,M0033,nu13,13
2007-10-24 13:00:00,M0033,nu13,10
2020-03-18 13:00:00,M0033,nu13,14
2021-04-30 13:00:00,M0033,nu13,3
2021-08-07 13:00:00,M0033,nu13,3
2021-10-08 13:00:00,M0033,nu13,3
2021-10-30 13:00:00,M0033,nu13,5
2021-11-19 13:00:00,M0033,nu13,3
1970-07-13 19:00:00,M0033,nu19,8
1970-07-27 19:00:00,M0033,nu19,6
1970-08-15 19:00:00,M0033,nu19,5
1970-09-24 19:00:00,M0033,nu19,9
1970-10-19 19:00:00,M0033,nu19,13
2007-10-24 19:00:00,M0033,nu19,10
2020-03-17 19:00:00,M0033,nu19,15
2021-04-30 19:00:00,M0033,nu19,3
2021-08-07 19:00:00,M0033,nu19,3
2021-10-08 19:00:00,M0033,nu19,3
2021-10-30 19:00:00,M0033,nu19,5
2021-11-19 19:00:00,M0033,nu19,3
1974-09-09 07:00:00,M0037,nu7,4
1979-12-25 07:00:00,M0037,nu7,8
2021-01-10 07:00:00,M0037,nu7,6
1974-09-09 13:00:00,M0037,nu13,4
1979-12-25 13:00:00,M0037,nu13,8
2020-11-01 13:00:00,M0037,nu13,3
2021-01-09 13:00:00,M0037,nu13,7
1974-09-09 19:00:00,M0037,nu19,4
1979-12-25 19:00:00,M0037,nu19,8
2020-06-22 19:00:00,M0037,nu19,6
2020-11-01 19:00:00,M0037,nu19,3
2021-01-10 19:00:00,M0037,nu19,6
1945-12-27 07:00:00,M0057,nu7,11
1946-12-23 07:00:00,M0057,nu7,12
1960-02-26 07:00:00,M0057,nu7,14
1960-04-05 07:00:00,M0057,nu7,6
1960-05-18 07:00:00,M0057,nu7,33
1966-12-20 07:00:00,M0057,nu7,3
1967-01-01 07:00:00,M0057,nu7,6
1967-05-31 07:00:00,M0057,nu7,3
1968-10-02 07:00:00,M0057,nu7,4
1969-06-16 07:00:00,M0057,nu7,3
1969-07-02 07:00:00,M0057,nu7,3
1969-07-28 07:00:00,M0057,nu7,4
1970-07-27 07:00:00,M0057,nu7,5
1970-12-24 07:00:00,M0057,nu7,7
1971-02-19 07:00:00,M0057,nu7,3
1972-03-25 07:00:00,M0057,nu7,4
1972-07-20 07:00:00,M0057,nu7,3
1973-12-06 07:00:00,M0057,nu7,3
1974-01-02 07:00:00,M0057,nu7,5
1979-10-26 07:00:00,M0057,nu7,3
1983-12-14 07:00:00,M0057,nu7,3
1983-12-31 07:00:00,M0057,nu7,7
1984-12-01 07:00:00,M0057,nu7,31
1986-04-28 07:00:00,M0057,nu7,3
1945-12-27 13:00:00,M0057,nu13,11
1946-08-06 13:00:00,M0057,nu13,3
1946-12-23 13:00:00,M0057,nu13,12
1960-02-26 13:00:00,M0057,nu13,14
1960-04-05 13:00:00,M0057,nu13,6
1960-05-18 13:00:00,M0057,nu13,33
1966-12-19 13:00:00,M0057,nu13,4
1967-01-01 13:00:00,M0057,nu13,6
1967-05-31 13:00:00,M0057,nu13,3
1968-10-02 13:00:00,M0057,nu13,5
1968-12-05 13:00:00,M0057,nu13,4
1968-12-12 13:00:00,M0057,nu13,4
1969-06-14 13:00:00,M0057,nu13,5
1969-06-29 13:00:00,M0057,nu13,8
1969-07-26 13:00:00,M0057,nu13,6
1970-07-27 13:00:00,M0057,nu13,5
1970-12-24 13:00:00,M0057,nu13,7
1971-02-19 13:00:00,M0057,nu13,3
1972-03-25 13:00:00,M0057,nu13,4
1972-04-19 13:00:00,M0057,nu13,3
1972-07-20 13:00:00,M0057,nu13,3
1973-11-02 13:00:00,M0057,nu13,3
1973-12-05 13:00:00,M0057,nu13,3
1974-01-02 13:00:00,M0057,nu13,5
1979-10-26 13:00:00,M0057,nu13,3
1983-03-31 13:00:00,M0057,nu13,4
1983-09-16 13:00:00,M0057,nu13,3
1983-10-08 13:00:00,M0057,nu13,3
1983-10-28 13:00:00,M0057,nu13,3
1983-11-02 13:00:00,M0057,nu13,5
1983-12-14 13:00:00,M0057,nu13,5
1983-12-31 13:00:00,M0057,nu13,9
1984-03-03 13:00:00,M0057,nu13,4
1984-04-19 13:00:00,M0057,nu13,4
1984-04-26 13:00:00,M0057,nu13,4
1984-12-01 13:00:00,M0057,nu13,31
1985-10-11 13:00:00,M0057,nu13,3
1986-04-28 13:00:00,M0057,nu13,3
1945-12-27 19:00:00,M0057,nu19,11
1946-12-23 19:00:00,M0057,nu19,14
1958-08-07 19:00:00,M0057,nu19,70
1958-10-17 19:00:00,M0057,nu19,5
1958-10-23 19:00:00,M0057,nu19,74
1959-01-06 19:00:00,M0057,nu19,20
1960-02-26 19:00:00,M0057,nu19,14
1960-04-05 19:00:00,M0057,nu19,6
1960-05-18 19:00:00,M0057,nu19,33
1961-12-20 19:00:00,M0057,nu19,9
1966-07-15 19:00:00,M0057,nu19,3
1966-12-19 19:00:00,M0057,nu19,4
1967-01-01 19:00:00,M0057,nu19,6
1967-05-31 19:00:00,M0057,nu19,5
1968-10-01 19:00:00,M0057,nu19,6
1968-12-05 19:00:00,M0057,nu19,5
1968-12-11 19:00:00,M0057,nu19,5
1968-12-21 19:00:00,M0057,nu19,6
1969-01-04 19:00:00,M0057,nu19,3
1969-06-13 19:00:00,M0057,nu19,6
1969-07-01 19:00:00,M0057,nu19,6
1969-07-26 19:00:00,M0057,nu19,6
1969-10-25 19:00:00,M0057,nu19,3
1970-07-27 19:00:00,M0057,nu19,5
1970-12-24 19:00:00,M0057,nu19,7
1971-02-19 19:00:00,M0057,nu19,3
1971-07-10 19:00:00,M0057,nu19,3
1971-12-04 19:00:00,M0057,nu19,3
1971-12-31 19:00:00,M0057,nu19,3
1972-03-25 19:00:00,M0057,nu19,4
1972-03-30 19:00:00,M0057,nu19,4
1972-04-19 19:00:00,M0057,nu19,5
1972-04-29 19:00:00,M0057,nu19,3
1972-07-20 19:00:00,M0057,nu19,4
1972-11-02 19:00:00,M0057,nu19,4
1972-12-23 19:00:00,M0057,nu19,3
1973-08-10 19:00:00,M0057,nu19,3
1973-10-12 19:00:00,M0057,nu19,3
1973-11-02 19:00:00,M0057,nu19,3
1973-12-05 19:00:00,M0057,nu19,5
1973-12-22 19:00:00,M0057,nu19,4
1973-12-29 19:00:00,M0057,nu19,3
1974-01-02 19:00:00,M0057,nu19,5
1974-04-12 19:00:00,M0057,nu19,3
1975-03-27 19:00:00,M0057,nu19,4
1978-10-07 19:00:00,M0057,nu19,3
1978-10-13 19:00:00,M0057,nu19,3
1979-10-12 19:00:00,M0057,nu19,3
1979-10-19 19:00:00,M0057,nu19,3
1979-10-26 19:00:00,M0057,nu19,3
1983-03-31 19:00:00,M0057,nu19,4
1983-09-16 19:00:00,M0057,nu19,3
1983-10-08 19:00:00,M0057,nu19,3
1983-10-28 19:00:00,M0057,nu19,3
1983-11-02 19:00:00,M0057,nu19,5
1983-12-14 19:00:00,M0057,nu19,5
1983-12-31 19:00:00,M0057,nu19,9
1984-03-03 19:00:00,M0057,nu19,4
1984-04-19 19:00:00,M0057,nu19,4
1984-04-26 19:00:00,M0057,nu19,4
1984-12-01 19:00:00,M0057,nu19,31
1985-10-11 19:00:00,M0057,nu19,3
1986-04-28 19:00:00,M0057,nu19,3
1969-03-01 07:00:00,M0058,nu7,13
1969-07-01 07:00:00,M0058,nu7,9
1969-08-04 07:00:00,M0058,nu7,3
1969-12-18 07:00:00,M0058,nu7,3
1970-01-09 07:00:00,M0058,nu7,3
1970-02-13 07:00:00,M0058,nu7,3
1970-07-07 07:00:00,M0058,nu7,3
1975-03-29 07:00:00,M0058,nu7,4
1975-10-30 07:00:00,M0058,nu7,6
1976-12-21 07:00:00,M0058,nu7,4
1977-02-17 07:00:00,M0058,nu7,3
1977-02-27 07:00:00,M0058,nu7,3
1977-05-06 07:00:00,M0058,nu7,5
1977-05-15 07:00:00,M0058,nu7,4
1977-05-20 07:00:00,M0058,nu7,5
1977-05-30 07:00:00,M0058,nu7,4
1981-09-26 07:00:00,M0058,nu7,5
1982-02-26 07:00:00,M0058,nu7,3
1969-03-01 13:00:00,M0058,nu13,13
1969-07-01 13:00:00,M0058,nu13,9
1969-07-25 13:00:00,M0058,nu13,3
1969-08-04 13:00:00,M0058,nu13,3
1969-12-18 13:00:00,M0058,nu13,3
1970-01-09 13:00:00,M0058,nu13,3
1970-02-13 13:00:00,M0058,nu13,3
1970-07-07 13:00:00,M0058,nu13,3
1975-03-29 13:00:00,M0058,nu13,4
1975-07-31 13:00:00,M0058,nu13,3
1975-10-30 13:00:00,M0058,nu13,6
1976-12-21 13:00:00,M0058,nu13,4
1977-02-17 13:00:00,M0058,nu13,3
1977-02-27 13:00:00,M0058,nu13,3
1977-05-06 13:00:00,M0058,nu13,5
1977-05-15 13:00:00,M0058,nu13,4
1977-05-20 13:00:00,M0058,nu13,5
1977-05-30 13:00:00,M0058,nu13,4
1981-09-26 13:00:00,M0058,nu13,5
1982-02-26 13:00:00,M0058,nu13,3
1967-07-01 19:00:00,M0058,nu19,1857
1981-09-26 19:00:00,M0058,nu19,5
1987-05-10 19:00:00,M0058,nu19,10
1945-09-01 07:00:00,M0059,nu7,81
1951-09-01 07:00:00,M0059,nu7,32
1958-12-28 07:00:00,M0059,nu7,4
1959-08-09 07:00:00,M0059,nu7,9
1959-12-02 07:00:00,M0059,nu7,7
1960-03-01 07:00:00,M0059,nu7,23
1972-01-01 07:00:00,M0059,nu7,5
1974-03-16 07:00:00,M0059,nu7,3
1980-02-27 07:00:00,M0059,nu7,6
1983-03-06 07:00:00,M0059,nu7,9
1945-09-01 13:00:00,M0059,nu13,81
1951-09-01 13:00:00,M0059,nu13,32
1957-11-28 13:00:00,M0059,nu13,3
1958-12-28 13:00:00,M0059,nu13,4
1959-08-09 13:00:00,M0059,nu13,8
1959-12-01 13:00:00,M0059,nu13,7
1960-03-01 13:00:00,M0059,nu13,23
1960-09-30 13:00:00,M0059,nu13,3
1972-01-01 13:00:00,M0059,nu13,5
1974-03-08 13:00:00,M0059,nu13,3
1974-03-15 13:00:00,M0059,nu13,4
1975-02-09 13:00:00,M0059,nu13,3
1976-01-07 13:00:00,M0059,nu13,3
1977-10-28 13:00:00,M0059,nu13,3
1980-02-16 13:00:00,M0059,nu13,4
1980-02-27 13:00:00,M0059,nu13,6
1980-04-03 13:00:00,M0059,nu13,4
1983-03-05 13:00:00,M0059,nu13,10
1945-09-01 19:00:00,M0059,nu19,82
1951-09-01 19:00:00,M0059,nu19,32
1957-11-28 19:00:00,M0059,nu19,4
1958-12-28 19:00:00,M0059,nu19,4
1959-08-09 19:00:00,M0059,nu19,8
1959-12-02 19:00:00,M0059,nu19,7
1960-03-01 19:00:00,M0059,nu19,23
1960-09-01 19:00:00,M0059,nu19,32
1971-10-10 19:00:00,M0059,nu19,5
1971-10-19 19:00:00,M0059,nu19,75
1972-12-23 19:00:00,M0059,nu19,3
1972-12-30 19:00:00,M0059,nu19,3
1973-11-13 19:00:00,M0059,nu19,10
1974-03-01 19:00:00,M0059,nu19,25
1974-05-04 19:00:00,M0059,nu19,7
1974-05-17 19:00:00,M0059,nu19,8
1974-07-01 19:00:00,M0059,nu19,3
1974-07-19 19:00:00,M0059,nu19,3
1974-09-11 19:00:00,M0059,nu19,5
1974-09-25 19:00:00,M0059,nu19,5
1974-11-01 19:00:00,M0059,nu19,38
1974-12-13 19:00:00,M0059,nu19,3
1975-01-15 19:00:00,M0059,nu19,30
1976-01-07 19:00:00,M0059,nu19,3
1977-09-30 19:00:00,M0059,nu19,3
1977-10-28 19:00:00,M0059,nu19,3
1978-12-02 19:00:00,M0059,nu19,3
1979-10-10 19:00:00,M0059,nu19,15
1979-10-26 19:00:00,M0059,nu19,17
1979-12-22 19:00:00,M0059,nu19,6
1979-12-29 19:00:00,M0059,nu19,3
1980-02-14 19:00:00,M0059,nu19,20
1980-03-08 19:00:00,M0059,nu19,6
1980-04-03 19:00:00,M0059,nu19,4
1983-03-05 19:00:00,M0059,nu19,10
1983-03-18 19:00:00,M0059,nu19,3
1983-04-01 19:00:00,M0059,nu19,3
1983-04-14 19:00:00,M0059,nu19,5
1983-05-13 19:00:00,M0059,nu19,4
1983-05-26 19:00:00,M0059,nu19,6
1983-06-10 19:00:00,M0059,nu19,6
1983-06-23 19:00:00,M0059,nu19,7
1983-07-07 19:00:00,M0059,nu19,5
1983-07-20 19:00:00,M0059,nu19,6
1983-08-03 19:00:00,M0059,nu19,6
1983-08-18 19:00:00,M0059,nu19,6
1983-08-31 19:00:00,M0059,nu19,6
1983-09-15 19:00:00,M0059,nu19,3
1983-09-28 19:00:00,M0059,nu19,6
1983-10-14 19:00:00,M0059,nu19,7
1983-10-27 19:00:00,M0059,nu19,3
1983-11-11 19:00:00,M0059,nu19,6
1983-11-25 19:00:00,M0059,nu19,7
1983-12-08 19:00:00,M0059,nu19,8
1983-12-23 19:00:00,M0059,nu19,7
1984-01-06 19:00:00,M0059,nu19,6
1984-01-23 19:00:00,M0059,nu19,4
1984-02-07 19:00:00,M0059,nu19,6
1984-02-20 19:00:00,M0059,nu19,10
1985-06-29 19:00:00,M0059,nu19,4
1979-01-10 07:00:00,M0062,nu7,6
1979-02-09 07:00:00,M0062,nu7,4
1979-05-15 07:00:00,M0062,nu7,4
1979-05-24 07:00:00,M0062,nu7,3
1979-07-10 07:00:00,M0062,nu7,3
1979-01-10 13:00:00,M0062,nu13,6
1979-02-09 13:00:00,M0062,nu13,4
1979-02-25 13:00:00,M0062,nu13,3
1979-05-13 13:00:00,M0062,nu13,5
1979-05-24 13:00:00,M0062,nu13,4
1979-07-08 13:00:00,M0062,nu13,4
1979-01-09 19:00:00,M0062,nu19,7
1979-02-09 19:00:00,M0062,nu19,4
1979-02-24 19:00:00,M0062,nu19,4
1979-04-12 19:00:00,M0062,nu19,4
1979-05-12 19:00:00,M0062,nu19,6
1979-05-23 19:00:00,M0062,nu19,5
1979-07-07 19:00:00,M0062,nu19,5
1979-07-14 19:00:00,M0062,nu19,3
1960-11-08 07:00:00,M0063,nu7,6
1968-10-22 07:00:00,M0063,nu7,4
1973-04-20 07:00:00,M0063,nu7,4
1960-11-08 13:00:00,M0063,nu13,6
1965-12-24 13:00:00,M0063,nu13,3
1965-12-31 13:00:00,M0063,nu13,3
1966-11-01 13:00:00,M0063,nu13,3
1968-04-11 13:00:00,M0063,nu13,4
1968-10-22 13:00:00,M0063,nu13,3
1973-04-20 13:00:00,M0063,nu13,4
1960-11-08 19:00:00,M0063,nu19,6
1965-04-16 19:00:00,M0063,nu19,3
1965-05-22 19:00:00,M0063,nu19,3
1965-12-24 19:00:00,M0063,nu19,3
1965-12-31 19:00:00,M0063,nu19,3
1966-11-01 19:00:00,M0063,nu19,3
1967-03-23 19:00:00,M0063,nu19,4
1967-07-22 19:00:00,M0063,nu19,3
1968-03-15 19:00:00,M0063,nu19,3
1968-04-11 19:00:00,M0063,nu19,4
1968-10-21 19:00:00,M0063,nu19,4
1970-08-08 19:00:00,M0063,nu19,3
1973-04-20 19:00:00,M0063,nu19,4
1973-10-12 19:00:00,M0063,nu19,3
1975-07-31 19:00:00,M0063,nu19,5
1975-12-01 19:00:00,M0063,nu19,21
1957-09-23 07:00:00,M0064,nu7,3
1958-01-01 07:00:00,M0064,nu7,14
1958-03-29 07:00:00,M0064,nu7,9
1958-07-29 07:00:00,M0064,nu7,3
1959-03-09 07:00:00,M0064,nu7,4
1959-07-28 07:00:00,M0064,nu7,6
1960-01-01 07:00:00,M0064,nu7,31
1960-07-20 07:00:00,M0064,nu7,36
1960-11-29 07:00:00,M0064,nu7,33
1970-01-01 07:00:00,M0064,nu7,4
1983-08-13 07:00:00,M0064,nu7,3
1983-09-17 07:00:00,M0064,nu7,3
1983-10-08 07:00:00,M0064,nu7,3
1983-10-28 07:00:00,M0064,nu7,3
1983-11-02 07:00:00,M0064,nu7,5
1984-04-20 07:00:00,M0064,nu7,3
1984-10-06 07:00:00,M0064,nu7,3
1984-10-12 07:00:00,M0064,nu7,3
1984-10-27 07:00:00,M0064,nu7,3
1984-12-01 07:00:00,M0064,nu7,31
1985-10-11 07:00:00,M0064,nu7,3
1985-10-26 07:00:00,M0064,nu7,4
1985-12-28 07:00:00,M0064,nu7,10
1986-02-21 07:00:00,M0064,nu7,3
1986-03-26 07:00:00,M0064,nu7,5
1986-04-11 07:00:00,M0064,nu7,3
1986-05-23 07:00:00,M0064,nu7,3
1956-07-01 13:00:00,M0064,nu13,5
1957-01-26 13:00:00,M0064,nu13,4
1957-09-23 13:00:00,M0064,nu13,3
1957-12-27 13:00:00,M0064,nu13,3
1957-12-31 13:00:00,M0064,nu13,15
1958-01-29 13:00:00,M0064,nu13,3
1958-03-29 13:00:00,M0064,nu13,9
1958-07-27 13:00:00,M0064,nu13,5
1959-03-09 13:00:00,M0064,nu13,4
1959-07-25 13:00:00,M0064,nu13,9
1960-01-01 13:00:00,M0064,nu13,31
1960-07-19 13:00:00,M0064,nu13,37
1960-11-28 13:00:00,M0064,nu13,34
1970-01-01 13:00:00,M0064,nu13,4
1977-02-10 13:00:00,M0064,nu13,3
1977-04-07 13:00:00,M0064,nu13,4
1983-08-13 13:00:00,M0064,nu13,3
1983-09-17 13:00:00,M0064,nu13,3
1983-10-08 13:00:00,M0064,nu13,3
1983-10-28 13:00:00,M0064,nu13,3
1983-11-02 13:00:00,M0064,nu13,5
1984-04-20 13:00:00,M0064,nu13,3
1984-10-06 13:00:00,M0064,nu13,3
1984-10-12 13:00:00,M0064,nu13,3
1984-10-27 13:00:00,M0064,nu13,3
1984-12-01 13:00:00,M0064,nu13,31
1985-10-11 13:00:00,M0064,nu13,3
1985-10-26 13:00:00,M0064,nu13,4
1985-11-22 13:00:00,M0064,nu13,3
1985-12-28 13:00:00,M0064,nu13,10
1986-02-21 13:00:00,M0064,nu13,3
1986-03-26 13:00:00,M0064,nu13,5
1986-04-11 13:00:00,M0064,nu13,3
1986-05-23 13:00:00,M0064,nu13,3
1956-07-01 19:00:00,M0064,nu19,4
1957-07-19 19:00:00,M0064,nu19,3
1957-09-23 19:00:00,M0064,nu19,3
1957-12-31 19:00:00,M0064,nu19,15
1958-01-29 19:00:00,M0064,nu19,3
1958-03-29 19:00:00,M0064,nu19,9
1958-07-27 19:00:00,M0064,nu19,5
1959-03-09 19:00:00,M0064,nu19,4
1959-07-25 19:00:00,M0064,nu19,9
1960-01-01 19:00:00,M0064,nu19,31
1960-07-19 19:00:00,M0064,nu19,37
1960-11-28 19:00:00,M0064,nu19,34
1964-06-18 19:00:00,M0064,nu19,11
1970-01-01 19:00:00,M0064,nu19,4
1977-02-10 19:00:00,M0064,nu19,3
1977-04-07 19:00:00,M0064,nu19,4
1978-10-07 19:00:00,M0064,nu19,3
1978-10-13 19:00:00,M0064,nu19,3
1983-08-13 19:00:00,M0064,nu19,3
1983-09-17 19:00:00,M0064,nu19,3
1983-10-08 19:00:00,M0064,nu19,3
1983-10-28 19:00:00,M0064,nu19,3
1983-11-02 19:00:00,M0064,nu19,5
1984-04-20 19:00:00,M0064,nu19,3
1984-10-06 19:00:00,M0064,nu19,3
1984-10-12 19:00:00,M0064,nu19,3
1984-10-27 19:00:00,M0064,nu19,3
1984-12-01 19:00:00,M0064,nu19,31
1985-10-11 19:00:00,M0064,nu19,3
1985-10-26 19:00:00,M0064,nu19,4
1985-11-01 19:00:00,M0064,nu19,3
1985-11-22 19:00:00,M0064,nu19,3
1985-12-28 19:00:00,M0064,nu19,10
1986-02-21 19:00:00,M0064,nu19,3
1986-03-14 19:00:00,M0064,nu19,3
1986-03-26 19:00:00,M0064,nu19,5
1986-04-11 19:00:00,M0064,nu19,3
1986-05-23 19:00:00,M0064,nu19,3
1966-01-05 07:00:00,M0066,nu7,8
1966-07-13 07:00:00,M0066,nu7,5
1967-08-01 07:00:00,M0066,nu7,15
1967-09-04 07:00:00,M0066,nu7,7
1967-12-31 07:00:00,M0066,nu7,8
1968-04-26 07:00:00,M0066,nu7,26
1968-09-20 07:00:00,M0066,nu7,21
1968-12-04 07:00:00,M0066,nu7,3
1968-12-30 07:00:00,M0066,nu7,7
1969-04-07 07:00:00,M0066,nu7,4
1969-06-12 07:00:00,M0066,nu7,3
1970-03-04 07:00:00,M0066,nu7,3
1970-03-11 07:00:00,M0066,nu7,3
1970-03-25 07:00:00,M0066,nu7,3
1970-07-01 07:00:00,M0066,nu7,8
1970-10-22 07:00:00,M0066,nu7,3
1970-11-20 07:00:00,M0066,nu7,3
1971-02-26 07:00:00,M0066,nu7,3
1971-04-16 07:00:00,M0066,nu7,5
1971-08-06 07:00:00,M0066,nu7,3
1971-10-15 07:00:00,M0066,nu7,3
1971-12-03 07:00:00,M0066,nu7,3
1971-12-31 07:00:00,M0066,nu7,4
1972-01-28 07:00:00,M0066,nu7,3
1972-03-03 07:00:00,M0066,nu7,4
1972-09-22 07:00:00,M0066,nu7,3
1973-08-08 07:00:00,M0066,nu7,3
1973-10-05 07:00:00,M0066,nu7,3
1977-01-01 07:00:00,M0066,nu7,820
1985-12-07 07:00:00,M0066,nu7,3
1985-12-21 07:00:00,M0066,nu7,8
1986-02-21 07:00:00,M0066,nu7,3
1986-05-16 07:00:00,M0066,nu7,3
1966-01-05 13:00:00,M0066,nu13,8
1966-02-20 13:00:00,M0066,nu13,3
1966-07-13 13:00:00,M0066,nu13,5
1967-08-01 13:00:00,M0066,nu13,15
1967-09-03 13:00:00,M0066,nu13,8
1967-09-29 13:00:00,M0066,nu13,3
1967-12-31 13:00:00,M0066,nu13,8
1968-02-25 13:00:00,M0066,nu13,3
1968-04-11 13:00:00,M0066,nu13,4
1968-04-26 13:00:00,M0066,nu13,26
1968-09-20 13:00:00,M0066,nu13,21
1968-12-04 13:00:00,M0066,nu13,3
1968-12-29 13:00:00,M0066,nu13,9
1969-02-16 13:00:00,M0066,nu13,3
1969-04-06 13:00:00,M0066,nu13,5
1969-06-12 13:00:00,M0066,nu13,4
1970-03-04 13:00:00,M0066,nu13,3
1970-03-11 13:00:00,M0066,nu13,3
1970-03-25 13:00:00,M0066,nu13,3
1970-07-01 13:00:00,M0066,nu13,8
1970-10-11 13:00:00,M0066,nu13,3
1970-10-22 13:00:00,M0066,nu13,4
1970-11-20 13:00:00,M0066,nu13,3
1971-02-21 13:00:00,M0066,nu13,3
1971-02-26 13:00:00,M0066,nu13,3
1971-04-16 13:00:00,M0066,nu13,5
1971-08-06 13:00:00,M0066,nu13,3
1971-10-15 13:00:00,M0066,nu13,3
1971-12-03 13:00:00,M0066,nu13,4
1971-12-31 13:00:00,M0066,nu13,4
1972-01-28 13:00:00,M0066,nu13,3
1972-03-03 13:00:00,M0066,nu13,4
1972-04-25 13:00:00,M0066,nu13,3
1972-09-22 13:00:00,M0066,nu13,3
1972-12-15 13:00:00,M0066,nu13,3
1973-06-15 13:00:00,M0066,nu13,3
1973-08-07 13:00:00,M0066,nu13,3
1973-10-05 13:00:00,M0066,nu13,3
1977-01-01 13:00:00,M0066,nu13,820
1985-10-26 13:00:00,M0066,nu13,3
1985-11-15 13:00:00,M0066,nu13,3
1985-12-05 13:00:00,M0066,nu13,5
1985-12-21 13:00:00,M0066,nu13,9
1986-02-08 13:00:00,M0066,nu13,4
1986-02-21 13:00:00,M0066,nu13,3
1986-03-08 13:00:00,M0066,nu13,3
1986-03-26 13:00:00,M0066,nu13,5
1986-04-25 13:00:00,M0066,nu13,3
1986-05-16 13:00:00,M0066,nu13,3
1966-01-05 19:00:00,M0066,nu19,8
1966-02-20 19:00:00,M0066,nu19,3
1966-07-13 19:00:00,M0066,nu19,5
1967-08-01 19:00:00,M0066,nu19,15
1967-09-02 19:00:00,M0066,nu19,9
1967-09-29 19:00:00,M0066,nu19,3
1967-10-07 19:00:00,M0066,nu19,3
1967-10-27 19:00:00,M0066,nu19,3
1967-11-02 19:00:00,M0066,nu19,4
1967-11-09 19:00:00,M0066,nu19,4
1967-12-23 19:00:00,M0066,nu19,3
1967-12-30 19:00:00,M0066,nu19,9
1968-02-24 19:00:00,M0066,nu19,4
1968-04-11 19:00:00,M0066,nu19,4
1968-04-26 19:00:00,M0066,nu19,28
1968-08-15 19:00:00,M0066,nu19,4
1968-09-05 19:00:00,M0066,nu19,4
1968-09-19 19:00:00,M0066,nu19,22
1968-12-04 19:00:00,M0066,nu19,5
1968-12-28 19:00:00,M0066,nu19,10
1969-02-15 19:00:00,M0066,nu19,4
1969-04-03 19:00:00,M0066,nu19,7
1969-06-12 19:00:00,M0066,nu19,4
1969-10-02 19:00:00,M0066,nu19,4
1970-01-23 19:00:00,M0066,nu19,3
1970-03-04 19:00:00,M0066,nu19,5
1970-03-11 19:00:00,M0066,nu19,5
1970-03-25 19:00:00,M0066,nu19,5
1970-06-12 19:00:00,M0066,nu19,3
1970-07-01 19:00:00,M0066,nu19,8
1970-10-10 19:00:00,M0066,nu19,4
1970-10-22 19:00:00,M0066,nu19,4
1970-11-20 19:00:00,M0066,nu19,3
1971-01-01 19:00:00,M0066,nu19,3
1971-02-20 19:00:00,M0066,nu19,4
1971-02-26 19:00:00,M0066,nu19,3
1971-04-16 19:00:00,M0066,nu19,5
1971-05-22 19:00:00,M0066,nu19,3
1971-07-10 19:00:00,M0066,nu19,3
1971-07-24 19:00:00,M0066,nu19,3
1971-08-06 19:00:00,M0066,nu19,3
1971-08-20 19:00:00,M0066,nu19,3
1971-10-15 19:00:00,M0066,nu19,3
1971-12-03 19:00:00,M0066,nu19,4
1971-12-31 19:00:00,M0066,nu19,4
1972-01-28 19:00:00,M0066,nu19,3
1972-02-12 19:00:00,M0066,nu19,4
1972-03-03 19:00:00,M0066,nu19,4
1972-04-25 19:00:00,M0066,nu19,3
1972-06-09 19:00:00,M0066,nu19,3
1972-09-22 19:00:00,M0066,nu19,3
1972-12-15 19:00:00,M0066,nu19,3
1972-12-23 19:00:00,M0066,nu19,3
1973-03-02 19:00:00,M0066,nu19,5
1973-04-19 19:00:00,M0066,nu19,4
1973-06-15 19:00:00,M0066,nu19,3
1973-08-07 19:00:00,M0066,nu19,6
1973-10-05 19:00:00,M0066,nu19,3
1973-10-12 19:00:00,M0066,nu19,3
1973-11-02 19:00:00,M0066,nu19,3
1974-02-23 19:00:00,M0066,nu19,4
1977-01-01 19:00:00,M0066,nu19,820
1985-10-26 19:00:00,M0066,nu19,3
1985-11-15 19:00:00,M0066,nu19,3
1985-12-05 19:00:00,M0066,nu19,5
1985-12-21 19:00:00,M0066,nu19,9
1986-02-08 19:00:00,M0066,nu19,4
1986-02-21 19:00:00,M0066,nu19,3
1986-03-08 19:00:00,M0066,nu19,3
1986-03-26 19:00:00,M0066,nu19,5
1986-04-25 19:00:00,M0066,nu19,3
1986-05-16 19:00:00,M0066,nu19,3
1938-01-01 07:00:00,M0103,nu7,972
1962-10-01 07:00:00,M0103,nu7,23
1974-06-01 07:00:00,M0103,nu7,19
1975-09-22 07:00:00,M0103,nu7,9
2017-02-06 07:00:00,M0103,nu7,7
2017-03-25 07:00:00,M0103,nu7,9
2020-02-22 07:00:00,M0103,nu7,4
2020-04-10 07:00:00,M0103,nu7,3
2020-12-22 07:00:00,M0103,nu7,15
2021-02-13 07:00:00,M0103,nu7,4
2021-04-02 07:00:00,M0103,nu7,3
2021-04-30 07:00:00,M0103,nu7,3
2021-05-22 07:00:00,M0103,nu7,3
2021-07-20 07:00:00,M0103,nu7,15
2021-08-07 07:00:00,M0103,nu7,3
2021-10-08 07:00:00,M0103,nu7,3
2021-10-29 07:00:00,M0103,nu7,5
2021-11-19 07:00:00,M0103,nu7,3
2021-12-18 07:00:00,M0103,nu7,17
2022-02-26 07:00:00,M0103,nu7,4
2022-03-19 07:00:00,M0103,nu7,17
2022-04-15 07:00:00,M0103,nu7,3
2022-04-30 07:00:00,M0103,nu7,3
2022-05-21 07:00:00,M0103,nu7,3
2022-06-04 07:00:00,M0103,nu7,16
2022-10-08 07:00:00,M0103,nu7,3
2022-11-03 07:00:00,M0103,nu7,4
2022-11-18 07:00:00,M0103,nu7,3
2022-12-17 07:00:00,M0103,nu7,17
2023-02-18 07:00:00,M0103,nu7,4
2023-02-25 07:00:00,M0103,nu7,3
1938-01-01 13:00:00,M0103,nu13,972
1962-10-01 13:00:00,M0103,nu13,23
1974-06-01 13:00:00,M0103,nu13,18
1975-09-22 13:00:00,M0103,nu13,9
2017-02-06 13:00:00,M0103,nu13,7
2017-03-25 13:00:00,M0103,nu13,9
2020-02-22 13:00:00,M0103,nu13,4
2020-04-10 13:00:00,M0103,nu13,3
2020-12-22 13:00:00,M0103,nu13,15
2021-02-13 13:00:00,M0103,nu13,4
2021-04-02 13:00:00,M0103,nu13,3
2021-04-30 13:00:00,M0103,nu13,3
2021-05-22 13:00:00,M0103,nu13,3
2021-07-20 13:00:00,M0103,nu13,15
2021-08-07 13:00:00,M0103,nu13,3
2021-10-08 13:00:00,M0103,nu13,3
2021-10-29 13:00:00,M0103,nu13,5
2021-11-19 13:00:00,M0103,nu13,3
2021-12-18 13:00:00,M0103,nu13,17
2022-02-26 13:00:00,M0103,nu13,4
2022-03-19 13:00:00,M0103,nu13,17
2022-04-15 13:00:00,M0103,nu13,3
2022-04-30 13:00:00,M0103,nu13,3
2022-05-21 13:00:00,M0103,nu13,3
2022-06-04 13:00:00,M0103,nu13,16
2022-10-08 13:00:00,M0103,nu13,3
2022-11-03 13:00:00,M0103,nu13,4
2022-11-18 13:00:00,M0103,nu13,3
2022-12-17 13:00:00,M0103,nu13,17
2023-02-18 13:00:00,M0103,nu13,4
2023-02-25 13:00:00,M0103,nu13,3
1938-01-01 19:00:00,M0103,nu19,972
1962-10-01 19:00:00,M0103,nu19,23
1974-06-01 19:00:00,M0103,nu19,18
1975-09-22 19:00:00,M0103,nu19,9
2017-02-06 19:00:00,M0103,nu19,7
2017-03-25 19:00:00,M0103,nu19,9
2020-02-22 19:00:00,M0103,nu19,4
2020-04-10 19:00:00,M0103,nu19,3
2020-12-22 19:00:00,M0103,nu19,15
2021-02-13 19:00:00,M0103,nu19,4
2021-04-02 19:00:00,M0103,nu19,3
2021-04-30 19:00:00,M0103,nu19,3
2021-05-22 19:00:00,M0103,nu19,3
2021-07-20 19:00:00,M0103,nu19,15
2021-08-07 19:00:00,M0103,nu19,3
2021-10-08 19:00:00,M0103,nu19,3
2021-10-29 19:00:00,M0103,nu19,5
2021-11-19 19:00:00,M0103,nu19,3
2021-11-26 19:00:00,M0103,nu19,3
2021-12-18 19:00:00,M0103,nu19,17
2022-02-26 19:00:00,M0103,nu19,4
2022-03-19 19:00:00,M0103,nu19,17
2022-04-15 19:00:00,M0103,nu19,3
2022-04-30 19:00:00,M0103,nu19,3
2022-05-21 19:00:00,M0103,nu19,3
2022-06-04 19:00:00,M0103,nu19,16
2022-10-08 19:00:00,M0103,nu19,3
2022-11-03 19:00:00,M0103,nu19,4
2022-11-18 19:00:00,M0103,nu19,3
2022-12-17 19:00:00,M0103,nu19,17
2023-02-18 19:00:00,M0103,nu19,4
2023-02-25 19:00:00,M0103,nu19,3
1981-02-03 07:00:00,M0123,nu7,7
1987-02-28 07:00:00,M0123,nu7,3
1989-03-11 07:00:00,M0123,nu7,7
1989-04-17 07:00:00,M0123,nu7,3
1989-12-19 07:00:00,M0123,nu7,4
1990-03-12 07:00:00,M0123,nu7,12
1990-09-07 07:00:00,M0123,nu7,3
1990-12-10 07:00:00,M0123,nu7,11
1991-02-19 07:00:00,M0123,nu7,13
1991-03-30 07:00:00,M0123,nu7,3
1992-01-27 07:00:00,M0123,nu7,3
1992-05-03 07:00:00,M0123,nu7,10
1992-06-14 07:00:00,M0123,nu7,3
1992-07-13 07:00:00,M0123,nu7,6
1993-02-08 07:00:00,M0123,nu7,3
1993-03-21 07:00:00,M0123,nu7,3
1993-10-05 07:00:00,M0123,nu7,3
1995-09-20 07:00:00,M0123,nu7,3
1996-03-18 07:00:00,M0123,nu7,4
1996-06-24 07:00:00,M0123,nu7,5
1997-08-27 07:00:00,M0123,nu7,5
1998-07-22 07:00:00,M0123,nu7,3
2001-07-22 07:00:00,M0123,nu7,8
2001-12-29 07:00:00,M0123,nu7,4
1981-02-03 13:00:00,M0123,nu13,7
1987-02-28 13:00:00,M0123,nu13,3
1989-03-11 13:00:00,M0123,nu13,7
1989-04-17 13:00:00,M0123,nu13,3
1989-12-19 13:00:00,M0123,nu13,4
1990-03-12 13:00:00,M0123,nu13,12
1990-09-06 13:00:00,M0123,nu13,4
1990-12-09 13:00:00,M0123,nu13,12
1991-02-18 13:00:00,M0123,nu13,14
1991-03-30 13:00:00,M0123,nu13,3
1992-01-26 13:00:00,M0123,nu13,4
1992-05-03 13:00:00,M0123,nu13,10
1992-06-14 13:00:00,M0123,nu13,3
1992-07-13 13:00:00,M0123,nu13,6
1993-02-08 13:00:00,M0123,nu13,3
1993-03-21 13:00:00,M0123,nu13,3
1993-10-05 13:00:00,M0123,nu13,3
1995-09-20 13:00:00,M0123,nu13,3
1996-03-18 13:00:00,M0123,nu13,4
1996-06-23 13:00:00,M0123,nu13,6
1997-08-27 13:00:00,M0123,nu13,5
1998-07-22 13:00:00,M0123,nu13,3
1999-04-27 13:00:00,M0123,nu13,3
2001-07-22 13:00:00,M0123,nu13,8
2001-12-29 13:00:00,M0123,nu13,4
1981-02-03 19:00:00,M0123,nu19,7
1987-02-28 19:00:00,M0123,nu19,3
1987-07-21 19:00:00,M0123,nu19,3
1989-03-11 19:00:00,M0123,nu19,7
1989-04-17 19:00:00,M0123,nu19,3
1989-12-19 19:00:00,M0123,nu19,4
1990-03-12 19:00:00,M0123,nu19,12
1990-09-06 19:00:00,M0123,nu19,4
1990-12-09 19:00:00,M0123,nu19,12
1991-02-18 19:00:00,M0123,nu19,14
1991-03-30 19:00:00,M0123,nu19,3
1992-01-26 19:00:00,M0123,nu19,4
1992-05-03 19:00:00,M0123,nu19,10
1992-06-14 19:00:00,M0123,nu19,3
1992-07-13 19:00:00,M0123,nu19,6
1993-02-08 19:00:00,M0123,nu19,3
1993-03-21 19:00:00,M0123,nu19,3
1993-10-05 19:00:00,M0123,nu19,3
1995-09-20 19:00:00,M0123,nu19,3
1996-03-18 19:00:00,M0123,nu19,4
1996-06-23 19:00:00,M0123,nu19,6
1997-08-27 19:00:00,M0123,nu19,5
1998-07-22 19:00:00,M0123,nu19,3
1999-04-27 19:00:00,M0123,nu19,3
2001-07-22 19:00:00,M0123,nu19,8
2001-12-29 19:00:00,M0123,nu19,4
1984-11-21 07:00:00,M0130,nu7,10
1987-11-04 07:00:00,M0130,nu7,4
1990-12-11 07:00:00,M0130,nu7,6
1992-08-03 07:00:00,M0130,nu7,5
1994-01-26 07:00:00,M0130,nu7,3
1995-10-13 07:00:00,M0130,nu7,3
1997-02-12 07:00:00,M0130,nu7,3
1997-04-22 07:00:00,M0130,nu7,4
1997-05-21 07:00:00,M0130,nu7,41
1997-10-03 07:00:00,M0130,nu7,5
1997-10-18 07:00:00,M0130,nu7,3
1997-11-16 07:00:00,M0130,nu7,3
1997-12-27 07:00:00,M0130,nu7,7
1999-02-18 07:00:00,M0130,nu7,5
2000-02-29 07:00:00,M0130,nu7,4
2001-12-30 07:00:00,M0130,nu7,7
2014-10-29 07:00:00,M0130,nu7,3
1984-11-21 13:00:00,M0130,nu13,10
1987-11-04 13:00:00,M0130,nu13,4
1990-12-11 13:00:00,M0130,nu13,6
1992-08-03 13:00:00,M0130,nu13,5
1994-01-26 13:00:00,M0130,nu13,3
1995-10-13 13:00:00,M0130,nu13,3
1997-01-31 13:00:00,M0130,nu13,3
1997-02-12 13:00:00,M0130,nu13,3
1997-04-22 13:00:00,M0130,nu13,4
1997-05-21 13:00:00,M0130,nu13,41
1997-10-02 13:00:00,M0130,nu13,6
1997-10-18 13:00:00,M0130,nu13,3
1997-11-16 13:00:00,M0130,nu13,3
1997-12-27 13:00:00,M0130,nu13,7
1999-02-18 13:00:00,M0130,nu13,5
1999-09-06 13:00:00,M0130,nu13,3
2000-02-28 13:00:00,M0130,nu13,5
2001-12-30 13:00:00,M0130,nu13,7
2014-10-29 13:00:00,M0130,nu13,3
1984-11-21 19:00:00,M0130,nu19,10
1987-11-04 19:00:00,M0130,nu19,4
1990-12-11 19:00:00,M0130,nu19,6
1992-08-03 19:00:00,M0130,nu19,5
1994-01-26 19:00:00,M0130,nu19,3
1995-10-13 19:00:00,M0130,nu19,3
1997-01-31 19:00:00,M0130,nu19,3
1997-02-12 19:00:00,M0130,nu19,3
1997-04-21 19:00:00,M0130,nu19,5
1997-05-21 19:00:00,M0130,nu19,64
1997-10-02 19:00:00,M0130,nu19,6
1997-10-18 19:00:00,M0130,nu19,3
1997-12-27 19:00:00,M0130,nu19,7
1999-02-18 19:00:00,M0130,nu19,5
1999-08-11 19:00:00,M0130,nu19,3
1999-08-18 19:00:00,M0130,nu19,3
2000-02-28 19:00:00,M0130,nu19,4
2001-12-29 19:00:00,M0130,nu19,7
2014-10-29 19:00:00,M0130,nu19,3
1963-12-01 07:00:00,M0148,nu7,296
1965-03-01 07:00:00,M0148,nu7,15
1965-11-01 07:00:00,M0148,nu7,513
1967-04-05 07:00:00,M0148,nu7,8
1967-04-28 07:00:00,M0148,nu7,4
1967-05-11 07:00:00,M0148,nu7,3
1967-05-23 07:00:00,M0148,nu7,8
1967-06-09 07:00:00,M0148,nu7,3
1967-06-16 07:00:00,M0148,nu7,4
1967-06-21 07:00:00,M0148,nu7,3
1967-06-25 07:00:00,M0148,nu7,4
1967-06-30 07:00:00,M0148,nu7,3
1967-07-07 07:00:00,M0148,nu7,8
1967-07-21 07:00:00,M0148,nu7,8
1967-08-03 07:00:00,M0148,nu7,13
1967-08-23 07:00:00,M0148,nu7,5
1967-09-02 07:00:00,M0148,nu7,12
1967-09-16 07:00:00,M0148,nu7,5
1967-09-22 07:00:00,M0148,nu7,5
1967-10-01 07:00:00,M0148,nu7,8
1967-10-12 07:00:00,M0148,nu7,9
1967-11-02 07:00:00,M0148,nu7,7
1967-11-10 07:00:00,M0148,nu7,7
1967-11-18 07:00:00,M0148,nu7,12
1967-12-01 07:00:00,M0148,nu7,4
1967-12-06 07:00:00,M0148,nu7,5
1967-12-12 07:00:00,M0148,nu7,5
1967-12-18 07:00:00,M0148,nu7,12
1968-01-18 07:00:00,M0148,nu7,14
1968-02-02 07:00:00,M0148,nu7,11
1968-02-14 07:00:00,M0148,nu7,3
1968-02-20 07:00:00,M0148,nu7,3
1968-02-27 07:00:00,M0148,nu7,3
1968-03-02 07:00:00,M0148,nu7,5
1968-03-09 07:00:00,M0148,nu7,4
1968-03-14 07:00:00,M0148,nu7,4
1968-03-21 07:00:00,M0148,nu7,3
1968-03-25 07:00:00,M0148,nu7,3
1968-04-03 07:00:00,M0148,nu7,6
1968-04-11 07:00:00,M0148,nu7,3
1968-04-17 07:00:00,M0148,nu7,4
1968-04-22 07:00:00,M0148,nu7,5
1968-05-01 07:00:00,M0148,nu7,5
1968-05-09 07:00:00,M0148,nu7,7
1968-05-17 07:00:00,M0148,nu7,22
1968-06-13 07:00:00,M0148,nu7,8
1968-06-25 07:00:00,M0148,nu7,4
1968-07-01 07:00:00,M0148,nu7,8
1968-07-21 07:00:00,M0148,nu7,17
1968-08-08 07:00:00,M0148,nu7,10
1968-08-20 07:00:00,M0148,nu7,4
1968-08-29 07:00:00,M0148,nu7,5
1968-09-04 07:00:00,M0148,nu7,4
1968-09-10 07:00:00,M0148,nu7,3
1968-09-14 07:00:00,M0148,nu7,14
1968-10-02 07:00:00,M0148,nu7,3
1968-10-11 07:00:00,M0148,nu7,3
1968-10-15 07:00:00,M0148,nu7,4
1968-10-20 07:00:00,M0148,nu7,6
1968-10-27 07:00:00,M0148,nu7,9
1968-11-10 07:00:00,M0148,nu7,4
1968-11-16 07:00:00,M0148,nu7,10
1968-11-28 07:00:00,M0148,nu7,4
1968-12-03 07:00:00,M0148,nu7,3
1968-12-10 07:00:00,M0148,nu7,4
1968-12-15 07:00:00,M0148,nu7,6
1968-12-26 07:00:00,M0148,nu7,3
1969-03-26 07:00:00,M0148,nu7,30
1970-02-28 07:00:00,M0148,nu7,3
1970-07-23 07:00:00,M0148,nu7,8
1970-08-01 07:00:00,M0148,nu7,4
1970-08-08 07:00:00,M0148,nu7,3
1970-08-20 07:00:00,M0148,nu7,4
1970-09-05 07:00:00,M0148,nu7,3
1970-09-12 07:00:00,M0148,nu7,4
1970-11-13 07:00:00,M0148,nu7,7
1970-12-10 07:00:00,M0148,nu7,3
1970-12-22 07:00:00,M0148,nu7,6
1970-12-30 07:00:00,M0148,nu7,9
1971-01-11 07:00:00,M0148,nu7,4
1971-01-23 07:00:00,M0148,nu7,3
1971-02-18 07:00:00,M0148,nu7,6
1971-02-27 07:00:00,M0148,nu7,3
1971-03-12 07:00:00,M0148,nu7,11
1971-04-07 07:00:00,M0148,nu7,4
1971-04-19 07:00:00,M0148,nu7,3
1971-04-24 07:00:00,M0148,nu7,8
1971-05-06 07:00:00,M0148,nu7,5
1971-05-27 07:00:00,M0148,nu7,5
1971-06-02 07:00:00,M0148,nu7,3
1971-06-29 07:00:00,M0148,nu7,3
1971-07-07 07:00:00,M0148,nu7,4
1971-07-17 07:00:00,M0148,nu7,7
1977-12-08 07:00:00,M0148,nu7,24
1984-04-01 07:00:00,M0148,nu7,75
1985-01-01 07:00:00,M0148,nu7,181
1985-08-02 07:00:00,M0148,nu7,30
1986-03-01 07:00:00,M0148,nu7,92
1986-07-01 07:00:00,M0148,nu7,31
1986-09-01 07:00:00,M0148,nu7,30
1987-02-01 07:00:00,M0148,nu7,120
1987-07-01 07:00:00,M0148,nu7,184
1991-08-25 07:00:00,M0148,nu7,7
2005-09-03 07:00:00,M0148,nu7,4
2015-02-13 07:00:00,M0148,nu7,5
1963-12-01 13:00:00,M0148,nu13,296
1965-03-01 13:00:00,M0148,nu13,16
1965-11-01 13:00:00,M0148,nu13,513
1967-05-03 13:00:00,M0148,nu13,4
1967-05-11 13:00:00,M0148,nu13,3
1967-05-17 13:00:00,M0148,nu13,3
1967-05-24 13:00:00,M0148,nu13,6
1967-06-06 13:00:00,M0148,nu13,3
1967-06-13 13:00:00,M0148,nu13,6
1967-06-20 13:00:00,M0148,nu13,14
1967-07-07 13:00:00,M0148,nu13,3
1967-07-21 13:00:00,M0148,nu13,12
1967-08-04 13:00:00,M0148,nu13,4
1967-08-11 13:00:00,M0148,nu13,5
1967-08-23 13:00:00,M0148,nu13,6
1967-08-30 13:00:00,M0148,nu13,3
1967-09-03 13:00:00,M0148,nu13,3
1967-09-07 13:00:00,M0148,nu13,5
1967-09-13 13:00:00,M0148,nu13,8
1967-09-22 13:00:00,M0148,nu13,5
1967-10-11 13:00:00,M0148,nu13,3
1967-10-15 13:00:00,M0148,nu13,6
1967-10-27 13:00:00,M0148,nu13,4
1967-11-03 13:00:00,M0148,nu13,18
1967-11-25 13:00:00,M0148,nu13,6
1967-12-02 13:00:00,M0148,nu13,3
1967-12-06 13:00:00,M0148,nu13,4
1968-01-04 13:00:00,M0148,nu13,6
1968-01-13 13:00:00,M0148,nu13,5
1968-01-21 13:00:00,M0148,nu13,4
1968-01-29 13:00:00,M0148,nu13,5
1968-02-04 13:00:00,M0148,nu13,7
1968-02-19 13:00:00,M0148,nu13,3
1968-02-27 13:00:00,M0148,nu13,3
1968-03-09 13:00:00,M0148,nu13,5
1968-03-15 13:00:00,M0148,nu13,3
1968-03-29 13:00:00,M0148,nu13,8
1968-04-08 13:00:00,M0148,nu13,5
1968-04-16 13:00:00,M0148,nu13,4
1968-04-24 13:00:00,M0148,nu13,4
1968-05-01 13:00:00,M0148,nu13,4
1968-05-18 13:00:00,M0148,nu13,4
1968-05-23 13:00:00,M0148,nu13,6
1968-05-30 13:00:00,M0148,nu13,9
1968-06-09 13:00:00,M0148,nu13,3
1968-06-13 13:00:00,M0148,nu13,6
1968-06-22 13:00:00,M0148,nu13,12
1968-07-12 13:00:00,M0148,nu13,4
1968-07-21 13:00:00,M0148,nu13,11
1968-08-02 13:00:00,M0148,nu13,5
1968-08-08 13:00:00,M0148,nu13,18
1968-09-03 13:00:00,M0148,nu13,4
1968-09-17 13:00:00,M0148,nu13,4
1968-09-30 13:00:00,M0148,nu13,3
1968-10-16 13:00:00,M0148,nu13,3
1968-10-21 13:00:00,M0148,nu13,5
1968-10-27 13:00:00,M0148,nu13,4
1968-11-09 13:00:00,M0148,nu13,17
1968-11-28 13:00:00,M0148,nu13,10
1968-12-15 13:00:00,M0148,nu13,4
1969-03-26 13:00:00,M0148,nu13,30
1970-02-27 13:00:00,M0148,nu13,4
1970-07-23 13:00:00,M0148,nu13,6
1970-08-10 13:00:00,M0148,nu13,4
1970-08-20 13:00:00,M0148,nu13,3
1970-11-13 13:00:00,M0148,nu13,7
1970-12-02 13:00:00,M0148,nu13,3
1970-12-23 13:00:00,M0148,nu13,6
1970-12-30 13:00:00,M0148,nu13,7
1971-01-09 13:00:00,M0148,nu13,4
1971-01-14 13:00:00,M0148,nu13,3
1971-01-26 13:00:00,M0148,nu13,8
1971-02-04 13:00:00,M0148,nu13,5
1971-02-12 13:00:00,M0148,nu13,5
1971-02-18 13:00:00,M0148,nu13,6
1971-02-25 13:00:00,M0148,nu13,4
1971-03-04 13:00:00,M0148,nu13,6
1971-03-11 13:00:00,M0148,nu13,14
1971-03-31 13:00:00,M0148,nu13,5
1971-04-07 13:00:00,M0148,nu13,4
1971-04-12 13:00:00,M0148,nu13,6
1971-04-20 13:00:00,M0148,nu13,5
1971-04-27 13:00:00,M0148,nu13,3
1971-05-01 13:00:00,M0148,nu13,4
1971-07-18 13:00:00,M0148,nu13,6
1977-12-08 13:00:00,M0148,nu13,24
1984-04-01 13:00:00,M0148,nu13,75
1985-01-01 13:00:00,M0148,nu13,181
1985-08-02 13:00:00,M0148,nu13,30
1986-03-01 13:00:00,M0148,nu13,92
1986-07-01 13:00:00,M0148,nu13,31
1986-09-01 13:00:00,M0148,nu13,30
1987-02-01 13:00:00,M0148,nu13,120
1987-07-01 13:00:00,M0148,nu13,184
2005-09-03 13:00:00,M0148,nu13,4
2015-02-13 13:00:00,M0148,nu13,5
1963-12-01 19:00:00,M0148,nu19,296
1965-03-01 19:00:00,M0148,nu19,21
1965-11-01 19:00:00,M0148,nu19,518
1967-04-05 19:00:00,M0148,nu19,15
1967-04-23 19:00:00,M0148,nu19,10
1967-05-05 19:00:00,M0148,nu19,3
1967-05-10 19:00:00,M0148,nu19,10
1967-05-26 19:00:00,M0148,nu19,4
1967-05-31 19:00:00,M0148,nu19,6
1967-06-18 19:00:00,M0148,nu19,7
1967-06-29 19:00:00,M0148,nu19,3
1967-07-24 19:00:00,M0148,nu19,4
1967-08-02 19:00:00,M0148,nu19,6
1967-08-09 19:00:00,M0148,nu19,3
1967-08-29 19:00:00,M0148,nu19,9
1967-09-08 19:00:00,M0148,nu19,3
1967-09-12 19:00:00,M0148,nu19,3
1967-09-16 19:00:00,M0148,nu19,28
1967-11-03 19:00:00,M0148,nu19,5
1967-11-09 19:00:00,M0148,nu19,7
1967-11-27 19:00:00,M0148,nu19,4
1967-12-08 19:00:00,M0148,nu19,8
1967-12-18 19:00:00,M0148,nu19,5
1967-12-25 19:00:00,M0148,nu19,16
1968-01-11 19:00:00,M0148,nu19,23
1968-02-04 19:00:00,M0148,nu19,74
1968-04-19 19:00:00,M0148,nu19,13
1968-05-03 19:00:00,M0148,nu19,6
1968-05-13 19:00:00,M0148,nu19,20
1968-06-09 19:00:00,M0148,nu19,12
1968-06-24 19:00:00,M0148,nu19,8
1968-07-03 19:00:00,M0148,nu19,6
1968-07-10 19:00:00,M0148,nu19,3
1968-07-14 19:00:00,M0148,nu19,5
1968-07-20 19:00:00,M0148,nu19,22
1968-08-13 19:00:00,M0148,nu19,5
1968-08-19 19:00:00,M0148,nu19,3
1968-08-24 19:00:00,M0148,nu19,7
1968-09-02 19:00:00,M0148,nu19,8
1968-09-11 19:00:00,M0148,nu19,13
1968-09-26 19:00:00,M0148,nu19,20
1968-10-17 19:00:00,M0148,nu19,14
1968-11-05 19:00:00,M0148,nu19,7
1968-11-19 19:00:00,M0148,nu19,20
1968-12-10 19:00:00,M0148,nu19,22
1969-02-09 19:00:00,M0148,nu19,3
1969-02-22 19:00:00,M0148,nu19,6
1969-03-25 19:00:00,M0148,nu19,32
1969-11-28 19:00:00,M0148,nu19,3
1970-02-27 19:00:00,M0148,nu19,3
1970-07-20 19:00:00,M0148,nu19,26
1970-08-16 19:00:00,M0148,nu19,4
1970-08-21 19:00:00,M0148,nu19,7
1970-08-29 19:00:00,M0148,nu19,7
1970-09-13 19:00:00,M0148,nu19,3
1970-09-17 19:00:00,M0148,nu19,9
1970-09-27 19:00:00,M0148,nu19,6
1970-10-04 19:00:00,M0148,nu19,27
1970-11-01 19:00:00,M0148,nu19,51
1970-12-23 19:00:00,M0148,nu19,50
1971-02-13 19:00:00,M0148,nu19,43
1971-03-29 19:00:00,M0148,nu19,4
1971-04-03 19:00:00,M0148,nu19,13
1971-04-17 19:00:00,M0148,nu19,6
1971-04-24 19:00:00,M0148,nu19,9
1971-05-04 19:00:00,M0148,nu19,7
1971-05-12 19:00:00,M0148,nu19,31
1971-06-15 19:00:00,M0148,nu19,4
1971-06-20 19:00:00,M0148,nu19,4
1971-06-25 19:00:00,M0148,nu19,12
1971-07-09 19:00:00,M0148,nu19,9
1977-12-07 19:00:00,M0148,nu19,25
1984-04-01 19:00:00,M0148,nu19,75
1985-01-01 19:00:00,M0148,nu19,181
1985-08-02 19:00:00,M0148,nu19,30
1986-03-01 19:00:00,M0148,nu19,92
1986-07-01 19:00:00,M0148,nu19,31
1986-09-01 19:00:00,M0148,nu19,30
1987-02-01 19:00:00,M0148,nu19,120
1987-07-01 19:00:00,M0148,nu19,184
1991-08-24 19:00:00,M0148,nu19,8
2005-09-03 19:00:00,M0148,nu19,4
2015-02-13 19:00:00,M0148,nu19,5
1985-11-01 07:00:00,M0258,nu7,4
2020-12-23 07:00:00,M0258,nu7,15
2021-08-01 07:00:00,M0258,nu7,16
2022-04-15 07:00:00,M0258,nu7,3
2022-04-30 07:00:00,M0258,nu7,17
2022-05-21 07:00:00,M0258,nu7,3
2022-07-30 07:00:00,M0258,nu7,17
2022-09-03 07:00:00,M0258,nu7,5
2022-11-03 07:00:00,M0258,nu7,4
2022-12-31 07:00:00,M0258,nu7,3
2023-01-21 07:00:00,M0258,nu7,4
2023-03-04 07:00:00,M0258,nu7,3
1985-11-01 13:00:00,M0258,nu13,4
2020-12-23 13:00:00,M0258,nu13,15
2021-02-14 13:00:00,M0258,nu13,3
2021-08-01 13:00:00,M0258,nu13,16
2022-04-15 13:00:00,M0258,nu13,3
2022-04-30 13:00:00,M0258,nu13,17
2022-05-21 13:00:00,M0258,nu13,3
2022-07-30 13:00:00,M0258,nu13,17
2022-09-03 13:00:00,M0258,nu13,5
2022-11-03 13:00:00,M0258,nu13,4
2022-12-31 13:00:00,M0258,nu13,3
2023-01-21 13:00:00,M0258,nu13,4
2023-03-04 13:00:00,M0258,nu13,3
1985-11-01 19:00:00,M0258,nu19,4
2020-12-23 19:00:00,M0258,nu19,15
2021-04-30 19:00:00,M0258,nu19,3
2021-08-01 19:00:00,M0258,nu19,16
2022-02-27 19:00:00,M0258,nu19,3
2022-04-15 19:00:00,M0258,nu19,3
2022-04-30 19:00:00,M0258,nu19,17
2022-05-21 19:00:00,M0258,nu19,3
2022-07-30 19:00:00,M0258,nu19,17
2022-09-03 19:00:00,M0258,nu19,5
2022-11-03 19:00:00,M0258,nu19,4
2022-12-31 19:00:00,M0258,nu19,3
2023-01-21 19:00:00,M0258,nu19,4
2023-03-04 19:00:00,M0258,nu19,3
1985-12-10 07:00:00,M1036,nu7,38
1986-12-24 07:00:00,M1036,nu7,5
1986-12-31 07:00:00,M1036,nu7,5
1987-02-28 07:00:00,M1036,nu7,4
1987-07-24 07:00:00,M1036,nu7,3
1987-08-01 07:00:00,M1036,nu7,31
1987-12-01 07:00:00,M1036,nu7,41
2006-10-06 07:00:00,M1036,nu7,3
2007-09-15 07:00:00,M1036,nu7,5
2007-10-12 07:00:00,M1036,nu7,3
2007-11-02 07:00:00,M1036,nu7,3
2008-08-16 07:00:00,M1036,nu7,16
2008-10-10 07:00:00,M1036,nu7,3
2009-02-14 07:00:00,M1036,nu7,4
2009-05-28 07:00:00,M1036,nu7,4
2009-10-09 07:00:00,M1036,nu7,3
2010-01-01 07:00:00,M1036,nu7,3
2010-08-13 07:00:00,M1036,nu7,3
2011-08-12 07:00:00,M1036,nu7,3
2012-08-10 07:00:00,M1036,nu7,3
2014-05-29 07:00:00,M1036,nu7,3
2016-08-12 07:00:00,M1036,nu7,3
2017-08-11 07:00:00,M1036,nu7,3
2017-08-25 07:00:00,M1036,nu7,3
2019-07-20 07:00:00,M1036,nu7,3
2020-03-19 07:00:00,M1036,nu7,3
1985-12-09 13:00:00,M1036,nu13,39
1986-12-24 13:00:00,M1036,nu13,5
1986-12-31 13:00:00,M1036,nu13,5
1987-02-27 13:00:00,M1036,nu13,5
1987-07-24 13:00:00,M1036,nu13,3
1987-08-01 13:00:00,M1036,nu13,31
1987-12-01 13:00:00,M1036,nu13,41
2006-10-06 13:00:00,M1036,nu13,3
2007-09-15 13:00:00,M1036,nu13,6
2007-10-12 13:00:00,M1036,nu13,3
2007-11-02 13:00:00,M1036,nu13,3
2008-08-16 13:00:00,M1036,nu13,16
2008-09-26 13:00:00,M1036,nu13,3
2008-10-10 13:00:00,M1036,nu13,3
2009-02-14 13:00:00,M1036,nu13,4
2009-05-28 13:00:00,M1036,nu13,4
2010-01-01 13:00:00,M1036,nu13,3
2010-08-13 13:00:00,M1036,nu13,3
2011-08-12 13:00:00,M1036,nu13,3
2012-08-10 13:00:00,M1036,nu13,3
2014-05-29 13:00:00,M1036,nu13,3
2016-08-12 13:00:00,M1036,nu13,3
2017-08-11 13:00:00,M1036,nu13,3
2017-08-24 13:00:00,M1036,nu13,4
1985-12-09 19:00:00,M1036,nu19,39
1986-11-22 19:00:00,M1036,nu19,3
1986-11-26 19:00:00,M1036,nu19,6
1986-12-24 19:00:00,M1036,nu19,61
1987-02-24 19:00:00,M1036,nu19,18
1987-03-23 19:00:00,M1036,nu19,3
1987-07-01 19:00:00,M1036,nu19,62
1987-11-20 19:00:00,M1036,nu19,3
1987-11-29 19:00:00,M1036,nu19,43
2006-10-06 19:00:00,M1036,nu19,3
2007-09-15 19:00:00,M1036,nu19,6
2007-10-12 19:00:00,M1036,nu19,3
2007-11-02 19:00:00,M1036,nu19,3
2008-08-16 19:00:00,M1036,nu19,16
2008-09-26 19:00:00,M1036,nu19,3
2008-10-10 19:00:00,M1036,nu19,3
2009-02-14 19:00:00,M1036,nu19,4
2009-05-27 19:00:00,M1036,nu19,5
2010-01-01 19:00:00,M1036,nu19,3
2010-08-13 19:00:00,M1036,nu19,3
2011-08-12 19:00:00,M1036,nu19,3
2012-08-10 19:00:00,M1036,nu19,3
2014-05-29 19:00:00,M1036,nu19,3
2016-08-12 19:00:00,M1036,nu19,3
2017-08-11 19:00:00,M1036,nu19,3
2017-08-24 19:00:00,M1036,nu19,4
2020-03-23 19:00:00,M1036,nu19,12
2020-04-05 19:00:00,M1036,nu19,12
2020-04-19 19:00:00,M1036,nu19,5
2020-04-26 19:00:00,M1036,nu19,5
2020-05-03 19:00:00,M1036,nu19,5
2020-05-10 19:00:00,M1036,nu19,5
2020-05-17 19:00:00,M1036,nu19,5
2020-05-24 19:00:00,M1036,nu19,5
1990-02-01 07:00:00,M1094,nu7,23
1996-02-03 07:00:00,M1094,nu7,3
1996-05-17 07:00:00,M1094,nu7,4
1996-12-03 07:00:00,M1094,nu7,3
1996-12-28 07:00:00,M1094,nu7,5
1997-01-16 07:00:00,M1094,nu7,6
1997-12-25 07:00:00,M1094,nu7,5
2020-12-25 07:00:00,M1094,nu7,3
2020-12-31 07:00:00,M1094,nu7,4
2021-02-13 07:00:00,M1094,nu7,4
2021-08-07 07:00:00,M1094,nu7,3
2021-10-08 07:00:00,M1094,nu7,3
2021-10-30 07:00:00,M1094,nu7,4
2021-12-18 07:00:00,M1094,nu7,16
2022-02-19 07:00:00,M1094,nu7,17
2022-04-15 07:00:00,M1094,nu7,3
2022-04-30 07:00:00,M1094,nu7,3
2022-05-21 07:00:00,M1094,nu7,3
2022-06-04 07:00:00,M1094,nu7,17
2022-08-12 07:00:00,M1094,nu7,3
2022-10-08 07:00:00,M1094,nu7,3
2022-11-03 07:00:00,M1094,nu7,4
2022-12-24 07:00:00,M1094,nu7,3
2023-02-18 07:00:00,M1094,nu7,4
1990-02-01 13:00:00,M1094,nu13,22
1997-12-25 13:00:00,M1094,nu13,5
2020-12-25 13:00:00,M1094,nu13,3
2020-12-31 13:00:00,M1094,nu13,4
2021-02-13 13:00:00,M1094,nu13,4
2021-08-07 13:00:00,M1094,nu13,3
2021-10-08 13:00:00,M1094,nu13,3
2021-10-30 13:00:00,M1094,nu13,4
2021-12-17 13:00:00,M1094,nu13,17
2022-02-19 13:00:00,M1094,nu13,17
2022-04-15 13:00:00,M1094,nu13,3
2022-04-30 13:00:00,M1094,nu13,3
2022-05-21 13:00:00,M1094,nu13,3
2022-06-04 13:00:00,M1094,nu13,17
2022-08-12 13:00:00,M1094,nu13,3
2022-10-08 13:00:00,M1094,nu13,3
2022-11-03 13:00:00,M1094,nu13,4
2022-12-24 13:00:00,M1094,nu13,3
2023-02-18 13:00:00,M1094,nu13,4
1990-02-01 19:00:00,M1094,nu19,22
1997-12-25 19:00:00,M1094,nu19,4
2016-10-08 19:00:00,M1094,nu19,3
2020-12-25 19:00:00,M1094,nu19,3
2020-12-31 19:00:00,M1094,nu19,4
2021-02-13 19:00:00,M1094,nu19,4
2021-08-07 19:00:00,M1094,nu19,3
2021-10-08 19:00:00,M1094,nu19,3
2021-10-30 19:00:00,M1094,nu19,4
2021-12-17 19:00:00,M1094,nu19,17
2022-02-19 19:00:00,M1094,nu19,17
2022-04-15 19:00:00,M1094,nu19,3
2022-04-30 19:00:00,M1094,nu19,3
2022-05-21 19:00:00,M1094,nu19,3
2022-06-04 19:00:00,M1094,nu19,17
2022-08-12 19:00:00,M1094,nu19,3
2022-10-08 19:00:00,M1094,nu19,3
2022-11-03 19:00:00,M1094,nu19,4
2022-12-24 19:00:00,M1094,nu19,3
2023-02-18 19:00:00,M1094,nu19,4
2002-05-18 07:00:00,M1096,nu7,9
2002-05-28 07:00:00,M1096,nu7,4
2015-11-18 07:00:00,M1096,nu7,13
2002-05-17 13:00:00,M1096,nu13,10
2002-05-28 13:00:00,M1096,nu13,4
2015-11-17 13:00:00,M1096,nu13,14
2002-05-17 19:00:00,M1096,nu19,10
2002-05-28 19:00:00,M1096,nu19,4
2015-11-18 19:00:00,M1096,nu19,13
1994-09-22 07:00:00,M1107,nu7,9
2003-10-01 07:00:00,M1107,nu7,62
1994-09-22 13:00:00,M1107,nu13,9
2003-10-01 13:00:00,M1107,nu13,62
1994-09-21 19:00:00,M1107,nu19,10
2003-10-01 19:00:00,M1107,nu19,62
2002-05-01 07:00:00,M1208,nu7,3
2008-09-05 07:00:00,M1208,nu7,4
2010-10-28 07:00:00,M1208,nu7,4
2016-02-09 07:00:00,M1208,nu7,6
2002-05-01 13:00:00,M1208,nu13,3
2008-09-05 13:00:00,M1208,nu13,4
2010-10-28 13:00:00,M1208,nu13,4
2016-02-09 13:00:00,M1208,nu13,6
2002-05-01 19:00:00,M1208,nu19,3
2008-09-05 19:00:00,M1208,nu19,4
2010-10-28 19:00:00,M1208,nu19,4
2016-02-09 19:00:00,M1208,nu19,6
2012-09-01 07:00:00,M1240,nu7,3
2017-06-01 07:00:00,M1240,nu7,12
2017-06-01 13:00:00,M1240,nu13,12
2017-06-01 19:00:00,M1240,nu19,12
