id_estacion,id_usuario,fecha_ingreso,codigo,anio,mes,dia,rr,hora,fecha_toma
63755,0,2023-06-21 16:09:21.574,M0001,2022,2,1,0.0,19,2022-02-01 19:00:00
63755,0,2023-06-21 16:09:21.574,M0001,2022,2,2,0.2,07,2022-02-02 07:00:00
63755,0,2023-06-21 16:09:21.574,M0001,2022,2,2,0.0,13,2022-02-02 13:00:00
63755,0,2023-06-21 16:09:21.574,M0001,2022,2,2,0.0,19,2022-02-02 19:00:00
63755,0,2023-06-21 16:09:21.574,M0001,2022,2,3,0.0,07,2022-02-03 07:00:00
63755,0,2023-06-21 16:09:21.574,M0001,2022,2,3,0.0,13,2022-02-03 13:00:00
63755,0,2023-06-21 16:09:21.574,M0001,2022,2,3,0.0,19,2022-02-03 19:00:00
63755,0,2023-06-21 16:09:21.574,M0001,2022,2,4,0.0,07,2022-02-04 07:00:00
63755,0,2023-06-21 16:09:21.574,M0001,2022,2,4,0.0,13,2022-02-04 13:00:00
63755,0,2023-06-21 16:09:21.574,M0001,2022,2,4,13.6,19,2022-02-04 19:00:00
63755,0,2023-06-21 16:09:21.574,M0001,2022,2,5,0.3,07,2022-02-05 07:00:00
63755,0,2023-06-21 16:09:21.574,M0001,2022,2,5,0.0,13,2022-02-05 13:00:00
63755,0,2023-06-21 16:09:21.574,M0001,2022,2,5,0.4,19,2022-02-05 19:00:00
63755,0,2023-06-21 16:09:21.574,M0001,2022,2,6,6.1,07,2022-02-06 07:00:00
63755,0,2023-06-21 16:09:21.574,M0001,2022,2,6,0.3,13,2022-02-06 13:00:00
63755,0,2023-06-21 16:09:21.574,M0001,2022,2,6,5.8,19,2022-02-06 19:00:00
63755,0,2023-06-21 16:09:21.574,M0001,2022,2,7,0.1,07,2022-02-07 07:00:00
63755,0,2023-06-21 16:09:21.574,M0001,2022,2,7,0.0,13,2022-02-07 13:00:00
63755,0,2023-06-21 16:09:21.574,M0001,2022,2,7,3.1,19,2022-02-07 19:00:00
63755,0,2023-06-21 16:09:21.574,M0001,2022,2,8,4.8,07,2022-02-08 07:00:00
63755,0,2023-06-21 16:09:21.574,M0001,2022,2,8,0.1,13,2022-02-08 13:00:00
63755,0,2023-06-21 16:09:21.574,M0001,2022,2,8,8.7,19,2022-02-08 19:00:00
63755,0,2023-06-21 16:09:21.574,M0001,2022,2,9,0.0,07,2022-02-09 07:00:00
63755,0,2023-06-21 16:09:21.574,M0001,2022,2,9,0.0,13,2022-02-09 13:00:00
63755,0,2023-06-21 16:09:21.574,M0001,2022,2,9,0.0,19,2022-02-09 19:00:00
63755,0,2023-06-21 16:09:21.574,M0001,2022,2,10,0.3,07,2022-02-10 07:00:00
63755,0,2023-06-21 16:09:21.574,M0001,2022,2,10,0.0,13,2022-02-10 13:00:00
63755,0,2023-06-21 16:09:21.574,M0001,2022,2,10,2.7,19,2022-02-10 19:00:00
63755,0,2023-06-21 16:09:21.574,M0001,2022,2,11,3.0,07,2022-02-11 07:00:00
63755,0,2023-06-21 16:09:21.574,M0001,2022,2,11,0.0,13,2022-02-11 13:00:00
63755,0,2023-06-21 16:09:21.574,M0001,2022,2,11,3.8,19,2022-02-11 19:00:00
63755,0,2023-06-21 16:09:21.574,M0001,2022,2,12,4.7,07,2022-02-12 07:00:00
63755,0,2023-06-21 16:09:21.574,M0001,2022,2,12,0.0,13,2022-02-12 13:00:00
63755,0,2023-06-21 16:09:21.574,M0001,2022,2,12,9.4,19,2022-02-12 19:00:00
63755,0,2023-06-21 16:09:21.574,M0001,2022,2,13,0.6,07,2022-02-13 07:00:00
63755,0,2023-06-21 16:09:21.574,M0001,2022,2,13,0.0,13,2022-02-13 13:00:00
63755,0,2023-06-21 16:09:21.574,M0001,2022,2,13,15.6,19,2022-02-13 19:00:00
63755,0,2023-06-21 16:09:21.574,M0001,2022,2,14,8.1,07,2022-02-14 07:00:00
63755,0,2023-06-21 16:09:21.574,M0001,2022,2,14,0.0,13,2022-02-14 13:00:00
63755,0,2023-06-21 16:09:21.574,M0001,2022,2,14,0.2,19,2022-02-14 19:00:00
63755,0,2023-06-21 16:09:21.574,M0001,2022,2,15,10.3,07,2022-02-15 07:00:00
63755,0,2023-06-21 16:09:21.574,M0001,2022,2,15,0.0,13,2022-02-15 13:00:00
63755,0,2023-06-21 16:09:21.574,M0001,2022,2,15,0.0,19,2022-02-15 19:00:00
63755,0,2023-06-21 16:09:21.574,M0001,2022,2,16,0.0,07,2022-02-16 07:00:00
63755,0,2023-06-21 16:09:21.574,M0001,2022,2,16,0.0,13,2022-02-16 13:00:00
63755,0,2023-06-21 16:09:21.574,M0001,2022,2,16,0.0,19,2022-02-16 19:00:00
63755,0,2023-06-21 16:09:21.574,M0001,2022,2,17,0.0,07,2022-02-17 07:00:00
63755,0,2023-06-21 16:09:21.574,M0001,2022,2,17,0.0,13,2022-02-17 13:00:00
63755,0,2023-06-21 16:09:21.574,M0001,2022,2,17,0.0,19,2022-02-17 19:00:00
63755,0,2023-06-21 16:09:21.574,M0001,2022,2,18,0.0,07,2022-02-18 07:00:00
63755,0,2023-06-21 16:09:21.574,M0001,2022,2,18,0.0,13,2022-02-18 13:00:00
63755,0,2023-06-21 16:09:21.574,M0001,2022,2,18,7.6,19,2022-02-18 19:00:00
63755,0,2023-06-21 16:09:21.574,M0001,2022,2,19,1.6,07,2022-02-19 07:00:00
63755,0,2023-06-21 16:09:21.574,M0001,2022,2,19,0.0,13,2022-02-19 13:00:00
63755,0,2023-06-21 16:09:21.574,M0001,2022,2,19,0.6,19,2022-02-19 19:00:00
63755,0,2023-06-21 16:09:21.574,M0001,2022,2,20,12.5,07,2022-02-20 07:00:00
63755,0,2023-06-21 16:09:21.574,M0001,2022,2,20,4.2,13,2022-02-20 13:00:00
63755,0,2023-06-21 16:09:21.574,M0001,2022,2,20,1.1,19,2022-02-20 19:00:00
63755,0,2023-06-21 16:09:21.574,M0001,2022,2,21,7.9,07,2022-02-21 07:00:00
63755,0,2023-06-21 16:09:21.574,M0001,2022,2,21,2.8,13,2022-02-21 13:00:00
63755,0,2023-06-21 16:09:21.574,M0001,2022,2,21,0.7,19,2022-02-21 19:00:00
63755,0,2023-06-21 16:09:21.574,M0001,2022,2,22,0.0,07,2022-02-22 07:00:00
63755,0,2023-06-21 16:09:21.574,M0001,2022,2,22,0.0,13,2022-02-22 13:00:00
63755,0,2023-06-21 16:09:21.574,M0001,2022,2,22,1.6,19,2022-02-22 19:00:00
63755,0,2023-06-21 16:09:21.574,M0001,2022,2,23,0.8,07,2022-02-23 07:00:00
63755,0,2023-06-21 16:09:21.574,M0001,2022,2,23,0.0,13,2022-02-23 13:00:00
63755,0,2023-06-21 16:09:21.574,M0001,2022,2,23,0.0,19,2022-02-23 19:00:00
63755,0,2023-06-21 16:09:21.574,M0001,2022,2,24,0.6,07,2022-02-24 07:00:00
63755,0,2023-06-21 16:09:21.574,M0001,2022,2,24,0.0,13,2022-02-24 13:00:00
63755,0,2023-06-21 16:09:21.574,M0001,2022,2,24,8.2,19,2022-02-24 19:00:00
63755,0,2023-06-21 16:09:21.574,M0001,2022,2,25,4.8,07,2022-02-25 07:00:00
63755,0,2023-06-21 16:09:21.574,M0001,2022,2,25,0.0,13,2022-02-25 13:00:00
63755,0,2023-06-21 16:09:21.574,M0001,2022,2,25,8.1,19,2022-02-25 19:00:00
63755,0,2023-06-21 16:09:21.574,M0001,2022,2,26,1.7,07,2022-02-26 07:00:00
63755,0,2023-06-21 16:09:21.574,M0001,2022,2,26,0.0,13,2022-02-26 13:00:00
63755,0,2023-06-21 16:09:21.574,M0001,2022,2,26,4.7,19,2022-02-26 19:00:00
63755,0,2023-06-21 16:09:21.574,M0001,2022,2,27,0.6,07,2022-02-27 07:00:00
63755,0,2023-06-21 16:09:21.574,M0001,2022,2,27,0.0,13,2022-02-27 13:00:00
63755,0,2023-06-21 16:09:21.574,M0001,2022,2,27,0.8,19,2022-02-27 19:00:00
63755,0,2023-06-21 16:09:21.574,M0001,2022,2,28,4.6,07,2022-02-28 07:00:00
63755,0,2023-06-21 16:09:21.574,M0001,2022,2,28,0.0,13,2022-02-28 13:00:00
63755,0,2023-06-21 16:09:21.574,M0001,2022,2,28,24.1,19,2022-02-28 19:00:00
63755,0,2023-06-21 16:09:21.574,M0001,2022,3,1,6.3,07,2022-03-01 07:00:00
63755,0,2023-06-21 16:09:21.574,M0001,2022,3,1,0.0,13,2022-03-01 13:00:00
63755,0,2023-06-21 16:09:21.574,M0001,2022,3,1,13.1,19,2022-03-01 19:00:00
63755,0,2023-06-21 16:09:21.574,M0001,2022,3,2,2.6,07,2022-03-02 07:00:00
63755,0,2023-06-21 16:09:21.574,M0001,2022,3,2,0.0,13,2022-03-02 13:00:00
63755,0,2023-06-21 16:09:21.574,M0001,2022,3,2,3.2,19,2022-03-02 19:00:00
63755,0,2023-06-21 16:09:21.574,M0001,2022,3,3,2.3,07,2022-03-03 07:00:00
63755,0,2023-06-21 16:09:21.574,M0001,2022,3,3,0.0,13,2022-03-03 13:00:00
63755,0,2023-06-21 16:09:21.574,M0001,2022,3,3,0.0,19,2022-03-03 19:00:00
63755,0,2023-06-21 16:09:21.574,M0001,2022,3,4,2.4,07,2022-03-04 07:00:00
63755,0,2023-06-21 16:09:21.574,M0001,2022,3,4,0.2,13,2022-03-04 13:00:00
63755,0,2023-06-21 16:09:21.574,M0001,2022,3,4,0.0,19,2022-03-04 19:00:00
63755,0,2023-06-21 16:09:21.574,M0001,2022,3,5,3.0,07,2022-03-05 07:00:00
63755,0,2023-06-21 16:09:21.574,M0001,2022,3,5,0.8,13,2022-03-05 13:00:00
63755,0,2023-06-21 16:09:21.574,M0001,2022,3,5,6.4,19,2022-03-05 19:00:00
63755,0,2023-06-21 16:09:21.574,M0001,2022,3,6,2.6,07,2022-03-06 07:00:00
63755,0,2023-06-21 16:09:21.574,M0001,2022,3,6,1.2,13,2022-03-06 13:00:00
63755,0,2023-06-21 16:09:21.574,M0001,2022,3,6,2.8,19,2022-03-06 19:00:00
63755,0,2023-06-21 16:09:21.574,M0001,2022,3,7,8.7,07,2022-03-07 07:00:00
63755,0,2023-06-21 16:09:21.574,M0001,2022,3,7,0.3,13,2022-03-07 13:00:00
63755,0,2023-06-21 16:09:21.574,M0001,2022,3,7,3.4,19,2022-03-07 19:00:00
63755,0,2023-06-21 16:09:21.574,M0001,2022,3,8,0.3,07,2022-03-08 07:00:00
63755,0,2023-06-21 16:09:21.574,M0001,2022,3,8,0.0,13,2022-03-08 13:00:00
63755,0,2023-06-21 16:09:21.574,M0001,2022,3,8,0.0,19,2022-03-08 19:00:00
63755,0,2023-06-21 16:09:21.574,M0001,2022,3,9,0.0,07,2022-03-09 07:00:00
63755,0,2023-06-21 16:09:21.574,M0001,2022,3,9,0.0,13,2022-03-09 13:00:00
63755,0,2023-06-21 16:09:21.574,M0001,2022,3,9,0.0,19,2022-03-09 19:00:00
63755,0,2023-06-21 16:09:21.574,M0001,2022,3,10,0.0,07,2022-03-10 07:00:00
63755,0,2023-06-21 16:09:21.574,M0001,2022,3,10,0.0,13,2022-03-10 13:00:00
63755,0,2023-06-21 16:09:21.574,M0001,2022,3,10,0.0,19,2022-03-10 19:00:00
63755,0,2023-06-21 16:09:21.574,M0001,2022,3,11,0.0,07,2022-03-11 07:00:00
63755,0,2023-06-21 16:09:21.574,M0001,2022,3,11,0.0,13,2022-03-11 13:00:00
63755,0,2023-06-21 16:09:21.574,M0001,2022,3,11,1.2,19,2022-03-11 19:00:00
63755,0,2023-06-21 16:09:21.574,M0001,2022,3,12,0.6,07,2022-03-12 07:00:00
63755,0,2023-06-21 16:09:21.574,M0001,2022,3,12,0.0,13,2022-03-12 13:00:00
63755,0,2023-06-21 16:09:21.574,M0001,2022,3,12,0.0,19,2022-03-12 19:00:00
63755,0,2023-06-21 16:09:21.574,M0001,2022,3,13,0.0,07,2022-03-13 07:00:00
63755,0,2023-06-21 16:09:21.574,M0001,2022,3,13,0.0,13,2022-03-13 13:00:00
63755,0,2023-06-21 16:09:21.574,M0001,2022,3,13,2.1,19,2022-03-13 19:00:00
63755,0,2023-06-21 16:09:21.574,M0001,2022,3,14,10.8,07,2022-03-14 07:00:00
63755,0,2023-06-21 16:09:21.574,M0001,2022,3,14,0.0,13,2022-03-14 13:00:00
63755,0,2023-06-21 16:09:21.574,M0001,2022,3,14,0.5,19,2022-03-14 19:00:00
63755,0,2023-06-21 16:09:21.574,M0001,2022,3,15,4.0,07,2022-03-15 07:00:00
63755,0,2023-06-21 16:09:21.574,M0001,2022,3,15,0.0,13,2022-03-15 13:00:00
63755,0,2023-06-21 16:09:21.574,M0001,2022,3,15,8.7,19,2022-03-15 19:00:00
63755,0,2023-06-21 16:09:21.574,M0001,2022,3,16,0.3,07,2022-03-16 07:00:00
63755,0,2023-06-21 16:09:21.574,M0001,2022,3,16,8.6,13,2022-03-16 13:00:00
63755,0,2023-06-21 16:09:21.574,M0001,2022,3,16,15.4,19,2022-03-16 19:00:00
63755,0,2023-06-21 16:09:21.574,M0001,2022,3,17,6.2,07,2022-03-17 07:00:00
63755,0,2023-06-21 16:09:21.574,M0001,2022,3,17,0.0,13,2022-03-17 13:00:00
63755,0,2023-06-21 16:09:21.574,M0001,2022,3,17,5.7,19,2022-03-17 19:00:00
63755,0,2023-06-21 16:09:21.574,M0001,2022,3,18,0.0,07,2022-03-18 07:00:00
63755,0,2023-06-21 16:09:21.574,M0001,2022,3,18,0.0,13,2022-03-18 13:00:00
63755,0,2023-06-21 16:09:21.574,M0001,2022,3,18,12.3,19,2022-03-18 19:00:00
63755,0,2023-06-21 16:09:21.574,M0001,2022,3,19,0.8,07,2022-03-19 07:00:00
63755,0,2023-06-21 16:09:21.574,M0001,2022,3,19,0.6,13,2022-03-19 13:00:00
63755,0,2023-06-21 16:09:21.574,M0001,2022,3,19,0.0,19,2022-03-19 19:00:00
63755,0,2023-06-21 16:09:21.574,M0001,2022,3,20,0.0,07,2022-03-20 07:00:00
63755,0,2023-06-21 16:09:21.574,M0001,2022,3,20,0.0,13,2022-03-20 13:00:00
63755,0,2023-06-21 16:09:21.574,M0001,2022,3,20,0.0,19,2022-03-20 19:00:00
63755,0,2023-06-21 16:09:21.574,M0001,2022,3,21,0.0,07,2022-03-21 07:00:00
63755,0,2023-06-21 16:09:21.574,M0001,2022,3,21,0.0,13,2022-03-21 13:00:00
63755,0,2023-06-21 16:09:21.574,M0001,2022,3,21,0.0,19,2022-03-21 19:00:00
63755,0,2023-06-21 16:09:21.574,M0001,2022,3,22,0.8,07,2022-03-22 07:00:00
63755,0,2023-06-21 16:09:21.574,M0001,2022,3,22,0.0,13,2022-03-22 13:00:00
63755,0,2023-06-21 16:09:21.574,M0001,2022,3,22,0.0,19,2022-03-22 19:00:00
63755,0,2023-06-21 16:09:21.574,M0001,2022,3,23,0.0,07,2022-03-23 07:00:00
63755,0,2023-06-21 16:09:21.574,M0001,2022,3,23,0.0,13,2022-03-23 13:00:00
63755,0,2023-06-21 16:09:21.574,M0001,2022,3,23,1.1,19,2022-03-23 19:00:00
63755,0,2023-06-21 16:09:21.574,M0001,2022,3,24,0.4,07,2022-03-24 07:00:00
63755,0,2023-06-21 16:09:21.574,M0001,2022,3,24,1.6,13,2022-03-24 13:00:00
63755,0,2023-06-21 16:09:21.574,M0001,2022,3,24,9.3,19,2022-03-24 19:00:00
63755,0,2023-06-21 16:09:21.574,M0001,2022,3,25,0.0,07,2022-03-25 07:00:00
63755,0,2023-06-21 16:09:21.574,M0001,2022,3,25,0.0,13,2022-03-25 13:00:00
63755,0,2023-06-21 16:09:21.574,M0001,2022,3,25,0.0,19,2022-03-25 19:00:00
63755,0,2023-06-21 16:09:21.574,M0001,2022,3,26,0.0,07,2022-03-26 07:00:00
63755,0,2023-06-21 16:09:21.574,M0001,2022,3,26,0.0,13,2022-03-26 13:00:00
63755,0,2023-06-21 16:09:21.574,M0001,2022,3,26,2.4,19,2022-03-26 19:00:00
63755,0,2023-06-21 16:09:21.574,M0001,2022,3,27,0.0,07,2022-03-27 07:00:00
63755,0,2023-06-21 16:09:21.574,M0001,2022,3,27,0.0,13,2022-03-27 13:00:00
63755,0,2023-06-21 16:09:21.574,M0001,2022,3,27,1.6,19,2022-03-27 19:00:00
63755,0,2023-06-21 16:09:21.574,M0001,2022,3,28,0.0,07,2022-03-28 07:00:00
63755,0,2023-06-21 16:09:21.574,M0001,2022,3,28,0.0,13,2022-03-28 13:00:00
63755,0,2023-06-21 16:09:21.574,M0001,2022,3,28,2.6,19,2022-03-28 19:00:00
63755,0,2023-06-21 16:09:21.574,M0001,2022,3,29,0.0,07,2022-03-29 07:00:00
63755,0,2023-06-21 16:09:21.574,M0001,2022,3,29,0.0,13,2022-03-29 13:00:00
63755,0,2023-06-21 16:09:21.574,M0001,2022,3,29,13.4,19,2022-03-29 19:00:00
63755,0,2023-06-21 16:09:21.574,M0001,2022,3,30,14.6,07,2022-03-30 07:00:00
63755,0,2023-06-21 16:09:21.574,M0001,2022,3,30,0.0,13,2022-03-30 13:00:00
63755,0,2023-06-21 16:09:21.574,M0001,2022,3,30,1.6,19,2022-03-30 19:00:00
63755,0,2023-06-21 16:09:21.574,M0001,2022,3,31,2.2,07,2022-03-31 07:00:00
63755,0,2023-06-21 16:09:21.574,M0001,2022,3,31,0.0,13,2022-03-31 13:00:00
63755,0,2023-06-21 16:09:21.574,M0001,2022,3,31,0.0,19,2022-03-31 19:00:00
63755,0,2023-06-21 16:09:21.574,M0001,2022,4,1,3.6,07,2022-04-01 07:00:00
63755,0,2023-06-21 16:09:21.574,M0001,2022,4,1,0.0,13,2022-04-01 13:00:00
63755,0,2023-06-21 16:09:21.574,M0001,2022,4,1,4.6,19,2022-04-01 19:00:00
63755,0,2023-06-21 16:09:21.574,M0001,2022,4,2,12.1,07,2022-04-02 07:00:00
63755,0,2023-06-21 16:09:21.574,M0001,2022,4,2,0.0,13,2022-04-02 13:00:00
63755,0,2023-06-21 16:09:21.574,M0001,2022,4,2,0.0,19,2022-04-02 19:00:00
63755,0,2023-06-21 16:09:21.574,M0001,2022,4,3,0.0,07,2022-04-03 07:00:00
63755,0,2023-06-21 16:09:21.574,M0001,2022,4,3,0.0,13,2022-04-03 13:00:00
63755,0,2023-06-21 16:09:21.574,M0001,2022,4,3,0.0,19,2022-04-03 19:00:00
63755,0,2023-06-21 16:09:21.574,M0001,2022,4,4,0.6,07,2022-04-04 07:00:00
63755,0,2023-06-21 16:09:21.574,M0001,2022,4,4,0.0,13,2022-04-04 13:00:00
63755,0,2023-06-21 16:09:21.574,M0001,2022,4,4,2.1,19,2022-04-04 19:00:00
63755,0,2023-06-21 16:09:21.574,M0001,2022,4,5,0.0,07,2022-04-05 07:00:00
63755,0,2023-06-21 16:09:21.574,M0001,2022,4,5,0.0,13,2022-04-05 13:00:00
63755,0,2023-06-21 16:09:21.574,M0001,2022,4,5,0.0,19,2022-04-05 19:00:00
63755,0,2023-06-21 16:09:21.574,M0001,2022,4,6,0.0,07,2022-04-06 07:00:00
63755,0,2023-06-21 16:09:21.574,M0001,2022,4,6,0.0,13,2022-04-06 13:00:00
63755,0,2023-06-21 16:09:21.574,M0001,2022,4,6,0.0,19,2022-04-06 19:00:00
63755,0,2023-06-21 16:09:21.574,M0001,2022,4,7,0.0,07,2022-04-07 07:00:00
63755,0,2023-06-21 16:09:21.574,M0001,2022,4,7,0.0,13,2022-04-07 13:00:00
63755,0,2023-06-21 16:09:21.574,M0001,2022,4,7,0.6,19,2022-04-07 19:00:00
63755,0,2023-06-21 16:09:21.574,M0001,2022,4,8,0.3,07,2022-04-08 07:00:00
63755,0,2023-06-21 16:09:21.574,M0001,2022,4,8,0.0,13,2022-04-08 13:00:00
63755,0,2023-06-21 16:09:21.574,M0001,2022,4,8,6.7,19,2022-04-08 19:00:00
63755,0,2023-06-21 16:09:21.574,M0001,2022,4,9,11.4,07,2022-04-09 07:00:00
63755,0,2023-06-21 16:09:21.574,M0001,2022,4,9,0.0,13,2022-04-09 13:00:00
63755,0,2023-06-21 16:09:21.574,M0001,2022,4,9,4.6,19,2022-04-09 19:00:00
63755,0,2023-06-21 16:09:21.574,M0001,2022,4,10,3.1,07,2022-04-10 07:00:00
63755,0,2023-06-21 16:09:21.574,M0001,2022,4,10,0.0,13,2022-04-10 13:00:00
63755,0,2023-06-21 16:09:21.574,M0001,2022,4,10,0.0,19,2022-04-10 19:00:00
63755,0,2023-06-21 16:09:21.574,M0001,2022,4,11,0.0,07,2022-04-11 07:00:00
63755,0,2023-06-21 16:09:21.574,M0001,2022,4,11,0.0,13,2022-04-11 13:00:00
63755,0,2023-06-21 16:09:21.574,M0001,2022,4,11,0.0,19,2022-04-11 19:00:00
63755,0,2023-06-21 16:09:21.574,M0001,2022,4,12,0.0,07,2022-04-12 07:00:00
63755,0,2023-06-21 16:09:21.574,M0001,2022,4,12,0.0,13,2022-04-12 13:00:00
63755,0,2023-06-21 16:09:21.574,M0001,2022,4,12,0.0,19,2022-04-12 19:00:00
63755,0,2023-06-21 16:09:21.574,M0001,2022,4,13,0.0,07,2022-04-13 07:00:00
63755,0,2023-06-21 16:09:21.574,M0001,2022,4,13,0.0,13,2022-04-13 13:00:00
63755,0,2023-06-21 16:09:21.574,M0001,2022,4,13,0.0,19,2022-04-13 19:00:00
63755,0,2023-06-21 16:09:21.574,M0001,2022,4,14,0.0,07,2022-04-14 07:00:00
63755,0,2023-06-21 16:09:21.574,M0001,2022,4,14,0.0,13,2022-04-14 13:00:00
63755,0,2023-06-21 16:09:21.574,M0001,2022,4,14,0.0,19,2022-04-14 19:00:00
63755,0,2023-06-21 16:09:21.574,M0001,2022,4,15,0.0,07,2022-04-15 07:00:00
63755,0,2023-06-21 16:09:21.574,M0001,2022,4,15,0.0,13,2022-04-15 13:00:00
63755,0,2023-06-21 16:09:21.574,M0001,2022,4,15,0.0,19,2022-04-15 19:00:00
63755,0,2023-06-21 16:09:21.574,M0001,2022,4,16,0.0,07,2022-04-16 07:00:00
63755,0,2023-06-21 16:09:21.574,M0001,2022,4,16,0.0,13,2022-04-16 13:00:00
63755,0,2023-06-21 16:09:21.574,M0001,2022,4,16,7.4,19,2022-04-16 19:00:00
63755,0,2023-06-21 16:09:21.574,M0001,2022,4,17,0.2,07,2022-04-17 07:00:00
63755,0,2023-06-21 16:09:21.574,M0001,2022,4,17,0.0,13,2022-04-17 13:00:00
63755,0,2023-06-21 16:09:21.574,M0001,2022,4,17,5.4,19,2022-04-17 19:00:00
63755,0,2023-06-21 16:09:21.574,M0001,2022,4,18,6.4,07,2022-04-18 07:00:00
63755,0,2023-06-21 16:09:21.574,M0001,2022,4,18,0.0,13,2022-04-18 13:00:00
63755,0,2023-06-21 16:09:21.574,M0001,2022,4,18,24.1,19,2022-04-18 19:00:00
63755,0,2023-06-21 16:09:21.574,M0001,2022,4,19,33.1,07,2022-04-19 07:00:00
63755,0,2023-06-21 16:09:21.574,M0001,2022,4,19,0.0,13,2022-04-19 13:00:00
63755,0,2023-06-21 16:09:21.574,M0001,2022,4,19,1.2,19,2022-04-19 19:00:00
63755,0,2023-06-21 16:09:21.574,M0001,2022,4,20,0.6,07,2022-04-20 07:00:00
63755,0,2023-06-21 16:09:21.574,M0001,2022,4,20,3.2,13,2022-04-20 13:00:00
63755,0,2023-06-21 16:09:21.574,M0001,2022,4,20,9.4,19,2022-04-20 19:00:00
63755,0,2023-06-21 16:09:21.574,M0001,2022,4,21,10.6,07,2022-04-21 07:00:00
63755,0,2023-06-21 16:09:21.574,M0001,2022,4,21,0.0,13,2022-04-21 13:00:00
63755,0,2023-06-21 16:09:21.574,M0001,2022,4,21,0.0,19,2022-04-21 19:00:00
63755,0,2023-06-21 16:09:21.574,M0001,2022,4,22,0.7,07,2022-04-22 07:00:00
63755,0,2023-06-21 16:09:21.574,M0001,2022,4,22,0.0,13,2022-04-22 13:00:00
63755,0,2023-06-21 16:09:21.574,M0001,2022,4,22,1.2,19,2022-04-22 19:00:00
63755,0,2023-06-21 16:09:21.574,M0001,2022,4,23,0.0,07,2022-04-23 07:00:00
63755,0,2023-06-21 16:09:21.574,M0001,2022,4,23,0.0,13,2022-04-23 13:00:00
63755,0,2023-06-21 16:09:21.574,M0001,2022,4,23,4.2,19,2022-04-23 19:00:00
63755,0,2023-06-21 16:09:21.574,M0001,2022,4,24,9.4,07,2022-04-24 07:00:00
63755,0,2023-06-21 16:09:21.574,M0001,2022,4,24,0.0,13,2022-04-24 13:00:00
63755,0,2023-06-21 16:09:21.574,M0001,2022,4,24,2.1,19,2022-04-24 19:00:00
63755,0,2023-06-21 16:09:21.574,M0001,2022,4,25,3.2,07,2022-04-25 07:00:00
63755,0,2023-06-21 16:09:21.574,M0001,2022,4,25,0.0,13,2022-04-25 13:00:00
63755,0,2023-06-21 16:09:21.574,M0001,2022,4,25,0.0,19,2022-04-25 19:00:00
63755,0,2023-06-21 16:09:21.574,M0001,2022,4,26,0.0,07,2022-04-26 07:00:00
63755,0,2023-06-21 16:09:21.574,M0001,2022,4,26,0.0,13,2022-04-26 13:00:00
63755,0,2023-06-21 16:09:21.574,M0001,2022,4,26,1.3,19,2022-04-26 19:00:00
63755,0,2023-06-21 16:09:21.574,M0001,2022,4,27,0.6,07,2022-04-27 07:00:00
63755,0,2023-06-21 16:09:21.574,M0001,2022,4,27,0.0,13,2022-04-27 13:00:00
63755,0,2023-06-21 16:09:21.574,M0001,2022,4,27,1.7,19,2022-04-27 19:00:00
63755,0,2023-06-21 16:09:21.574,M0001,2022,4,28,6.2,07,2022-04-28 07:00:00
63755,0,2023-06-21 16:09:21.574,M0001,2022,4,28,0.0,13,2022-04-28 13:00:00
63755,0,2023-06-21 16:09:21.574,M0001,2022,4,28,1.4,19,2022-04-28 19:00:00
63755,0,2023-06-21 16:09:21.574,M0001,2022,4,29,0.0,07,2022-04-29 07:00:00
63755,0,2023-06-21 16:09:21.574,M0001,2022,4,29,0.0,13,2022-04-29 13:00:00
63755,0,2023-06-21 16:09:21.574,M0001,2022,4,29,0.0,19,2022-04-29 19:00:00
63755,0,2023-06-21 16:09:21.574,M0001,2022,4,30,0.0,07,2022-04-30 07:00:00
63755,0,2023-06-21 16:09:21.574,M0001,2022,4,30,0.0,13,2022-04-30 13:00:00
63755,0,2023-06-21 16:09:21.574,M0001,2022,4,30,0.0,19,2022-04-30 19:00:00
63755,0,2023-06-21 16:09:21.574,M0001,2022,5,1,0.0,07,2022-05-01 07:00:00
63755,0,2023-06-21 16:09:21.574,M0001,2022,5,1,0.0,13,2022-05-01 13:00:00
63755,0,2023-06-21 16:09:21.574,M0001,2022,5,1,0.0,19,2022-05-01 19:00:00
63755,0,2023-06-21 16:09:21.574,M0001,2022,5,2,0.0,07,2022-05-02 07:00:00
63755,0,2023-06-21 16:09:21.574,M0001,2022,5,2,0.0,13,2022-05-02 13:00:00
63755,0,2023-06-21 16:09:21.574,M0001,2022,5,2,0.0,19,2022-05-02 19:00:00
63755,0,2023-06-21 16:09:21.574,M0001,2022,5,3,0.0,07,2022-05-03 07:00:00
63755,0,2023-06-21 16:09:21.574,M0001,2022,5,3,0.0,13,2022-05-03 13:00:00
63755,0,2023-06-21 16:09:21.574,M0001,2022,5,3,0.0,19,2022-05-03 19:00:00
63755,0,2023-06-21 16:09:21.574,M0001,2022,5,4,0.0,07,2022-05-04 07:00:00
63755,0,2023-06-21 16:09:21.574,M0001,2022,5,4,0.0,13,2022-05-04 13:00:00
63755,0,2023-06-21 16:09:21.574,M0001,2022,5,4,0.0,19,2022-05-04 19:00:00
63755,0,2023-06-21 16:09:21.574,M0001,2022,5,5,0.0,07,2022-05-05 07:00:00
63755,0,2023-06-21 16:09:21.574,M0001,2022,5,5,3.1,13,2022-05-05 13:00:00
63755,0,2023-06-21 16:09:21.574,M0001,2022,5,5,0.6,19,2022-05-05 19:00:00
63755,0,2023-06-21 16:09:21.574,M0001,2022,5,6,0.0,07,2022-05-06 07:00:00
63755,0,2023-06-21 16:09:21.574,M0001,2022,5,6,0.0,13,2022-05-06 13:00:00
63755,0,2023-06-21 16:09:21.574,M0001,2022,5,6,0.2,19,2022-05-06 19:00:00
63755,0,2023-06-21 16:09:21.574,M0001,2022,5,7,4.5,07,2022-05-07 07:00:00
63755,0,2023-06-21 16:09:21.574,M0001,2022,5,7,0.0,13,2022-05-07 13:00:00
63755,0,2023-06-21 16:09:21.574,M0001,2022,5,7,1.1,19,2022-05-07 19:00:00
63755,0,2023-06-21 16:09:21.574,M0001,2022,5,8,0.4,07,2022-05-08 07:00:00
63755,0,2023-06-21 16:09:21.574,M0001,2022,5,8,0.0,13,2022-05-08 13:00:00
63755,0,2023-06-21 16:09:21.574,M0001,2022,5,8,0.0,19,2022-05-08 19:00:00
63755,0,2023-06-21 16:09:21.574,M0001,2022,5,9,0.0,07,2022-05-09 07:00:00
63755,0,2023-06-21 16:09:21.574,M0001,2022,5,9,0.0,13,2022-05-09 13:00:00
63755,0,2023-06-21 16:09:21.574,M0001,2022,5,9,0.0,19,2022-05-09 19:00:00
63755,0,2023-06-21 16:09:21.574,M0001,2022,5,10,0.0,07,2022-05-10 07:00:00
63755,0,2023-06-21 16:09:21.574,M0001,2022,5,10,0.0,13,2022-05-10 13:00:00
63755,0,2023-06-21 16:09:21.574,M0001,2022,5,10,3.1,19,2022-05-10 19:00:00
63755,0,2023-06-21 16:09:21.574,M0001,2022,5,11,6.8,07,2022-05-11 07:00:00
63755,0,2023-06-21 16:09:21.574,M0001,2022,5,11,0.0,13,2022-05-11 13:00:00
63755,0,2023-06-21 16:09:21.574,M0001,2022,5,11,6.7,19,2022-05-11 19:00:00
63755,0,2023-06-21 16:09:21.574,M0001,2022,5,12,5.1,07,2022-05-12 07:00:00
63755,0,2023-06-21 16:09:21.574,M0001,2022,5,12,0.0,13,2022-05-12 13:00:00
63755,0,2023-06-21 16:09:21.574,M0001,2022,5,12,0.0,19,2022-05-12 19:00:00
63755,0,2023-06-21 16:09:21.574,M0001,2022,5,13,0.0,07,2022-05-13 07:00:00
63755,0,2023-06-21 16:09:21.574,M0001,2022,5,13,0.0,13,2022-05-13 13:00:00
63755,0,2023-06-21 16:09:21.574,M0001,2022,5,13,0.5,19,2022-05-13 19:00:00
63755,0,2023-06-21 16:09:21.574,M0001,2022,5,14,0.3,07,2022-05-14 07:00:00
63755,0,2023-06-21 16:09:21.574,M0001,2022,5,14,0.0,13,2022-05-14 13:00:00
63755,0,2023-06-21 16:09:21.574,M0001,2022,5,14,7.1,19,2022-05-14 19:00:00
63755,0,2023-06-21 16:09:21.574,M0001,2022,5,15,0.0,07,2022-05-15 07:00:00
63755,0,2023-06-21 16:09:21.574,M0001,2022,5,15,0.0,13,2022-05-15 13:00:00
63755,0,2023-06-21 16:09:21.574,M0001,2022,5,15,0.0,19,2022-05-15 19:00:00
63755,0,2023-06-21 16:09:21.574,M0001,2022,5,16,0.4,07,2022-05-16 07:00:00
63755,0,2023-06-21 16:09:21.574,M0001,2022,5,16,0.3,13,2022-05-16 13:00:00
63755,0,2023-06-21 16:09:21.574,M0001,2022,5,16,8.8,19,2022-05-16 19:00:00
63755,0,2023-06-21 16:09:21.574,M0001,2022,5,17,2.2,07,2022-05-17 07:00:00
63755,0,2023-06-21 16:09:21.574,M0001,2022,5,17,1.6,13,2022-05-17 13:00:00
63755,0,2023-06-21 16:09:21.574,M0001,2022,5,17,0.8,19,2022-05-17 19:00:00
63755,0,2023-06-21 16:09:21.574,M0001,2022,5,18,0.0,07,2022-05-18 07:00:00
63755,0,2023-06-21 16:09:21.574,M0001,2022,5,18,0.0,13,2022-05-18 13:00:00
63755,0,2023-06-21 16:09:21.574,M0001,2022,5,18,1.2,19,2022-05-18 19:00:00
63755,0,2023-06-21 16:09:21.574,M0001,2022,5,19,23.2,07,2022-05-19 07:00:00
63755,0,2023-06-21 16:09:21.574,M0001,2022,5,19,2.1,13,2022-05-19 13:00:00
63755,0,2023-06-21 16:09:21.574,M0001,2022,5,19,6.3,19,2022-05-19 19:00:00
63755,0,2023-06-21 16:09:21.574,M0001,2022,5,20,1.4,07,2022-05-20 07:00:00
63755,0,2023-06-21 16:09:21.574,M0001,2022,5,20,0.0,13,2022-05-20 13:00:00
63755,0,2023-06-21 16:09:21.574,M0001,2022,5,20,6.4,19,2022-05-20 19:00:00
63755,0,2023-06-21 16:09:21.574,M0001,2022,5,21,0.6,07,2022-05-21 07:00:00
63755,0,2023-06-21 16:09:21.574,M0001,2022,5,21,0.0,13,2022-05-21 13:00:00
63755,0,2023-06-21 16:09:21.574,M0001,2022,5,21,0.0,19,2022-05-21 19:00:00
63755,0,2023-06-21 16:09:21.574,M0001,2022,5,22,0.0,07,2022-05-22 07:00:00
63755,0,2023-06-21 16:09:21.574,M0001,2022,5,22,0.0,13,2022-05-22 13:00:00
63755,0,2023-06-21 16:09:21.574,M0001,2022,5,22,0.0,19,2022-05-22 19:00:00
63755,0,2023-06-21 16:09:21.574,M0001,2022,5,23,0.0,07,2022-05-23 07:00:00
63755,0,2023-06-21 16:09:21.574,M0001,2022,5,23,0.0,13,2022-05-23 13:00:00
63755,0,2023-06-21 16:09:21.574,M0001,2022,5,23,6.3,19,2022-05-23 19:00:00
63755,0,2023-06-21 16:09:21.574,M0001,2022,5,24,9.4,07,2022-05-24 07:00:00
63755,0,2023-06-21 16:09:21.574,M0001,2022,5,24,0.0,13,2022-05-24 13:00:00
63755,0,2023-06-21 16:09:21.574,M0001,2022,5,24,0.0,19,2022-05-24 19:00:00
63755,0,2023-06-21 16:09:21.574,M0001,2022,5,25,0.0,07,2022-05-25 07:00:00
63755,0,2023-06-21 16:09:21.574,M0001,2022,5,25,0.0,13,2022-05-25 13:00:00
63755,0,2023-06-21 16:09:21.574,M0001,2022,5,25,0.0,19,2022-05-25 19:00:00
63755,0,2023-06-21 16:09:21.574,M0001,2022,5,26,0.0,07,2022-05-26 07:00:00
63755,0,2023-06-21 16:09:21.574,M0001,2022,5,26,1.2,13,2022-05-26 13:00:00
63755,0,2023-06-21 16:09:21.574,M0001,2022,5,26,0.0,19,2022-05-26 19:00:00
63755,0,2023-06-21 16:09:21.574,M0001,2022,5,27,0.0,07,2022-05-27 07:00:00
63755,0,2023-06-21 16:09:21.574,M0001,2022,5,27,0.0,13,2022-05-27 13:00:00
63755,0,2023-06-21 16:09:21.574,M0001,2022,5,27,0.0,19,2022-05-27 19:00:00
63755,0,2023-06-21 16:09:21.574,M0001,2022,5,28,0.0,07,2022-05-28 07:00:00
63755,0,2023-06-21 16:09:21.574,M0001,2022,5,28,0.0,13,2022-05-28 13:00:00
63755,0,2023-06-21 16:09:21.574,M0001,2022,5,28,9.8,19,2022-05-28 19:00:00
63755,0,2023-06-21 16:09:21.574,M0001,2022,5,29,0.0,07,2022-05-29 07:00:00
63755,0,2023-06-21 16:09:21.574,M0001,2022,5,29,0.0,13,2022-05-29 13:00:00
63755,0,2023-06-21 16:09:21.574,M0001,2022,5,29,0.0,19,2022-05-29 19:00:00
63755,0,2023-06-21 16:09:21.574,M0001,2022,5,30,0.0,07,2022-05-30 07:00:00
63755,0,2023-06-21 16:09:21.574,M0001,2022,5,30,0.0,13,2022-05-30 13:00:00
63755,0,2023-06-21 16:09:21.574,M0001,2022,5,30,0.0,19,2022-05-30 19:00:00
63755,0,2023-06-21 16:09:21.574,M0001,2022,5,31,0.0,07,2022-05-31 07:00:00
63755,0,2023-06-21 16:09:21.574,M0001,2022,5,31,0.0,13,2022-05-31 13:00:00
63755,0,2023-06-21 16:09:21.574,M0001,2022,5,31,0.0,19,2022-05-31 19:00:00
63755,0,2023-06-21 16:09:21.574,M0001,2022,6,1,5.8,07,2022-06-01 07:00:00
63755,0,2023-06-21 16:09:21.574,M0001,2022,6,1,0.0,13,2022-06-01 13:00:00
63755,0,2023-06-21 16:09:21.574,M0001,2022,6,1,8.7,19,2022-06-01 19:00:00
63755,0,2023-06-21 16:09:21.574,M0001,2022,6,2,0.6,07,2022-06-02 07:00:00
63755,0,2023-06-21 16:09:21.574,M0001,2022,6,2,0.0,13,2022-06-02 13:00:00
63755,0,2023-06-21 16:09:21.574,M0001,2022,6,2,9.4,19,2022-06-02 19:00:00
63755,0,2023-06-21 16:09:21.574,M0001,2022,6,3,9.2,07,2022-06-03 07:00:00
63755,0,2023-06-21 16:09:21.574,M0001,2022,6,3,0.4,13,2022-06-03 13:00:00
63755,0,2023-06-21 16:09:21.574,M0001,2022,6,3,0.7,19,2022-06-03 19:00:00
63755,0,2023-06-21 16:09:21.574,M0001,2022,6,4,10.4,07,2022-06-04 07:00:00
63755,0,2023-06-21 16:09:21.574,M0001,2022,6,4,0.0,13,2022-06-04 13:00:00
63755,0,2023-06-21 16:09:21.574,M0001,2022,6,4,0.0,19,2022-06-04 19:00:00
63755,0,2023-06-21 16:09:21.574,M0001,2022,6,5,0.6,07,2022-06-05 07:00:00
63755,0,2023-06-21 16:09:21.574,M0001,2022,6,5,0.0,13,2022-06-05 13:00:00
63755,0,2023-06-21 16:09:21.574,M0001,2022,6,5,26.3,19,2022-06-05 19:00:00
63755,0,2023-06-21 16:09:21.574,M0001,2022,6,6,0.0,07,2022-06-06 07:00:00
63755,0,2023-06-21 16:09:21.574,M0001,2022,6,6,0.0,13,2022-06-06 13:00:00
63755,0,2023-06-21 16:09:21.574,M0001,2022,6,6,19.3,19,2022-06-06 19:00:00
63755,0,2023-06-21 16:09:21.574,M0001,2022,6,7,2.4,07,2022-06-07 07:00:00
63755,0,2023-06-21 16:09:21.574,M0001,2022,6,7,0.0,13,2022-06-07 13:00:00
63755,0,2023-06-21 16:09:21.574,M0001,2022,6,7,9.2,19,2022-06-07 19:00:00
63755,0,2023-06-21 16:09:21.574,M0001,2022,6,8,6.4,07,2022-06-08 07:00:00
63755,0,2023-06-21 16:09:21.574,M0001,2022,6,8,0.0,13,2022-06-08 13:00:00
63755,0,2023-06-21 16:09:21.574,M0001,2022,6,8,13.6,19,2022-06-08 19:00:00
63755,0,2023-06-21 16:09:21.574,M0001,2022,6,9,22.1,07,2022-06-09 07:00:00
63755,0,2023-06-21 16:09:21.574,M0001,2022,6,9,0.7,13,2022-06-09 13:00:00
63755,0,2023-06-21 16:09:21.574,M0001,2022,6,9,6.2,19,2022-06-09 19:00:00
63755,0,2023-06-21 16:09:21.574,M0001,2022,6,10,1.3,07,2022-06-10 07:00:00
63755,0,2023-06-21 16:09:21.574,M0001,2022,6,10,0.6,13,2022-06-10 13:00:00
63755,0,2023-06-21 16:09:21.574,M0001,2022,6,10,0.0,19,2022-06-10 19:00:00
63755,0,2023-06-21 16:09:21.574,M0001,2022,6,11,0.5,07,2022-06-11 07:00:00
63755,0,2023-06-21 16:09:21.574,M0001,2022,6,11,3.8,13,2022-06-11 13:00:00
63755,0,2023-06-21 16:09:21.574,M0001,2022,6,11,0.2,19,2022-06-11 19:00:00
63755,0,2023-06-21 16:09:21.574,M0001,2022,6,12,1.8,07,2022-06-12 07:00:00
63755,0,2023-06-21 16:09:21.574,M0001,2022,6,12,0.0,13,2022-06-12 13:00:00
63755,0,2023-06-21 16:09:21.574,M0001,2022,6,12,0.0,19,2022-06-12 19:00:00
63755,0,2023-06-21 16:09:21.574,M0001,2022,6,13,0.0,07,2022-06-13 07:00:00
63755,0,2023-06-21 16:09:21.574,M0001,2022,6,13,0.0,13,2022-06-13 13:00:00
63755,0,2023-06-21 16:09:21.574,M0001,2022,6,13,0.0,19,2022-06-13 19:00:00
63755,0,2023-06-21 16:09:21.574,M0001,2022,6,14,0.0,07,2022-06-14 07:00:00
63755,0,2023-06-21 16:09:21.574,M0001,2022,6,14,0.0,13,2022-06-14 13:00:00
63755,0,2023-06-21 16:09:21.574,M0001,2022,6,14,0.0,19,2022-06-14 19:00:00
63755,0,2023-06-21 16:09:21.574,M0001,2022,6,15,0.0,07,2022-06-15 07:00:00
63755,0,2023-06-21 16:09:21.574,M0001,2022,6,15,0.0,13,2022-06-15 13:00:00
63755,0,2023-06-21 16:09:21.574,M0001,2022,6,15,0.0,19,2022-06-15 19:00:00
63755,0,2023-06-21 16:09:21.574,M0001,2022,6,16,0.0,07,2022-06-16 07:00:00
63755,0,2023-06-21 16:09:21.574,M0001,2022,6,16,0.0,13,2022-06-16 13:00:00
63755,0,2023-06-21 16:09:21.574,M0001,2022,6,16,0.0,19,2022-06-16 19:00:00
63755,0,2023-06-21 16:09:21.574,M0001,2022,6,17,0.0,07,2022-06-17 07:00:00
63755,0,2023-06-21 16:09:21.574,M0001,2022,6,17,0.0,13,2022-06-17 13:00:00
63755,0,2023-06-21 16:09:21.574,M0001,2022,6,17,5.3,19,2022-06-17 19:00:00
63755,0,2023-06-21 16:09:21.574,M0001,2022,6,18,4.1,07,2022-06-18 07:00:00
63755,0,2023-06-21 16:09:21.574,M0001,2022,6,18,0.0,13,2022-06-18 13:00:00
63755,0,2023-06-21 16:09:21.574,M0001,2022,6,18,3.9,19,2022-06-18 19:00:00
63755,0,2023-06-21 16:09:21.574,M0001,2022,6,19,3.1,07,2022-06-19 07:00:00
63755,0,2023-06-21 16:09:21.574,M0001,2022,6,19,0.0,13,2022-06-19 13:00:00
63755,0,2023-06-21 16:09:21.574,M0001,2022,6,19,0.0,19,2022-06-19 19:00:00
63755,0,2023-06-21 16:09:21.574,M0001,2022,6,20,4.7,07,2022-06-20 07:00:00
63755,0,2023-06-21 16:09:21.574,M0001,2022,6,20,0.0,13,2022-06-20 13:00:00
63755,0,2023-06-21 16:09:21.574,M0001,2022,6,20,0.0,19,2022-06-20 19:00:00
63755,0,2023-06-21 16:09:21.574,M0001,2022,6,21,0.0,07,2022-06-21 07:00:00
63755,0,2023-06-21 16:09:21.574,M0001,2022,6,21,0.0,13,2022-06-21 13:00:00
63755,0,2023-06-21 16:09:21.574,M0001,2022,6,21,0.0,19,2022-06-21 19:00:00
63755,0,2023-06-21 16:09:21.574,M0001,2022,6,22,0.0,07,2022-06-22 07:00:00
63755,0,2023-06-21 16:09:21.574,M0001,2022,6,22,0.0,13,2022-06-22 13:00:00
63755,0,2023-06-21 16:09:21.574,M0001,2022,6,22,0.0,19,2022-06-22 19:00:00
63755,0,2023-06-21 16:09:21.574,M0001,2022,6,23,0.2,07,2022-06-23 07:00:00
63755,0,2023-06-21 16:09:21.574,M0001,2022,6,23,0.0,13,2022-06-23 13:00:00
63755,0,2023-06-21 16:09:21.574,M0001,2022,6,23,0.0,19,2022-06-23 19:00:00
63755,0,2023-06-21 16:09:21.574,M0001,2022,6,24,0.5,07,2022-06-24 07:00:00
63755,0,2023-06-21 16:09:21.574,M0001,2022,6,24,0.6,13,2022-06-24 13:00:00
63755,0,2023-06-21 16:09:21.574,M0001,2022,6,24,0.3,19,2022-06-24 19:00:00
63755,0,2023-06-21 16:09:21.574,M0001,2022,6,25,14.6,07,2022-06-25 07:00:00
63755,0,2023-06-21 16:09:21.574,M0001,2022,6,25,0.0,13,2022-06-25 13:00:00
63755,0,2023-06-21 16:09:21.574,M0001,2022,6,25,1.8,19,2022-06-25 19:00:00
63755,0,2023-06-21 16:09:21.574,M0001,2022,6,26,0.2,07,2022-06-26 07:00:00
63755,0,2023-06-21 16:09:21.574,M0001,2022,6,26,0.0,13,2022-06-26 13:00:00
63755,0,2023-06-21 16:09:21.574,M0001,2022,6,26,0.0,19,2022-06-26 19:00:00
63755,0,2023-06-21 16:09:21.574,M0001,2022,6,27,0.0,07,2022-06-27 07:00:00
63755,0,2023-06-21 16:09:21.574,M0001,2022,6,27,0.0,13,2022-06-27 13:00:00
63755,0,2023-06-21 16:09:21.574,M0001,2022,6,27,0.0,19,2022-06-27 19:00:00
63755,0,2023-06-21 16:09:21.574,M0001,2022,6,28,0.0,07,2022-06-28 07:00:00
63755,0,2023-06-21 16:09:21.574,M0001,2022,6,28,0.0,13,2022-06-28 13:00:00
63755,0,2023-06-21 16:09:21.574,M0001,2022,6,28,0.0,19,2022-06-28 19:00:00
63755,0,2023-06-21 16:09:21.574,M0001,2022,6,29,0.0,07,2022-06-29 07:00:00
63755,0,2023-06-21 16:09:21.574,M0001,2022,6,29,0.0,13,2022-06-29 13:00:00
63755,0,2023-06-21 16:09:21.574,M0001,2022,6,29,0.0,19,2022-06-29 19:00:00
63755,0,2023-06-21 16:09:21.574,M0001,2022,6,30,0.0,07,2022-06-30 07:00:00
63755,0,2023-06-21 16:09:21.574,M0001,2022,6,30,0.0,13,2022-06-30 13:00:00
63755,0,2023-06-21 16:09:21.574,M0001,2022,6,30,0.0,19,2022-06-30 19:00:00
63755,0,2023-06-21 16:09:21.574,M0001,2022,7,1,0.0,07,2022-07-01 07:00:00
63755,0,2023-06-21 16:09:21.574,M0001,2022,7,1,0.0,13,2022-07-01 13:00:00
63755,0,2023-06-21 16:09:21.574,M0001,2022,7,1,0.0,19,2022-07-01 19:00:00
63755,0,2023-06-21 16:09:21.574,M0001,2022,7,2,0.0,07,2022-07-02 07:00:00
63755,0,2023-06-21 16:09:21.574,M0001,2022,7,2,0.0,13,2022-07-02 13:00:00
63755,0,2023-06-21 16:09:21.574,M0001,2022,7,2,0.0,19,2022-07-02 19:00:00
63755,0,2023-06-21 16:09:21.574,M0001,2022,7,3,0.8,07,2022-07-03 07:00:00
63755,0,2023-06-21 16:09:21.574,M0001,2022,7,3,0.0,13,2022-07-03 13:00:00
63755,0,2023-06-21 16:09:21.574,M0001,2022,7,3,3.4,19,2022-07-03 19:00:00
63755,0,2023-06-21 16:09:21.574,M0001,2022,7,4,0.2,07,2022-07-04 07:00:00
63755,0,2023-06-21 16:09:21.574,M0001,2022,7,4,0.4,13,2022-07-04 13:00:00
63755,0,2023-06-21 16:09:21.574,M0001,2022,7,4,0.0,19,2022-07-04 19:00:00
63755,0,2023-06-21 16:09:21.574,M0001,2022,7,5,0.2,07,2022-07-05 07:00:00
63755,0,2023-06-21 16:09:21.574,M0001,2022,7,5,0.0,13,2022-07-05 13:00:00
63755,0,2023-06-21 16:09:21.574,M0001,2022,7,5,0.1,19,2022-07-05 19:00:00
63755,0,2023-06-21 16:09:21.574,M0001,2022,7,6,0.2,07,2022-07-06 07:00:00
63755,0,2023-06-21 16:09:21.574,M0001,2022,7,6,0.0,13,2022-07-06 13:00:00
63755,0,2023-06-21 16:09:21.574,M0001,2022,7,6,0.0,19,2022-07-06 19:00:00
63755,0,2023-06-21 16:09:21.574,M0001,2022,7,7,0.0,07,2022-07-07 07:00:00
63755,0,2023-06-21 16:09:21.574,M0001,2022,7,7,0.0,13,2022-07-07 13:00:00
63755,0,2023-06-21 16:09:21.574,M0001,2022,7,7,0.0,19,2022-07-07 19:00:00
63755,0,2023-06-21 16:09:21.574,M0001,2022,7,8,0.0,07,2022-07-08 07:00:00
63755,0,2023-06-21 16:09:21.574,M0001,2022,7,8,0.0,13,2022-07-08 13:00:00
63755,0,2023-06-21 16:09:21.574,M0001,2022,7,8,0.0,19,2022-07-08 19:00:00
63755,0,2023-06-21 16:09:21.574,M0001,2022,7,9,0.0,07,2022-07-09 07:00:00
63755,0,2023-06-21 16:09:21.574,M0001,2022,7,9,0.0,13,2022-07-09 13:00:00
63755,0,2023-06-21 16:09:21.574,M0001,2022,7,9,0.0,19,2022-07-09 19:00:00
63755,0,2023-06-21 16:09:21.574,M0001,2022,7,10,0.0,07,2022-07-10 07:00:00
63755,0,2023-06-21 16:09:21.574,M0001,2022,7,10,0.0,13,2022-07-10 13:00:00
63755,0,2023-06-21 16:09:21.574,M0001,2022,7,10,0.0,19,2022-07-10 19:00:00
63755,0,2023-06-21 16:09:21.574,M0001,2022,7,11,0.0,07,2022-07-11 07:00:00
63755,0,2023-06-21 16:09:21.574,M0001,2022,7,11,0.0,13,2022-07-11 13:00:00
63755,0,2023-06-21 16:09:21.574,M0001,2022,7,11,4.1,19,2022-07-11 19:00:00
63755,0,2023-06-21 16:09:21.574,M0001,2022,7,12,0.9,07,2022-07-12 07:00:00
63755,0,2023-06-21 16:09:21.574,M0001,2022,7,12,0.0,13,2022-07-12 13:00:00
63755,0,2023-06-21 16:09:21.574,M0001,2022,7,12,0.0,19,2022-07-12 19:00:00
63755,0,2023-06-21 16:09:21.574,M0001,2022,7,13,0.6,07,2022-07-13 07:00:00
63755,0,2023-06-21 16:09:21.574,M0001,2022,7,13,2.1,13,2022-07-13 13:00:00
63755,0,2023-06-21 16:09:21.574,M0001,2022,7,13,3.2,19,2022-07-13 19:00:00
63755,0,2023-06-21 16:09:21.574,M0001,2022,7,14,0.0,07,2022-07-14 07:00:00
63755,0,2023-06-21 16:09:21.574,M0001,2022,7,14,0.0,13,2022-07-14 13:00:00
63755,0,2023-06-21 16:09:21.574,M0001,2022,7,14,0.0,19,2022-07-14 19:00:00
63755,0,2023-06-21 16:09:21.574,M0001,2022,7,15,0.0,07,2022-07-15 07:00:00
63755,0,2023-06-21 16:09:21.574,M0001,2022,7,15,0.0,13,2022-07-15 13:00:00
63755,0,2023-06-21 16:09:21.574,M0001,2022,7,15,2.1,19,2022-07-15 19:00:00
63755,0,2023-06-21 16:09:21.574,M0001,2022,7,16,0.4,07,2022-07-16 07:00:00
63755,0,2023-06-21 16:09:21.574,M0001,2022,7,16,0.0,13,2022-07-16 13:00:00
63755,0,2023-06-21 16:09:21.574,M0001,2022,7,16,0.0,19,2022-07-16 19:00:00
63755,0,2023-06-21 16:09:21.574,M0001,2022,7,17,0.0,07,2022-07-17 07:00:00
63755,0,2023-06-21 16:09:21.574,M0001,2022,7,17,0.0,13,2022-07-17 13:00:00
63755,0,2023-06-21 16:09:21.574,M0001,2022,7,17,0.0,19,2022-07-17 19:00:00
63755,0,2023-06-21 16:09:21.574,M0001,2022,7,18,0.0,07,2022-07-18 07:00:00
63755,0,2023-06-21 16:09:21.574,M0001,2022,7,18,0.0,13,2022-07-18 13:00:00
63755,0,2023-06-21 16:09:21.574,M0001,2022,7,18,0.0,19,2022-07-18 19:00:00
63755,0,2023-06-21 16:09:21.574,M0001,2022,7,19,0.0,07,2022-07-19 07:00:00
63755,0,2023-06-21 16:09:21.574,M0001,2022,7,19,0.0,13,2022-07-19 13:00:00
63755,0,2023-06-21 16:09:21.574,M0001,2022,7,19,0.0,19,2022-07-19 19:00:00
63755,0,2023-06-21 16:09:21.574,M0001,2022,7,20,0.0,07,2022-07-20 07:00:00
63755,0,2023-06-21 16:09:21.574,M0001,2022,7,20,0.0,13,2022-07-20 13:00:00
63755,0,2023-06-21 16:09:21.574,M0001,2022,7,20,0.0,19,2022-07-20 19:00:00
63755,0,2023-06-21 16:09:21.574,M0001,2022,7,21,0.0,07,2022-07-21 07:00:00
63755,0,2023-06-21 16:09:21.574,M0001,2022,7,21,0.0,13,2022-07-21 13:00:00
63755,0,2023-06-21 16:09:21.574,M0001,2022,7,21,0.2,19,2022-07-21 19:00:00
63755,0,2023-06-21 16:09:21.574,M0001,2022,7,22,0.0,07,2022-07-22 07:00:00
63755,0,2023-06-21 16:09:21.574,M0001,2022,7,22,0.0,13,2022-07-22 13:00:00
63755,0,2023-06-21 16:09:21.574,M0001,2022,7,22,0.1,19,2022-07-22 19:00:00
63755,0,2023-06-21 16:09:21.574,M0001,2022,7,23,0.0,07,2022-07-23 07:00:00
63755,0,2023-06-21 16:09:21.574,M0001,2022,7,23,0.2,13,2022-07-23 13:00:00
63755,0,2023-06-21 16:09:21.574,M0001,2022,7,23,13.6,19,2022-07-23 19:00:00
63755,0,2023-06-21 16:09:21.574,M0001,2022,7,24,9.2,07,2022-07-24 07:00:00
63755,0,2023-06-21 16:09:21.574,M0001,2022,7,24,0.7,13,2022-07-24 13:00:00
63755,0,2023-06-21 16:09:21.574,M0001,2022,7,24,1.2,19,2022-07-24 19:00:00
63755,0,2023-06-21 16:09:21.574,M0001,2022,7,25,0.8,07,2022-07-25 07:00:00
63755,0,2023-06-21 16:09:21.574,M0001,2022,7,25,0.0,13,2022-07-25 13:00:00
63755,0,2023-06-21 16:09:21.574,M0001,2022,7,25,3.1,19,2022-07-25 19:00:00
63755,0,2023-06-21 16:09:21.574,M0001,2022,7,26,6.1,07,2022-07-26 07:00:00
63755,0,2023-06-21 16:09:21.574,M0001,2022,7,26,7.5,13,2022-07-26 13:00:00
63755,0,2023-06-21 16:09:21.574,M0001,2022,7,26,0.8,19,2022-07-26 19:00:00
63755,0,2023-06-21 16:09:21.574,M0001,2022,7,27,9.2,07,2022-07-27 07:00:00
63755,0,2023-06-21 16:09:21.574,M0001,2022,7,27,0.8,13,2022-07-27 13:00:00
63755,0,2023-06-21 16:09:21.574,M0001,2022,7,27,6.4,19,2022-07-27 19:00:00
63755,0,2023-06-21 16:09:21.574,M0001,2022,7,28,2.6,07,2022-07-28 07:00:00
63755,0,2023-06-21 16:09:21.574,M0001,2022,7,28,0.0,13,2022-07-28 13:00:00
63755,0,2023-06-21 16:09:21.574,M0001,2022,7,28,0.0,19,2022-07-28 19:00:00
63755,0,2023-06-21 16:09:21.574,M0001,2022,7,29,0.0,07,2022-07-29 07:00:00
63755,0,2023-06-21 16:09:21.574,M0001,2022,7,29,0.0,13,2022-07-29 13:00:00
63755,0,2023-06-21 16:09:21.574,M0001,2022,7,29,0.0,19,2022-07-29 19:00:00
63755,0,2023-06-21 16:09:21.574,M0001,2022,7,30,0.0,07,2022-07-30 07:00:00
63755,0,2023-06-21 16:09:21.574,M0001,2022,7,30,0.0,13,2022-07-30 13:00:00
63755,0,2023-06-21 16:09:21.574,M0001,2022,7,30,0.0,19,2022-07-30 19:00:00
63755,0,2023-06-21 16:09:21.574,M0001,2022,7,31,0.0,07,2022-07-31 07:00:00
63755,0,2023-06-21 16:09:21.574,M0001,2022,7,31,0.0,13,2022-07-31 13:00:00
63755,0,2023-06-21 16:09:21.574,M0001,2022,7,31,25.1,19,2022-07-31 19:00:00
63755,0,2023-06-21 16:09:21.574,M0001,2022,8,1,0.2,07,2022-08-01 07:00:00
63755,0,2023-06-21 16:09:21.574,M0001,2022,8,1,0.0,13,2022-08-01 13:00:00
63755,0,2023-06-21 16:09:21.574,M0001,2022,8,1,18.6,19,2022-08-01 19:00:00
63755,0,2023-06-21 16:09:21.574,M0001,2022,8,2,4.3,07,2022-08-02 07:00:00
63755,0,2023-06-21 16:09:21.574,M0001,2022,8,2,0.0,13,2022-08-02 13:00:00
63755,0,2023-06-21 16:09:21.574,M0001,2022,8,2,2.0,19,2022-08-02 19:00:00
63755,0,2023-06-21 16:09:21.574,M0001,2022,8,3,1.0,07,2022-08-03 07:00:00
63755,0,2023-06-21 16:09:21.574,M0001,2022,8,3,0.0,13,2022-08-03 13:00:00
63755,0,2023-06-21 16:09:21.574,M0001,2022,8,3,0.0,19,2022-08-03 19:00:00
63755,0,2023-06-21 16:09:21.574,M0001,2022,8,4,0.2,07,2022-08-04 07:00:00
63755,0,2023-06-21 16:09:21.574,M0001,2022,8,4,0.0,13,2022-08-04 13:00:00
63755,0,2023-06-21 16:09:21.574,M0001,2022,8,4,2.6,19,2022-08-04 19:00:00
63755,0,2023-06-21 16:09:21.574,M0001,2022,8,5,0.2,07,2022-08-05 07:00:00
63755,0,2023-06-21 16:09:21.574,M0001,2022,8,5,0.2,13,2022-08-05 13:00:00
63755,0,2023-06-21 16:09:21.574,M0001,2022,8,5,0.8,19,2022-08-05 19:00:00
63755,0,2023-06-21 16:09:21.574,M0001,2022,8,6,0.0,07,2022-08-06 07:00:00
63755,0,2023-06-21 16:09:21.574,M0001,2022,8,6,0.0,13,2022-08-06 13:00:00
63755,0,2023-06-21 16:09:21.574,M0001,2022,8,6,0.0,19,2022-08-06 19:00:00
63755,0,2023-06-21 16:09:21.574,M0001,2022,8,7,0.0,07,2022-08-07 07:00:00
63755,0,2023-06-21 16:09:21.574,M0001,2022,8,7,0.0,13,2022-08-07 13:00:00
63755,0,2023-06-21 16:09:21.574,M0001,2022,8,7,0.0,19,2022-08-07 19:00:00
63755,0,2023-06-21 16:09:21.574,M0001,2022,8,8,0.0,07,2022-08-08 07:00:00
63755,0,2023-06-21 16:09:21.574,M0001,2022,8,8,0.0,13,2022-08-08 13:00:00
63755,0,2023-06-21 16:09:21.574,M0001,2022,8,8,0.0,19,2022-08-08 19:00:00
63755,0,2023-06-21 16:09:21.574,M0001,2022,8,9,0.0,07,2022-08-09 07:00:00
63755,0,2023-06-21 16:09:21.574,M0001,2022,8,9,0.0,13,2022-08-09 13:00:00
63755,0,2023-06-21 16:09:21.574,M0001,2022,8,9,0.0,19,2022-08-09 19:00:00
63755,0,2023-06-21 16:09:21.574,M0001,2022,8,10,2.6,07,2022-08-10 07:00:00
63755,0,2023-06-21 16:09:21.574,M0001,2022,8,10,0.8,13,2022-08-10 13:00:00
63755,0,2023-06-21 16:09:21.574,M0001,2022,8,10,0.0,19,2022-08-10 19:00:00
63755,0,2023-06-21 16:09:21.574,M0001,2022,8,11,0.0,07,2022-08-11 07:00:00
63755,0,2023-06-21 16:09:21.574,M0001,2022,8,11,0.0,13,2022-08-11 13:00:00
63755,0,2023-06-21 16:09:21.574,M0001,2022,8,11,0.0,19,2022-08-11 19:00:00
63755,0,2023-06-21 16:09:21.574,M0001,2022,8,12,0.0,07,2022-08-12 07:00:00
63755,0,2023-06-21 16:09:21.574,M0001,2022,8,12,0.0,13,2022-08-12 13:00:00
63755,0,2023-06-21 16:09:21.574,M0001,2022,8,12,0.0,19,2022-08-12 19:00:00
63755,0,2023-06-21 16:09:21.574,M0001,2022,8,13,0.0,07,2022-08-13 07:00:00
63755,0,2023-06-21 16:09:21.574,M0001,2022,8,13,0.0,13,2022-08-13 13:00:00
63755,0,2023-06-21 16:09:21.574,M0001,2022,8,13,0.0,19,2022-08-13 19:00:00
63755,0,2023-06-21 16:09:21.574,M0001,2022,8,14,0.0,07,2022-08-14 07:00:00
63755,0,2023-06-21 16:09:21.574,M0001,2022,8,14,0.0,13,2022-08-14 13:00:00
63755,0,2023-06-21 16:09:21.574,M0001,2022,8,14,2.9,19,2022-08-14 19:00:00
63755,0,2023-06-21 16:09:21.574,M0001,2022,8,15,0.1,07,2022-08-15 07:00:00
63755,0,2023-06-21 16:09:21.574,M0001,2022,8,15,0.0,13,2022-08-15 13:00:00
63755,0,2023-06-21 16:09:21.574,M0001,2022,8,15,0.0,19,2022-08-15 19:00:00
63755,0,2023-06-21 16:09:21.574,M0001,2022,8,16,0.0,07,2022-08-16 07:00:00
63755,0,2023-06-21 16:09:21.574,M0001,2022,8,16,0.0,13,2022-08-16 13:00:00
63755,0,2023-06-21 16:09:21.574,M0001,2022,8,16,0.0,19,2022-08-16 19:00:00
63755,0,2023-06-21 16:09:21.574,M0001,2022,8,17,0.0,07,2022-08-17 07:00:00
63755,0,2023-06-21 16:09:21.574,M0001,2022,8,17,0.0,13,2022-08-17 13:00:00
63755,0,2023-06-21 16:09:21.574,M0001,2022,8,17,0.0,19,2022-08-17 19:00:00
63755,0,2023-06-21 16:09:21.574,M0001,2022,8,18,0.0,07,2022-08-18 07:00:00
63755,0,2023-06-21 16:09:21.574,M0001,2022,8,18,0.0,13,2022-08-18 13:00:00
63755,0,2023-06-21 16:09:21.574,M0001,2022,8,18,0.0,19,2022-08-18 19:00:00
63755,0,2023-06-21 16:09:21.574,M0001,2022,8,19,0.0,07,2022-08-19 07:00:00
63755,0,2023-06-21 16:09:21.574,M0001,2022,8,19,0.0,13,2022-08-19 13:00:00
63755,0,2023-06-21 16:09:21.574,M0001,2022,8,19,0.0,19,2022-08-19 19:00:00
63755,0,2023-06-21 16:09:21.574,M0001,2022,8,20,0.6,07,2022-08-20 07:00:00
63755,0,2023-06-21 16:09:21.574,M0001,2022,8,20,0.0,13,2022-08-20 13:00:00
63755,0,2023-06-21 16:09:21.574,M0001,2022,8,20,0.0,19,2022-08-20 19:00:00
63755,0,2023-06-21 16:09:21.574,M0001,2022,8,21,0.0,07,2022-08-21 07:00:00
63755,0,2023-06-21 16:09:21.574,M0001,2022,8,21,0.0,13,2022-08-21 13:00:00
63755,0,2023-06-21 16:09:21.574,M0001,2022,8,21,0.0,19,2022-08-21 19:00:00
63755,0,2023-06-21 16:09:21.574,M0001,2022,8,22,0.0,07,2022-08-22 07:00:00
63755,0,2023-06-21 16:09:21.574,M0001,2022,8,22,0.0,13,2022-08-22 13:00:00
63755,0,2023-06-21 16:09:21.574,M0001,2022,8,22,0.0,19,2022-08-22 19:00:00
63755,0,2023-06-21 16:09:21.574,M0001,2022,8,23,0.0,07,2022-08-23 07:00:00
63755,0,2023-06-21 16:09:21.574,M0001,2022,8,23,0.0,13,2022-08-23 13:00:00
63755,0,2023-06-21 16:09:21.574,M0001,2022,8,23,0.0,19,2022-08-23 19:00:00
63755,0,2023-06-21 16:09:21.574,M0001,2022,8,24,0.0,07,2022-08-24 07:00:00
63755,0,2023-06-21 16:09:21.574,M0001,2022,8,24,0.0,13,2022-08-24 13:00:00
63755,0,2023-06-21 16:09:21.574,M0001,2022,8,24,0.0,19,2022-08-24 19:00:00
63755,0,2023-06-21 16:09:21.574,M0001,2022,8,25,0.0,07,2022-08-25 07:00:00
63755,0,2023-06-21 16:09:21.574,M0001,2022,8,25,0.0,13,2022-08-25 13:00:00
63755,0,2023-06-21 16:09:21.574,M0001,2022,8,25,0.0,19,2022-08-25 19:00:00
63755,0,2023-06-21 16:09:21.574,M0001,2022,8,26,0.0,07,2022-08-26 07:00:00
63755,0,2023-06-21 16:09:21.574,M0001,2022,8,26,0.0,13,2022-08-26 13:00:00
63755,0,2023-06-21 16:09:21.574,M0001,2022,8,26,0.0,19,2022-08-26 19:00:00
63755,0,2023-06-21 16:09:21.574,M0001,2022,8,27,0.0,07,2022-08-27 07:00:00
63755,0,2023-06-21 16:09:21.574,M0001,2022,8,27,0.0,13,2022-08-27 13:00:00
63755,0,2023-06-21 16:09:21.574,M0001,2022,8,27,0.0,19,2022-08-27 19:00:00
63755,0,2023-06-21 16:09:21.574,M0001,2022,8,28,0.0,07,2022-08-28 07:00:00
63755,0,2023-06-21 16:09:21.574,M0001,2022,8,28,0.0,13,2022-08-28 13:00:00
63755,0,2023-06-21 16:09:21.574,M0001,2022,8,28,0.9,19,2022-08-28 19:00:00
63755,0,2023-06-21 16:09:21.574,M0001,2022,8,29,0.0,07,2022-08-29 07:00:00
63755,0,2023-06-21 16:09:21.574,M0001,2022,8,29,0.0,13,2022-08-29 13:00:00
63755,0,2023-06-21 16:09:21.574,M0001,2022,8,29,0.0,19,2022-08-29 19:00:00
63755,0,2023-06-21 16:09:21.574,M0001,2022,8,30,1.7,07,2022-08-30 07:00:00
63755,0,2023-06-21 16:09:21.574,M0001,2022,8,30,0.0,13,2022-08-30 13:00:00
63755,0,2023-06-21 16:09:21.574,M0001,2022,8,30,0.0,19,2022-08-30 19:00:00
63755,0,2023-06-21 16:09:21.574,M0001,2022,8,31,0.0,07,2022-08-31 07:00:00
63755,0,2023-06-21 16:09:21.574,M0001,2022,8,31,0.0,13,2022-08-31 13:00:00
63755,0,2023-06-21 16:09:21.574,M0001,2022,8,31,0.0,19,2022-08-31 19:00:00
63755,0,2023-06-21 16:09:21.574,M0001,2022,9,1,0.0,07,2022-09-01 07:00:00
63755,0,2023-06-21 16:09:21.574,M0001,2022,9,1,0.0,13,2022-09-01 13:00:00
63755,0,2023-06-21 16:09:21.574,M0001,2022,9,1,0.0,19,2022-09-01 19:00:00
63755,0,2023-06-21 16:09:21.574,M0001,2022,9,2,0.0,07,2022-09-02 07:00:00
63755,0,2023-06-21 16:09:21.574,M0001,2022,9,2,0.0,13,2022-09-02 13:00:00
63755,0,2023-06-21 16:09:21.574,M0001,2022,9,2,0.0,19,2022-09-02 19:00:00
63755,0,2023-06-21 16:09:21.574,M0001,2022,9,3,0.0,07,2022-09-03 07:00:00
63755,0,2023-06-21 16:09:21.574,M0001,2022,9,3,0.0,13,2022-09-03 13:00:00
63755,0,2023-06-21 16:09:21.574,M0001,2022,9,3,0.0,19,2022-09-03 19:00:00
63755,0,2023-06-21 16:09:21.574,M0001,2022,9,4,0.0,07,2022-09-04 07:00:00
63755,0,2023-06-21 16:09:21.574,M0001,2022,9,4,0.0,13,2022-09-04 13:00:00
63755,0,2023-06-21 16:09:21.574,M0001,2022,9,4,0.0,19,2022-09-04 19:00:00
63755,0,2023-06-21 16:09:21.574,M0001,2022,9,5,0.0,07,2022-09-05 07:00:00
63755,0,2023-06-21 16:09:21.574,M0001,2022,9,5,0.0,13,2022-09-05 13:00:00
63755,0,2023-06-21 16:09:21.574,M0001,2022,9,5,0.0,19,2022-09-05 19:00:00
63755,0,2023-06-21 16:09:21.574,M0001,2022,9,6,0.0,07,2022-09-06 07:00:00
63755,0,2023-06-21 16:09:21.574,M0001,2022,9,6,0.0,13,2022-09-06 13:00:00
63755,0,2023-06-21 16:09:21.574,M0001,2022,9,6,0.0,19,2022-09-06 19:00:00
63755,0,2023-06-21 16:09:21.574,M0001,2022,9,7,0.0,07,2022-09-07 07:00:00
63755,0,2023-06-21 16:09:21.574,M0001,2022,9,7,0.0,13,2022-09-07 13:00:00
63755,0,2023-06-21 16:09:21.574,M0001,2022,9,7,0.0,19,2022-09-07 19:00:00
63755,0,2023-06-21 16:09:21.574,M0001,2022,9,8,0.0,07,2022-09-08 07:00:00
63755,0,2023-06-21 16:09:21.574,M0001,2022,9,8,0.0,13,2022-09-08 13:00:00
63755,0,2023-06-21 16:09:21.574,M0001,2022,9,8,0.0,19,2022-09-08 19:00:00
63755,0,2023-06-21 16:09:21.574,M0001,2022,9,9,0.0,07,2022-09-09 07:00:00
63755,0,2023-06-21 16:09:21.574,M0001,2022,9,9,0.0,13,2022-09-09 13:00:00
63755,0,2023-06-21 16:09:21.574,M0001,2022,9,9,0.0,19,2022-09-09 19:00:00
63755,0,2023-06-21 16:09:21.574,M0001,2022,9,10,0.0,07,2022-09-10 07:00:00
63755,0,2023-06-21 16:09:21.574,M0001,2022,9,10,0.0,13,2022-09-10 13:00:00
63755,0,2023-06-21 16:09:21.574,M0001,2022,9,10,0.0,19,2022-09-10 19:00:00
63755,0,2023-06-21 16:09:21.574,M0001,2022,9,11,0.0,07,2022-09-11 07:00:00
63755,0,2023-06-21 16:09:21.574,M0001,2022,9,11,0.0,13,2022-09-11 13:00:00
63755,0,2023-06-21 16:09:21.574,M0001,2022,9,11,0.0,19,2022-09-11 19:00:00
63755,0,2023-06-21 16:09:21.574,M0001,2022,9,12,0.0,07,2022-09-12 07:00:00
63755,0,2023-06-21 16:09:21.574,M0001,2022,9,12,0.0,13,2022-09-12 13:00:00
63755,0,2023-06-21 16:09:21.574,M0001,2022,9,12,0.0,19,2022-09-12 19:00:00
63755,0,2023-06-21 16:09:21.574,M0001,2022,9,13,0.0,07,2022-09-13 07:00:00
63755,0,2023-06-21 16:09:21.574,M0001,2022,9,13,0.0,13,2022-09-13 13:00:00
63755,0,2023-06-21 16:09:21.574,M0001,2022,9,13,0.0,19,2022-09-13 19:00:00
63755,0,2023-06-21 16:09:21.574,M0001,2022,9,14,0.0,07,2022-09-14 07:00:00
63755,0,2023-06-21 16:09:21.574,M0001,2022,9,14,0.0,13,2022-09-14 13:00:00
63755,0,2023-06-21 16:09:21.574,M0001,2022,9,14,0.0,19,2022-09-14 19:00:00
63755,0,2023-06-21 16:09:21.574,M0001,2022,9,15,0.0,07,2022-09-15 07:00:00
63755,0,2023-06-21 16:09:21.574,M0001,2022,9,15,0.0,13,2022-09-15 13:00:00
63755,0,2023-06-21 16:09:21.574,M0001,2022,9,15,0.0,19,2022-09-15 19:00:00
63755,0,2023-06-21 16:09:21.574,M0001,2022,9,16,0.0,07,2022-09-16 07:00:00
63755,0,2023-06-21 16:09:21.574,M0001,2022,9,16,0.8,13,2022-09-16 13:00:00
63755,0,2023-06-21 16:09:21.574,M0001,2022,9,16,0.0,19,2022-09-16 19:00:00
63755,0,2023-06-21 16:09:21.574,M0001,2022,9,17,0.0,07,2022-09-17 07:00:00
63755,0,2023-06-21 16:09:21.574,M0001,2022,9,17,0.9,13,2022-09-17 13:00:00
63755,0,2023-06-21 16:09:21.574,M0001,2022,9,17,0.8,19,2022-09-17 19:00:00
63755,0,2023-06-21 16:09:21.574,M0001,2022,9,18,0.0,07,2022-09-18 07:00:00
63755,0,2023-06-21 16:09:21.574,M0001,2022,9,18,0.0,13,2022-09-18 13:00:00
63755,0,2023-06-21 16:09:21.574,M0001,2022,9,18,0.0,19,2022-09-18 19:00:00
63755,0,2023-06-21 16:09:21.574,M0001,2022,9,19,0.0,07,2022-09-19 07:00:00
63755,0,2023-06-21 16:09:21.574,M0001,2022,9,19,0.0,13,2022-09-19 13:00:00
63755,0,2023-06-21 16:09:21.574,M0001,2022,9,19,5.4,19,2022-09-19 19:00:00
63755,0,2023-06-21 16:09:21.574,M0001,2022,9,20,1.4,07,2022-09-20 07:00:00
63755,0,2023-06-21 16:09:21.574,M0001,2022,9,20,0.0,13,2022-09-20 13:00:00
63755,0,2023-06-21 16:09:21.574,M0001,2022,9,20,0.0,19,2022-09-20 19:00:00
63755,0,2023-06-21 16:09:21.574,M0001,2022,9,21,9.6,07,2022-09-21 07:00:00
63755,0,2023-06-21 16:09:21.574,M0001,2022,9,21,0.0,13,2022-09-21 13:00:00
63755,0,2023-06-21 16:09:21.574,M0001,2022,9,21,12.7,19,2022-09-21 19:00:00
63755,0,2023-06-21 16:09:21.574,M0001,2022,9,22,0.0,07,2022-09-22 07:00:00
63755,0,2023-06-21 16:09:21.574,M0001,2022,9,22,0.0,13,2022-09-22 13:00:00
63755,0,2023-06-21 16:09:21.574,M0001,2022,9,22,11.2,19,2022-09-22 19:00:00
63755,0,2023-06-21 16:09:21.574,M0001,2022,9,23,0.2,07,2022-09-23 07:00:00
63755,0,2023-06-21 16:09:21.574,M0001,2022,9,23,0.0,13,2022-09-23 13:00:00
63755,0,2023-06-21 16:09:21.574,M0001,2022,9,23,0.0,19,2022-09-23 19:00:00
63755,0,2023-06-21 16:09:21.574,M0001,2022,9,24,0.0,07,2022-09-24 07:00:00
63755,0,2023-06-21 16:09:21.574,M0001,2022,9,24,0.0,13,2022-09-24 13:00:00
63755,0,2023-06-21 16:09:21.574,M0001,2022,9,24,9.4,19,2022-09-24 19:00:00
63755,0,2023-06-21 16:09:21.574,M0001,2022,9,25,0.2,07,2022-09-25 07:00:00
63755,0,2023-06-21 16:09:21.574,M0001,2022,9,25,0.0,13,2022-09-25 13:00:00
63755,0,2023-06-21 16:09:21.574,M0001,2022,9,25,0.0,19,2022-09-25 19:00:00
63755,0,2023-06-21 16:09:21.574,M0001,2022,9,26,0.0,07,2022-09-26 07:00:00
63755,0,2023-06-21 16:09:21.574,M0001,2022,9,26,0.0,13,2022-09-26 13:00:00
63755,0,2023-06-21 16:09:21.574,M0001,2022,9,26,0.0,19,2022-09-26 19:00:00
63755,0,2023-06-21 16:09:21.574,M0001,2022,9,27,0.0,07,2022-09-27 07:00:00
63755,0,2023-06-21 16:09:21.574,M0001,2022,9,27,0.0,13,2022-09-27 13:00:00
63755,0,2023-06-21 16:09:21.574,M0001,2022,9,27,0.0,19,2022-09-27 19:00:00
63755,0,2023-06-21 16:09:21.574,M0001,2022,9,28,0.0,07,2022-09-28 07:00:00
63755,0,2023-06-21 16:09:21.574,M0001,2022,9,28,0.0,13,2022-09-28 13:00:00
63755,0,2023-06-21 16:09:21.574,M0001,2022,9,28,0.0,19,2022-09-28 19:00:00
63755,0,2023-06-21 16:09:21.574,M0001,2022,9,29,2.7,07,2022-09-29 07:00:00
63755,0,2023-06-21 16:09:21.574,M0001,2022,9,29,0.0,13,2022-09-29 13:00:00
63755,0,2023-06-21 16:09:21.574,M0001,2022,9,29,4.2,19,2022-09-29 19:00:00
63755,0,2023-06-21 16:09:21.574,M0001,2022,9,30,0.0,07,2022-09-30 07:00:00
63755,0,2023-06-21 16:09:21.574,M0001,2022,9,30,0.0,13,2022-09-30 13:00:00
63755,0,2023-06-21 16:09:21.574,M0001,2022,9,30,4.0,19,2022-09-30 19:00:00
63755,0,2023-06-21 16:09:21.574,M0001,2022,10,1,5.2,07,2022-10-01 07:00:00
63755,0,2023-06-21 16:09:21.574,M0001,2022,10,1,0.0,13,2022-10-01 13:00:00
63755,0,2023-06-21 16:09:21.574,M0001,2022,10,1,0.0,19,2022-10-01 19:00:00
63755,0,2023-06-21 16:09:21.574,M0001,2022,10,2,0.0,07,2022-10-02 07:00:00
63755,0,2023-06-21 16:09:21.574,M0001,2022,10,2,0.0,13,2022-10-02 13:00:00
63755,0,2023-06-21 16:09:21.574,M0001,2022,10,2,0.0,19,2022-10-02 19:00:00
63755,0,2023-06-21 16:09:21.574,M0001,2022,10,3,0.0,07,2022-10-03 07:00:00
63755,0,2023-06-21 16:09:21.574,M0001,2022,10,3,0.0,13,2022-10-03 13:00:00
63755,0,2023-06-21 16:09:21.574,M0001,2022,10,3,0.0,19,2022-10-03 19:00:00
63755,0,2023-06-21 16:09:21.574,M0001,2022,10,4,0.0,07,2022-10-04 07:00:00
63755,0,2023-06-21 16:09:21.574,M0001,2022,10,4,0.0,13,2022-10-04 13:00:00
63755,0,2023-06-21 16:09:21.574,M0001,2022,10,4,9.7,19,2022-10-04 19:00:00
63755,0,2023-06-21 16:09:21.574,M0001,2022,10,5,10.8,07,2022-10-05 07:00:00
63755,0,2023-06-21 16:09:21.574,M0001,2022,10,5,0.0,13,2022-10-05 13:00:00
63755,0,2023-06-21 16:09:21.574,M0001,2022,10,5,15.1,19,2022-10-05 19:00:00
63755,0,2023-06-21 16:09:21.574,M0001,2022,10,6,5.6,07,2022-10-06 07:00:00
63755,0,2023-06-21 16:09:21.574,M0001,2022,10,6,4.6,13,2022-10-06 13:00:00
63755,0,2023-06-21 16:09:21.574,M0001,2022,10,6,15.6,19,2022-10-06 19:00:00
63755,0,2023-06-21 16:09:21.574,M0001,2022,10,7,0.1,07,2022-10-07 07:00:00
63755,0,2023-06-21 16:09:21.574,M0001,2022,10,7,0.0,13,2022-10-07 13:00:00
63755,0,2023-06-21 16:09:21.574,M0001,2022,10,7,0.8,19,2022-10-07 19:00:00
63755,0,2023-06-21 16:09:21.574,M0001,2022,10,8,7.0,07,2022-10-08 07:00:00
63755,0,2023-06-21 16:09:21.574,M0001,2022,10,8,0.0,13,2022-10-08 13:00:00
63755,0,2023-06-21 16:09:21.574,M0001,2022,10,8,0.0,19,2022-10-08 19:00:00
63755,0,2023-06-21 16:09:21.574,M0001,2022,10,9,0.0,07,2022-10-09 07:00:00
63755,0,2023-06-21 16:09:21.574,M0001,2022,10,9,0.0,13,2022-10-09 13:00:00
63755,0,2023-06-21 16:09:21.574,M0001,2022,10,9,0.0,19,2022-10-09 19:00:00
63755,0,2023-06-21 16:09:21.574,M0001,2022,10,10,0.0,07,2022-10-10 07:00:00
63755,0,2023-06-21 16:09:21.574,M0001,2022,10,10,0.0,13,2022-10-10 13:00:00
63755,0,2023-06-21 16:09:21.574,M0001,2022,10,10,0.0,19,2022-10-10 19:00:00
63755,0,2023-06-21 16:09:21.574,M0001,2022,10,11,0.0,07,2022-10-11 07:00:00
63755,0,2023-06-21 16:09:21.574,M0001,2022,10,11,0.0,13,2022-10-11 13:00:00
63755,0,2023-06-21 16:09:21.574,M0001,2022,10,11,0.0,19,2022-10-11 19:00:00
63755,0,2023-06-21 16:09:21.574,M0001,2022,10,12,0.0,07,2022-10-12 07:00:00
63755,0,2023-06-21 16:09:21.574,M0001,2022,10,12,0.0,13,2022-10-12 13:00:00
63755,0,2023-06-21 16:09:21.574,M0001,2022,10,12,1.6,19,2022-10-12 19:00:00
63755,0,2023-06-21 16:09:21.574,M0001,2022,10,13,0.3,07,2022-10-13 07:00:00
63755,0,2023-06-21 16:09:21.574,M0001,2022,10,13,0.0,13,2022-10-13 13:00:00
63755,0,2023-06-21 16:09:21.574,M0001,2022,10,13,13.6,19,2022-10-13 19:00:00
63755,0,2023-06-21 16:09:21.574,M0001,2022,10,14,8.1,07,2022-10-14 07:00:00
63755,0,2023-06-21 16:09:21.574,M0001,2022,10,14,0.0,13,2022-10-14 13:00:00
63755,0,2023-06-21 16:09:21.574,M0001,2022,10,14,3.8,19,2022-10-14 19:00:00
63755,0,2023-06-21 16:09:21.574,M0001,2022,10,15,3.2,07,2022-10-15 07:00:00
63755,0,2023-06-21 16:09:21.574,M0001,2022,10,15,0.0,13,2022-10-15 13:00:00
63755,0,2023-06-21 16:09:21.574,M0001,2022,10,15,0.0,19,2022-10-15 19:00:00
63755,0,2023-06-21 16:09:21.574,M0001,2022,10,16,0.0,07,2022-10-16 07:00:00
63755,0,2023-06-21 16:09:21.574,M0001,2022,10,16,0.0,13,2022-10-16 13:00:00
63755,0,2023-06-21 16:09:21.574,M0001,2022,10,16,4.6,19,2022-10-16 19:00:00
63755,0,2023-06-21 16:09:21.574,M0001,2022,10,17,4.8,07,2022-10-17 07:00:00
63755,0,2023-06-21 16:09:21.574,M0001,2022,10,17,0.0,13,2022-10-17 13:00:00
63755,0,2023-06-21 16:09:21.574,M0001,2022,10,17,3.9,19,2022-10-17 19:00:00
63755,0,2023-06-21 16:09:21.574,M0001,2022,10,18,4.6,07,2022-10-18 07:00:00
63755,0,2023-06-21 16:09:21.574,M0001,2022,10,18,0.0,13,2022-10-18 13:00:00
63755,0,2023-06-21 16:09:21.574,M0001,2022,10,18,1.1,19,2022-10-18 19:00:00
63755,0,2023-06-21 16:09:21.574,M0001,2022,10,19,16.1,07,2022-10-19 07:00:00
63755,0,2023-06-21 16:09:21.574,M0001,2022,10,19,1.6,13,2022-10-19 13:00:00
63755,0,2023-06-21 16:09:21.574,M0001,2022,10,19,0.0,19,2022-10-19 19:00:00
63755,0,2023-06-21 16:09:21.574,M0001,2022,10,20,0.6,07,2022-10-20 07:00:00
63755,0,2023-06-21 16:09:21.574,M0001,2022,10,20,0.0,13,2022-10-20 13:00:00
63755,0,2023-06-21 16:09:21.574,M0001,2022,10,20,8.9,19,2022-10-20 19:00:00
63755,0,2023-06-21 16:09:21.574,M0001,2022,10,21,3.8,07,2022-10-21 07:00:00
63755,0,2023-06-21 16:09:21.574,M0001,2022,10,21,0.0,13,2022-10-21 13:00:00
63755,0,2023-06-21 16:09:21.574,M0001,2022,10,21,3.1,19,2022-10-21 19:00:00
63755,0,2023-06-21 16:09:21.574,M0001,2022,10,22,0.0,07,2022-10-22 07:00:00
63755,0,2023-06-21 16:09:21.574,M0001,2022,10,22,0.0,13,2022-10-22 13:00:00
63755,0,2023-06-21 16:09:21.574,M0001,2022,10,22,0.2,19,2022-10-22 19:00:00
63755,0,2023-06-21 16:09:21.574,M0001,2022,10,23,0.9,07,2022-10-23 07:00:00
63755,0,2023-06-21 16:09:21.574,M0001,2022,10,23,0.0,13,2022-10-23 13:00:00
63755,0,2023-06-21 16:09:21.574,M0001,2022,10,23,0.0,19,2022-10-23 19:00:00
63755,0,2023-06-21 16:09:21.574,M0001,2022,10,24,0.6,07,2022-10-24 07:00:00
63755,0,2023-06-21 16:09:21.574,M0001,2022,10,24,0.0,13,2022-10-24 13:00:00
63755,0,2023-06-21 16:09:21.574,M0001,2022,10,24,0.0,19,2022-10-24 19:00:00
63755,0,2023-06-21 16:09:21.574,M0001,2022,10,25,0.3,07,2022-10-25 07:00:00
63755,0,2023-06-21 16:09:21.574,M0001,2022,10,25,0.0,13,2022-10-25 13:00:00
63755,0,2023-06-21 16:09:21.574,M0001,2022,10,25,12.3,19,2022-10-25 19:00:00
63755,0,2023-06-21 16:09:21.574,M0001,2022,10,26,2.3,07,2022-10-26 07:00:00
63755,0,2023-06-21 16:09:21.574,M0001,2022,10,26,0.4,13,2022-10-26 13:00:00
63755,0,2023-06-21 16:09:21.574,M0001,2022,10,26,8.4,19,2022-10-26 19:00:00
63755,0,2023-06-21 16:09:21.574,M0001,2022,10,27,0.1,07,2022-10-27 07:00:00
63755,0,2023-06-21 16:09:21.574,M0001,2022,10,27,0.0,13,2022-10-27 13:00:00
63755,0,2023-06-21 16:09:21.574,M0001,2022,10,27,0.0,19,2022-10-27 19:00:00
63755,0,2023-06-21 16:09:21.574,M0001,2022,10,28,0.0,07,2022-10-28 07:00:00
63755,0,2023-06-21 16:09:21.574,M0001,2022,10,28,0.0,13,2022-10-28 13:00:00
63755,0,2023-06-21 16:09:21.574,M0001,2022,10,28,0.0,19,2022-10-28 19:00:00
63755,0,2023-06-21 16:09:21.574,M0001,2022,10,29,0.0,07,2022-10-29 07:00:00
63755,0,2023-06-21 16:09:21.574,M0001,2022,10,29,0.0,13,2022-10-29 13:00:00
63755,0,2023-06-21 16:09:21.574,M0001,2022,10,29,0.0,19,2022-10-29 19:00:00
63755,0,2023-06-21 16:09:21.574,M0001,2022,10,30,0.0,07,2022-10-30 07:00:00
63755,0,2023-06-21 16:09:21.574,M0001,2022,10,30,0.0,13,2022-10-30 13:00:00
63755,0,2023-06-21 16:09:21.574,M0001,2022,10,30,0.0,19,2022-10-30 19:00:00
63755,0,2023-06-21 16:09:21.574,M0001,2022,10,31,0.0,07,2022-10-31 07:00:00
63755,0,2023-06-21 16:09:21.574,M0001,2022,10,31,0.0,13,2022-10-31 13:00:00
63755,0,2023-06-21 16:09:21.574,M0001,2022,10,31,0.0,19,2022-10-31 19:00:00
63755,0,2023-06-21 16:09:21.574,M0001,2022,11,1,0.0,07,2022-11-01 07:00:00
63755,0,2023-06-21 16:09:21.574,M0001,2022,11,1,0.0,13,2022-11-01 13:00:00
63755,0,2023-06-21 16:09:21.574,M0001,2022,11,1,0.0,19,2022-11-01 19:00:00
63755,0,2023-06-21 16:09:21.574,M0001,2022,11,2,0.0,07,2022-11-02 07:00:00
63755,0,2023-06-21 16:09:21.574,M0001,2022,11,2,0.0,13,2022-11-02 13:00:00
63755,0,2023-06-21 16:09:21.574,M0001,2022,11,2,0.0,19,2022-11-02 19:00:00
63755,0,2023-06-21 16:09:21.574,M0001,2022,11,3,0.0,07,2022-11-03 07:00:00
63755,0,2023-06-21 16:09:21.574,M0001,2022,11,3,0.0,13,2022-11-03 13:00:00
63755,0,2023-06-21 16:09:21.574,M0001,2022,11,3,2.2,19,2022-11-03 19:00:00
63755,0,2023-06-21 16:09:21.574,M0001,2022,11,4,1.8,07,2022-11-04 07:00:00
63755,0,2023-06-21 16:09:21.574,M0001,2022,11,4,0.0,13,2022-11-04 13:00:00
63755,0,2023-06-21 16:09:21.574,M0001,2022,11,4,0.3,19,2022-11-04 19:00:00
63755,0,2023-06-21 16:09:21.574,M0001,2022,11,5,1.2,07,2022-11-05 07:00:00
63755,0,2023-06-21 16:09:21.574,M0001,2022,11,5,0.0,13,2022-11-05 13:00:00
63755,0,2023-06-21 16:09:21.574,M0001,2022,11,5,0.0,19,2022-11-05 19:00:00
63755,0,2023-06-21 16:09:21.574,M0001,2022,11,6,0.0,07,2022-11-06 07:00:00
63755,0,2023-06-21 16:09:21.574,M0001,2022,11,6,0.0,13,2022-11-06 13:00:00
63755,0,2023-06-21 16:09:21.574,M0001,2022,11,6,0.0,19,2022-11-06 19:00:00
63755,0,2023-06-21 16:09:21.574,M0001,2022,11,7,0.0,07,2022-11-07 07:00:00
63755,0,2023-06-21 16:09:21.574,M0001,2022,11,7,0.0,13,2022-11-07 13:00:00
63755,0,2023-06-21 16:09:21.574,M0001,2022,11,7,0.0,19,2022-11-07 19:00:00
63755,0,2023-06-21 16:09:21.574,M0001,2022,11,8,3.8,07,2022-11-08 07:00:00
63755,0,2023-06-21 16:09:21.574,M0001,2022,11,8,0.0,13,2022-11-08 13:00:00
63755,0,2023-06-21 16:09:21.574,M0001,2022,11,8,0.9,19,2022-11-08 19:00:00
63755,0,2023-06-21 16:09:21.574,M0001,2022,11,9,0.0,07,2022-11-09 07:00:00
63755,0,2023-06-21 16:09:21.574,M0001,2022,11,9,0.0,13,2022-11-09 13:00:00
63755,0,2023-06-21 16:09:21.574,M0001,2022,11,9,1.0,19,2022-11-09 19:00:00
63755,0,2023-06-21 16:09:21.574,M0001,2022,11,10,0.6,07,2022-11-10 07:00:00
63755,0,2023-06-21 16:09:21.574,M0001,2022,11,10,0.3,13,2022-11-10 13:00:00
63755,0,2023-06-21 16:09:21.574,M0001,2022,11,10,3.2,19,2022-11-10 19:00:00
63755,0,2023-06-21 16:09:21.574,M0001,2022,11,11,0.0,07,2022-11-11 07:00:00
63755,0,2023-06-21 16:09:21.574,M0001,2022,11,11,0.0,13,2022-11-11 13:00:00
63755,0,2023-06-21 16:09:21.574,M0001,2022,11,11,0.2,19,2022-11-11 19:00:00
63755,0,2023-06-21 16:09:21.574,M0001,2022,11,12,0.0,07,2022-11-12 07:00:00
63755,0,2023-06-21 16:09:21.574,M0001,2022,11,12,0.0,13,2022-11-12 13:00:00
63755,0,2023-06-21 16:09:21.574,M0001,2022,11,12,0.0,19,2022-11-12 19:00:00
63755,0,2023-06-21 16:09:21.574,M0001,2022,11,13,0.0,07,2022-11-13 07:00:00
63755,0,2023-06-21 16:09:21.574,M0001,2022,11,13,0.0,13,2022-11-13 13:00:00
63755,0,2023-06-21 16:09:21.574,M0001,2022,11,13,4.1,19,2022-11-13 19:00:00
63755,0,2023-06-21 16:09:21.574,M0001,2022,11,14,3.8,07,2022-11-14 07:00:00
63755,0,2023-06-21 16:09:21.574,M0001,2022,11,14,0.0,13,2022-11-14 13:00:00
63755,0,2023-06-21 16:09:21.574,M0001,2022,11,14,0.0,19,2022-11-14 19:00:00
63755,0,2023-06-21 16:09:21.574,M0001,2022,11,15,0.0,07,2022-11-15 07:00:00
63755,0,2023-06-21 16:09:21.574,M0001,2022,11,15,0.0,13,2022-11-15 13:00:00
63755,0,2023-06-21 16:09:21.574,M0001,2022,11,15,0.0,19,2022-11-15 19:00:00
63755,0,2023-06-21 16:09:21.574,M0001,2022,11,16,0.2,07,2022-11-16 07:00:00
63755,0,2023-06-21 16:09:21.574,M0001,2022,11,16,0.0,13,2022-11-16 13:00:00
63755,0,2023-06-21 16:09:21.574,M0001,2022,11,16,1.8,19,2022-11-16 19:00:00
63755,0,2023-06-21 16:09:21.574,M0001,2022,11,17,0.0,07,2022-11-17 07:00:00
63755,0,2023-06-21 16:09:21.574,M0001,2022,11,17,0.0,13,2022-11-17 13:00:00
63755,0,2023-06-21 16:09:21.574,M0001,2022,11,17,13.6,19,2022-11-17 19:00:00
63755,0,2023-06-21 16:09:21.574,M0001,2022,11,18,0.3,07,2022-11-18 07:00:00
63755,0,2023-06-21 16:09:21.574,M0001,2022,11,18,0.0,13,2022-11-18 13:00:00
63755,0,2023-06-21 16:09:21.574,M0001,2022,11,18,0.0,19,2022-11-18 19:00:00
63755,0,2023-06-21 16:09:21.574,M0001,2022,11,19,0.0,07,2022-11-19 07:00:00
63755,0,2023-06-21 16:09:21.574,M0001,2022,11,19,0.0,13,2022-11-19 13:00:00
63755,0,2023-06-21 16:09:21.574,M0001,2022,11,19,0.0,19,2022-11-19 19:00:00
63755,0,2023-06-21 16:09:21.574,M0001,2022,11,20,0.6,07,2022-11-20 07:00:00
63755,0,2023-06-21 16:09:21.574,M0001,2022,11,20,0.0,13,2022-11-20 13:00:00
63755,0,2023-06-21 16:09:21.574,M0001,2022,11,20,9.1,19,2022-11-20 19:00:00
63755,0,2023-06-21 16:09:21.574,M0001,2022,11,21,0.6,07,2022-11-21 07:00:00
63755,0,2023-06-21 16:09:21.574,M0001,2022,11,21,0.0,13,2022-11-21 13:00:00
63755,0,2023-06-21 16:09:21.574,M0001,2022,11,21,2.6,19,2022-11-21 19:00:00
63755,0,2023-06-21 16:09:21.574,M0001,2022,11,22,0.2,07,2022-11-22 07:00:00
63755,0,2023-06-21 16:09:21.574,M0001,2022,11,22,0.0,13,2022-11-22 13:00:00
63755,0,2023-06-21 16:09:21.574,M0001,2022,11,22,0.0,19,2022-11-22 19:00:00
63755,0,2023-06-21 16:09:21.574,M0001,2022,11,23,0.0,07,2022-11-23 07:00:00
63755,0,2023-06-21 16:09:21.574,M0001,2022,11,23,0.0,13,2022-11-23 13:00:00
63755,0,2023-06-21 16:09:21.574,M0001,2022,11,23,0.0,19,2022-11-23 19:00:00
63755,0,2023-06-21 16:09:21.574,M0001,2022,11,24,0.0,07,2022-11-24 07:00:00
63755,0,2023-06-21 16:09:21.574,M0001,2022,11,24,0.0,13,2022-11-24 13:00:00
63755,0,2023-06-21 16:09:21.574,M0001,2022,11,24,0.0,19,2022-11-24 19:00:00
63755,0,2023-06-21 16:09:21.574,M0001,2022,11,25,0.0,07,2022-11-25 07:00:00
63755,0,2023-06-21 16:09:21.574,M0001,2022,11,25,0.0,13,2022-11-25 13:00:00
63755,0,2023-06-21 16:09:21.574,M0001,2022,11,25,0.0,19,2022-11-25 19:00:00
63755,0,2023-06-21 16:09:21.574,M0001,2022,11,26,4.7,07,2022-11-26 07:00:00
63755,0,2023-06-21 16:09:21.574,M0001,2022,11,26,0.0,13,2022-11-26 13:00:00
63755,0,2023-06-21 16:09:21.574,M0001,2022,11,26,0.8,19,2022-11-26 19:00:00
63755,0,2023-06-21 16:09:21.574,M0001,2022,11,27,0.0,07,2022-11-27 07:00:00
63755,0,2023-06-21 16:09:21.574,M0001,2022,11,27,2.1,13,2022-11-27 13:00:00
63755,0,2023-06-21 16:09:21.574,M0001,2022,11,27,7.4,19,2022-11-27 19:00:00
63755,0,2023-06-21 16:09:21.574,M0001,2022,11,28,0.0,07,2022-11-28 07:00:00
63755,0,2023-06-21 16:09:21.574,M0001,2022,11,28,0.0,13,2022-11-28 13:00:00
63755,0,2023-06-21 16:09:21.574,M0001,2022,11,28,0.6,19,2022-11-28 19:00:00
63755,0,2023-06-21 16:09:21.574,M0001,2022,11,29,0.0,07,2022-11-29 07:00:00
63755,0,2023-06-21 16:09:21.574,M0001,2022,11,29,0.0,13,2022-11-29 13:00:00
63755,0,2023-06-21 16:09:21.574,M0001,2022,11,29,0.0,19,2022-11-29 19:00:00
63755,0,2023-06-21 16:09:21.574,M0001,2022,11,30,0.0,07,2022-11-30 07:00:00
63755,0,2023-06-21 16:09:21.574,M0001,2022,11,30,0.0,13,2022-11-30 13:00:00
63755,0,2023-06-21 16:09:21.574,M0001,2022,11,30,0.0,19,2022-11-30 19:00:00
63755,0,2023-06-21 16:09:21.574,M0001,2023,1,1,0.5,07,2023-01-01 07:00:00
63755,0,2023-06-21 16:09:21.574,M0001,2023,1,1,0.0,13,2023-01-01 13:00:00
63755,0,2023-06-21 16:09:21.574,M0001,2023,1,1,5.4,19,2023-01-01 19:00:00
63755,0,2023-06-21 16:09:21.574,M0001,2023,1,2,15.4,07,2023-01-02 07:00:00
63755,0,2023-06-21 16:09:21.574,M0001,2023,1,2,0.7,13,2023-01-02 13:00:00
63755,0,2023-06-21 16:09:21.574,M0001,2023,1,2,0.2,19,2023-01-02 19:00:00
63755,0,2023-06-21 16:09:21.574,M0001,2023,1,3,0.2,07,2023-01-03 07:00:00
63755,0,2023-06-21 16:09:21.574,M0001,2023,1,3,1.6,13,2023-01-03 13:00:00
63755,0,2023-06-21 16:09:21.574,M0001,2023,1,3,0.0,19,2023-01-03 19:00:00
63755,0,2023-06-21 16:09:21.574,M0001,2023,1,4,0.0,07,2023-01-04 07:00:00
63755,0,2023-06-21 16:09:21.574,M0001,2023,1,4,0.0,13,2023-01-04 13:00:00
63755,0,2023-06-21 16:09:21.574,M0001,2023,1,4,3.6,19,2023-01-04 19:00:00
63755,0,2023-06-21 16:09:21.574,M0001,2023,1,5,0.0,07,2023-01-05 07:00:00
63755,0,2023-06-21 16:09:21.574,M0001,2023,1,5,0.0,13,2023-01-05 13:00:00
63755,0,2023-06-21 16:09:21.574,M0001,2023,1,5,6.4,19,2023-01-05 19:00:00
63755,0,2023-06-21 16:09:21.574,M0001,2023,1,6,0.0,07,2023-01-06 07:00:00
63755,0,2023-06-21 16:09:21.574,M0001,2023,1,6,0.0,13,2023-01-06 13:00:00
63755,0,2023-06-21 16:09:21.574,M0001,2023,1,6,0.4,19,2023-01-06 19:00:00
63755,0,2023-06-21 16:09:21.574,M0001,2023,1,7,0.3,07,2023-01-07 07:00:00
63755,0,2023-06-21 16:09:21.574,M0001,2023,1,7,0.0,13,2023-01-07 13:00:00
63755,0,2023-06-21 16:09:21.574,M0001,2023,1,7,0.0,19,2023-01-07 19:00:00
63755,0,2023-06-21 16:09:21.574,M0001,2023,1,8,0.2,07,2023-01-08 07:00:00
63755,0,2023-06-21 16:09:21.574,M0001,2023,1,8,0.0,13,2023-01-08 13:00:00
63755,0,2023-06-21 16:09:21.574,M0001,2023,1,8,1.2,19,2023-01-08 19:00:00
63755,0,2023-06-21 16:09:21.574,M0001,2023,1,9,9.4,07,2023-01-09 07:00:00
63755,0,2023-06-21 16:09:21.574,M0001,2023,1,9,0.2,13,2023-01-09 13:00:00
63755,0,2023-06-21 16:09:21.574,M0001,2023,1,9,21.5,19,2023-01-09 19:00:00
63755,0,2023-06-21 16:09:21.574,M0001,2023,1,10,2.6,07,2023-01-10 07:00:00
63755,0,2023-06-21 16:09:21.574,M0001,2023,1,10,1.8,13,2023-01-10 13:00:00
63755,0,2023-06-21 16:09:21.574,M0001,2023,1,10,1.3,19,2023-01-10 19:00:00
63755,0,2023-06-21 16:09:21.574,M0001,2023,1,11,9.6,07,2023-01-11 07:00:00
63755,0,2023-06-21 16:09:21.574,M0001,2023,1,11,0.0,13,2023-01-11 13:00:00
63755,0,2023-06-21 16:09:21.574,M0001,2023,1,11,2.8,19,2023-01-11 19:00:00
63755,0,2023-06-21 16:09:21.574,M0001,2023,1,12,8.2,07,2023-01-12 07:00:00
63755,0,2023-06-21 16:09:21.574,M0001,2023,1,12,0.0,13,2023-01-12 13:00:00
63755,0,2023-06-21 16:09:21.574,M0001,2023,1,12,2.7,19,2023-01-12 19:00:00
63755,0,2023-06-21 16:09:21.574,M0001,2023,1,13,0.1,07,2023-01-13 07:00:00
63755,0,2023-06-21 16:09:21.574,M0001,2023,1,13,0.0,13,2023-01-13 13:00:00
63755,0,2023-06-21 16:09:21.574,M0001,2023,1,13,1.2,19,2023-01-13 19:00:00
63755,0,2023-06-21 16:09:21.574,M0001,2023,1,14,23.2,07,2023-01-14 07:00:00
63755,0,2023-06-21 16:09:21.574,M0001,2023,1,14,0.0,13,2023-01-14 13:00:00
63755,0,2023-06-21 16:09:21.574,M0001,2023,1,14,8.6,19,2023-01-14 19:00:00
63755,0,2023-06-21 16:09:21.574,M0001,2023,1,15,0.0,07,2023-01-15 07:00:00
63755,0,2023-06-21 16:09:21.574,M0001,2023,1,15,0.0,13,2023-01-15 13:00:00
63755,0,2023-06-21 16:09:21.574,M0001,2023,1,15,0.8,19,2023-01-15 19:00:00
63755,0,2023-06-21 16:09:21.574,M0001,2023,1,16,0.0,07,2023-01-16 07:00:00
63755,0,2023-06-21 16:09:21.574,M0001,2023,1,16,0.0,13,2023-01-16 13:00:00
63755,0,2023-06-21 16:09:21.574,M0001,2023,1,16,0.0,19,2023-01-16 19:00:00
63755,0,2023-06-21 16:09:21.574,M0001,2023,1,17,1.6,07,2023-01-17 07:00:00
63755,0,2023-06-21 16:09:21.574,M0001,2023,1,17,0.0,13,2023-01-17 13:00:00
63755,0,2023-06-21 16:09:21.574,M0001,2023,1,17,0.0,19,2023-01-17 19:00:00
63755,0,2023-06-21 16:09:21.574,M0001,2023,1,18,0.8,07,2023-01-18 07:00:00
63755,0,2023-06-21 16:09:21.574,M0001,2023,1,18,0.0,13,2023-01-18 13:00:00
63755,0,2023-06-21 16:09:21.574,M0001,2023,1,18,2.4,19,2023-01-18 19:00:00
63755,0,2023-06-21 16:09:21.574,M0001,2023,1,19,6.7,07,2023-01-19 07:00:00
63755,0,2023-06-21 16:09:21.574,M0001,2023,1,19,0.0,13,2023-01-19 13:00:00
63755,0,2023-06-21 16:09:21.574,M0001,2023,1,19,2.0,19,2023-01-19 19:00:00
63755,0,2023-06-21 16:09:21.574,M0001,2023,1,20,14.1,07,2023-01-20 07:00:00
63755,0,2023-06-21 16:09:21.574,M0001,2023,1,20,0.0,13,2023-01-20 13:00:00
63755,0,2023-06-21 16:09:21.574,M0001,2023,1,20,5.3,19,2023-01-20 19:00:00
63755,0,2023-06-21 16:09:21.574,M0001,2023,1,21,0.8,07,2023-01-21 07:00:00
63755,0,2023-06-21 16:09:21.574,M0001,2023,1,21,0.7,13,2023-01-21 13:00:00
63755,0,2023-06-21 16:09:21.574,M0001,2023,1,21,13.8,19,2023-01-21 19:00:00
63755,0,2023-06-21 16:09:21.574,M0001,2023,1,22,0.5,07,2023-01-22 07:00:00
63755,0,2023-06-21 16:09:21.574,M0001,2023,1,22,0.0,13,2023-01-22 13:00:00
63755,0,2023-06-21 16:09:21.574,M0001,2023,1,22,0.0,19,2023-01-22 19:00:00
63755,0,2023-06-21 16:09:21.574,M0001,2023,1,23,0.0,07,2023-01-23 07:00:00
63755,0,2023-06-21 16:09:21.574,M0001,2023,1,23,0.0,13,2023-01-23 13:00:00
63755,0,2023-06-21 16:09:21.574,M0001,2023,1,23,0.0,19,2023-01-23 19:00:00
63755,0,2023-06-21 16:09:21.574,M0001,2023,1,24,0.1,07,2023-01-24 07:00:00
63755,0,2023-06-21 16:09:21.574,M0001,2023,1,24,0.0,13,2023-01-24 13:00:00
63755,0,2023-06-21 16:09:21.574,M0001,2023,1,24,0.0,19,2023-01-24 19:00:00
63755,0,2023-06-21 16:09:21.574,M0001,2023,1,25,0.0,07,2023-01-25 07:00:00
63755,0,2023-06-21 16:09:21.574,M0001,2023,1,25,0.0,13,2023-01-25 13:00:00
63755,0,2023-06-21 16:09:21.574,M0001,2023,1,25,0.0,19,2023-01-25 19:00:00
63755,0,2023-06-21 16:09:21.574,M0001,2023,1,26,0.0,07,2023-01-26 07:00:00
63755,0,2023-06-21 16:09:21.574,M0001,2023,1,26,0.0,13,2023-01-26 13:00:00
63755,0,2023-06-21 16:09:21.574,M0001,2023,1,26,0.0,19,2023-01-26 19:00:00
63755,0,2023-06-21 16:09:21.574,M0001,2023,1,27,0.0,07,2023-01-27 07:00:00
63755,0,2023-06-21 16:09:21.574,M0001,2023,1,27,0.0,13,2023-01-27 13:00:00
63755,0,2023-06-21 16:09:21.574,M0001,2023,1,27,0.0,19,2023-01-27 19:00:00
63755,0,2023-06-21 16:09:21.574,M0001,2023,1,28,0.0,07,2023-01-28 07:00:00
63755,0,2023-06-21 16:09:21.574,M0001,2023,1,28,0.0,13,2023-01-28 13:00:00
63755,0,2023-06-21 16:09:21.574,M0001,2023,1,28,0.0,19,2023-01-28 19:00:00
63755,0,2023-06-21 16:09:21.574,M0001,2023,1,29,0.0,07,2023-01-29 07:00:00
63755,0,2023-06-21 16:09:21.574,M0001,2023,1,29,0.0,13,2023-01-29 13:00:00
63755,0,2023-06-21 16:09:21.574,M0001,2023,1,29,0.0,19,2023-01-29 19:00:00
63755,0,2023-06-21 16:09:21.574,M0001,2023,1,30,1.7,07,2023-01-30 07:00:00
63755,0,2023-06-21 16:09:21.574,M0001,2023,1,30,0.0,13,2023-01-30 13:00:00
63755,0,2023-06-21 16:09:21.574,M0001,2023,1,30,0.0,19,2023-01-30 19:00:00
63755,0,2023-06-21 16:09:21.574,M0001,2023,1,31,0.0,07,2023-01-31 07:00:00
63755,0,2023-06-21 16:09:21.574,M0001,2023,1,31,0.0,13,2023-01-31 13:00:00
63755,0,2023-06-21 16:09:21.574,M0001,2023,1,31,0.6,19,2023-01-31 19:00:00
