1971-12-11 13:00:00,33.1,ts13,M0005
1972-05-18 13:00:00,33.2,ts13,M0005
1972-06-06 13:00:00,33.4,ts13,M0005
1972-09-24 13:00:00,33.2,ts13,M0005
1972-10-01 13:00:00,34.0,ts13,M0005
1972-10-02 13:00:00,33.8,ts13,M0005
1972-11-17 13:00:00,33.4,ts13,M0005
1972-12-20 13:00:00,33.2,ts13,M0005
1972-12-25 13:00:00,34.2,ts13,M0005
1972-12-26 13:00:00,35.6,ts13,M0005
1972-12-31 13:00:00,34.4,ts13,M0005
1973-01-02 13:00:00,33.3,ts13,M0005
1973-03-25 13:00:00,33.1,ts13,M0005
1973-03-28 13:00:00,33.4,ts13,M0005
1974-03-17 13:00:00,33.2,ts13,M0005
1974-04-04 13:00:00,33.4,ts13,M0005
1974-04-17 13:00:00,33.2,ts13,M0005
1974-05-17 13:00:00,33.9,ts13,M0005
1974-05-22 13:00:00,33.8,ts13,M0005
1974-05-29 13:00:00,33.7,ts13,M0005
1976-12-10 13:00:00,34.0,ts13,M0005
1976-12-13 13:00:00,33.4,ts13,M0005
1976-12-25 13:00:00,33.6,ts13,M0005
1976-12-31 13:00:00,33.4,ts13,M0005
1979-01-28 13:00:00,33.2,ts13,M0005
1979-02-18 13:00:00,33.5,ts13,M0005
1979-03-13 13:00:00,33.7,ts13,M0005
1979-03-28 13:00:00,33.6,ts13,M0005
1979-04-01 13:00:00,34.2,ts13,M0005
1979-04-02 13:00:00,33.6,ts13,M0005
1979-04-11 13:00:00,33.4,ts13,M0005
1979-05-01 13:00:00,33.4,ts13,M0005
1979-05-12 13:00:00,34.0,ts13,M0005
1979-05-15 13:00:00,33.2,ts13,M0005
1979-05-30 13:00:00,33.7,ts13,M0005
1979-08-09 13:00:00,33.6,ts13,M0005
1979-11-02 13:00:00,33.2,ts13,M0005
1979-11-30 13:00:00,33.2,ts13,M0005
1979-12-01 13:00:00,34.2,ts13,M0005
1979-12-07 13:00:00,33.2,ts13,M0005
1979-12-12 13:00:00,33.2,ts13,M0005
1980-01-09 13:00:00,33.5,ts13,M0005
1980-01-10 13:00:00,33.5,ts13,M0005
1980-01-27 13:00:00,33.5,ts13,M0005
1980-01-28 13:00:00,33.4,ts13,M0005
1980-01-31 13:00:00,33.2,ts13,M0005
1980-02-21 13:00:00,34.2,ts13,M0005
1980-02-22 13:00:00,33.6,ts13,M0005
1980-02-27 13:00:00,33.6,ts13,M0005
1980-03-10 13:00:00,33.5,ts13,M0005
1980-03-11 13:00:00,34.6,ts13,M0005
1980-04-12 13:00:00,33.6,ts13,M0005
1980-04-14 13:00:00,33.5,ts13,M0005
1980-05-08 13:00:00,33.9,ts13,M0005
1980-06-06 13:00:00,33.6,ts13,M0005
1980-10-15 13:00:00,33.5,ts13,M0005
1980-10-29 13:00:00,33.1,ts13,M0005
1980-12-19 13:00:00,33.6,ts13,M0005
1981-01-18 13:00:00,33.3,ts13,M0005
1981-02-28 13:00:00,33.4,ts13,M0005
1981-03-01 13:00:00,34.2,ts13,M0005
1981-03-13 13:00:00,33.3,ts13,M0005
1981-03-27 13:00:00,33.2,ts13,M0005
1981-04-09 13:00:00,33.2,ts13,M0005
1981-04-10 13:00:00,33.4,ts13,M0005
1981-04-12 13:00:00,33.3,ts13,M0005
1981-04-18 13:00:00,33.2,ts13,M0005
1981-04-27 13:00:00,33.7,ts13,M0005
1981-04-28 13:00:00,34.4,ts13,M0005
1981-05-22 13:00:00,33.2,ts13,M0005
1981-05-23 13:00:00,33.6,ts13,M0005
1981-05-29 13:00:00,33.7,ts13,M0005
1981-06-02 13:00:00,33.7,ts13,M0005
1981-11-27 13:00:00,33.4,ts13,M0005
1981-12-04 13:00:00,33.1,ts13,M0005
1981-12-11 13:00:00,33.5,ts13,M0005
1981-12-14 13:00:00,33.4,ts13,M0005
1981-12-18 13:00:00,33.6,ts13,M0005
1981-12-25 13:00:00,33.3,ts13,M0005
1982-01-04 13:00:00,33.7,ts13,M0005
1982-01-05 13:00:00,33.3,ts13,M0005
1982-01-13 13:00:00,34.1,ts13,M0005
1982-01-30 13:00:00,33.7,ts13,M0005
1982-02-07 13:00:00,33.4,ts13,M0005
1982-02-09 13:00:00,34.0,ts13,M0005
1982-02-17 13:00:00,33.6,ts13,M0005
1982-02-26 13:00:00,33.6,ts13,M0005
1982-03-07 13:00:00,35.4,ts13,M0005
1982-03-15 13:00:00,33.8,ts13,M0005
1982-03-20 13:00:00,33.4,ts13,M0005
1982-03-23 13:00:00,34.4,ts13,M0005
1982-03-27 13:00:00,35.0,ts13,M0005
1982-03-28 13:00:00,33.5,ts13,M0005
1982-04-10 13:00:00,34.4,ts13,M0005
1982-04-11 13:00:00,34.0,ts13,M0005
1982-04-12 13:00:00,34.2,ts13,M0005
1982-04-13 13:00:00,34.2,ts13,M0005
1982-04-17 13:00:00,35.1,ts13,M0005
1982-04-24 13:00:00,34.3,ts13,M0005
1982-04-27 13:00:00,33.4,ts13,M0005
1982-05-02 13:00:00,33.2,ts13,M0005
1982-06-02 13:00:00,33.4,ts13,M0005
1982-06-20 13:00:00,33.6,ts13,M0005
1982-08-20 13:00:00,33.1,ts13,M0005
1982-10-16 13:00:00,34.5,ts13,M0005
1982-11-29 13:00:00,33.1,ts13,M0005
1982-12-02 13:00:00,34.9,ts13,M0005
1982-12-12 13:00:00,33.6,ts13,M0005
1982-12-15 13:00:00,33.6,ts13,M0005
1982-12-17 13:00:00,33.6,ts13,M0005
1983-02-06 13:00:00,33.4,ts13,M0005
1983-02-08 13:00:00,33.3,ts13,M0005
1983-02-14 13:00:00,33.4,ts13,M0005
1983-02-22 13:00:00,33.6,ts13,M0005
1983-02-25 13:00:00,33.4,ts13,M0005
1983-02-27 13:00:00,33.4,ts13,M0005
1983-03-03 13:00:00,33.6,ts13,M0005
1983-03-04 13:00:00,33.6,ts13,M0005
1983-03-05 13:00:00,33.4,ts13,M0005
1983-03-06 13:00:00,33.6,ts13,M0005
1983-03-16 13:00:00,33.8,ts13,M0005
1983-03-18 13:00:00,33.6,ts13,M0005
1983-03-20 13:00:00,33.6,ts13,M0005
1983-03-21 13:00:00,34.1,ts13,M0005
1983-03-22 13:00:00,34.2,ts13,M0005
1983-04-04 13:00:00,33.1,ts13,M0005
1983-04-17 13:00:00,33.6,ts13,M0005
1983-04-18 13:00:00,33.4,ts13,M0005
1983-04-19 13:00:00,33.5,ts13,M0005
1983-05-01 13:00:00,34.2,ts13,M0005
1983-05-03 13:00:00,33.5,ts13,M0005
1983-05-19 13:00:00,33.3,ts13,M0005
1983-05-20 13:00:00,33.1,ts13,M0005
1983-05-21 13:00:00,33.8,ts13,M0005
1983-06-20 13:00:00,33.4,ts13,M0005
1983-06-23 13:00:00,33.3,ts13,M0005
1983-12-23 13:00:00,33.2,ts13,M0005
1985-04-08 13:00:00,33.4,ts13,M0005
1985-04-26 13:00:00,34.0,ts13,M0005
1986-05-13 13:00:00,33.3,ts13,M0005
1986-05-24 13:00:00,33.2,ts13,M0005
1987-02-22 13:00:00,33.4,ts13,M0005
1987-03-24 13:00:00,33.4,ts13,M0005
1987-04-04 13:00:00,33.1,ts13,M0005
1987-04-06 13:00:00,33.4,ts13,M0005
1987-04-10 13:00:00,33.4,ts13,M0005
1987-04-12 13:00:00,33.6,ts13,M0005
1987-04-16 13:00:00,33.1,ts13,M0005
1987-04-26 13:00:00,33.4,ts13,M0005
1987-10-09 13:00:00,34.6,ts13,M0005
1987-11-12 13:00:00,33.2,ts13,M0005
1987-11-18 13:00:00,33.4,ts13,M0005
1987-11-24 13:00:00,33.3,ts13,M0005
1987-11-27 13:00:00,33.1,ts13,M0005
1987-12-03 13:00:00,33.1,ts13,M0005
1987-12-06 13:00:00,34.0,ts13,M0005
1987-12-15 13:00:00,33.4,ts13,M0005
1988-01-01 13:00:00,34.2,ts13,M0005
1988-01-04 13:00:00,34.2,ts13,M0005
1988-03-23 13:00:00,34.0,ts13,M0005
1988-04-01 13:00:00,33.5,ts13,M0005
1988-06-01 13:00:00,33.2,ts13,M0005
1988-12-12 13:00:00,33.1,ts13,M0005
1990-01-04 13:00:00,33.8,ts13,M0005
1990-01-18 13:00:00,33.1,ts13,M0005
1990-03-04 13:00:00,33.2,ts13,M0005
1990-03-12 13:00:00,33.5,ts13,M0005
1990-04-05 13:00:00,33.5,ts13,M0005
1990-04-25 13:00:00,33.4,ts13,M0005
1990-05-09 13:00:00,33.2,ts13,M0005
1990-05-17 13:00:00,34.4,ts13,M0005
1990-06-03 13:00:00,34.6,ts13,M0005
1990-07-01 13:00:00,33.3,ts13,M0005
1991-01-05 13:00:00,33.2,ts13,M0005
1991-03-08 13:00:00,33.5,ts13,M0005
1991-03-27 13:00:00,34.3,ts13,M0005
1991-04-08 13:00:00,33.8,ts13,M0005
1991-04-14 13:00:00,33.9,ts13,M0005
1991-04-15 13:00:00,34.3,ts13,M0005
1991-04-20 13:00:00,35.3,ts13,M0005
1991-04-23 13:00:00,33.7,ts13,M0005
1991-04-24 13:00:00,34.4,ts13,M0005
1991-04-26 13:00:00,34.7,ts13,M0005
1991-05-01 13:00:00,33.4,ts13,M0005
1991-05-09 13:00:00,34.4,ts13,M0005
1991-05-21 13:00:00,33.2,ts13,M0005
1991-05-25 13:00:00,34.6,ts13,M0005
1991-05-29 13:00:00,33.2,ts13,M0005
1991-06-02 13:00:00,34.2,ts13,M0005
1991-06-12 13:00:00,33.2,ts13,M0005
1991-06-18 13:00:00,35.1,ts13,M0005
1991-06-23 13:00:00,33.1,ts13,M0005
1991-09-02 13:00:00,33.1,ts13,M0005
1991-10-22 13:00:00,33.2,ts13,M0005
1991-10-25 13:00:00,33.8,ts13,M0005
1991-11-19 13:00:00,33.1,ts13,M0005
1991-11-29 13:00:00,33.3,ts13,M0005
1992-12-27 13:00:00,33.8,ts13,M0005
1993-01-04 13:00:00,33.2,ts13,M0005
1993-01-20 13:00:00,33.2,ts13,M0005
1993-01-22 13:00:00,33.3,ts13,M0005
1993-01-23 13:00:00,34.2,ts13,M0005
1993-04-05 13:00:00,33.8,ts13,M0005
1993-04-20 13:00:00,33.5,ts13,M0005
1993-04-22 13:00:00,33.6,ts13,M0005
1993-04-23 13:00:00,34.6,ts13,M0005
1993-05-13 13:00:00,34.4,ts13,M0005
1993-05-19 13:00:00,34.4,ts13,M0005
1993-05-28 13:00:00,34.4,ts13,M0005
1993-05-29 13:00:00,34.1,ts13,M0005
1993-08-08 13:00:00,33.1,ts13,M0005
1993-10-09 13:00:00,33.5,ts13,M0005
1993-12-06 13:00:00,33.8,ts13,M0005
1993-12-10 13:00:00,33.3,ts13,M0005
1993-12-15 13:00:00,33.2,ts13,M0005
1993-12-16 13:00:00,34.0,ts13,M0005
1993-12-24 13:00:00,33.6,ts13,M0005
1994-02-27 13:00:00,33.1,ts13,M0005
1994-03-01 13:00:00,33.2,ts13,M0005
1994-05-21 13:00:00,33.6,ts13,M0005
1994-09-03 13:00:00,33.3,ts13,M0005
1994-11-18 13:00:00,33.4,ts13,M0005
1994-11-19 13:00:00,33.1,ts13,M0005
1994-12-17 13:00:00,33.8,ts13,M0005
1995-01-14 13:00:00,33.6,ts13,M0005
1995-03-24 13:00:00,33.2,ts13,M0005
1995-03-28 13:00:00,33.4,ts13,M0005
1995-04-05 13:00:00,34.4,ts13,M0005
1995-04-07 13:00:00,34.8,ts13,M0005
1995-05-13 13:00:00,33.6,ts13,M0005
1995-06-02 13:00:00,33.4,ts13,M0005
1995-07-20 13:00:00,33.2,ts13,M0005
1995-07-21 13:00:00,34.1,ts13,M0005
1995-09-04 13:00:00,33.4,ts13,M0005
1995-11-05 13:00:00,33.2,ts13,M0005
1995-11-27 13:00:00,33.8,ts13,M0005
1995-12-06 13:00:00,33.2,ts13,M0005
1996-01-20 13:00:00,34.0,ts13,M0005
1996-02-17 13:00:00,33.2,ts13,M0005
1996-03-12 13:00:00,33.8,ts13,M0005
1996-03-31 13:00:00,33.3,ts13,M0005
1996-04-03 13:00:00,33.2,ts13,M0005
1996-04-30 13:00:00,33.2,ts13,M0005
1996-05-01 13:00:00,33.2,ts13,M0005
1996-11-07 13:00:00,33.1,ts13,M0005
1997-04-09 13:00:00,33.4,ts13,M0005
1997-05-03 13:00:00,33.4,ts13,M0005
1997-05-05 13:00:00,33.2,ts13,M0005
1997-05-19 13:00:00,33.4,ts13,M0005
1997-05-26 13:00:00,33.6,ts13,M0005
1997-06-01 13:00:00,33.6,ts13,M0005
1997-06-24 13:00:00,33.6,ts13,M0005
1997-06-26 13:00:00,33.4,ts13,M0005
1997-06-28 13:00:00,33.2,ts13,M0005
1997-06-29 13:00:00,33.1,ts13,M0005
1997-07-11 13:00:00,33.2,ts13,M0005
1997-09-05 13:00:00,34.2,ts13,M0005
1997-09-11 13:00:00,33.4,ts13,M0005
1997-10-06 13:00:00,33.2,ts13,M0005
1997-10-16 13:00:00,34.2,ts13,M0005
1997-10-29 13:00:00,33.8,ts13,M0005
1998-01-31 13:00:00,33.1,ts13,M0005
1998-02-03 13:00:00,33.4,ts13,M0005
1998-02-04 13:00:00,33.6,ts13,M0005
1998-02-14 13:00:00,33.6,ts13,M0005
1998-02-23 13:00:00,33.6,ts13,M0005
1998-02-24 13:00:00,33.2,ts13,M0005
1998-03-02 13:00:00,33.2,ts13,M0005
1998-03-09 13:00:00,34.0,ts13,M0005
1998-03-21 13:00:00,33.2,ts13,M0005
1998-03-27 13:00:00,33.4,ts13,M0005
1998-04-05 13:00:00,33.4,ts13,M0005
1998-04-07 13:00:00,33.8,ts13,M0005
1998-04-12 13:00:00,33.2,ts13,M0005
1998-04-16 13:00:00,33.4,ts13,M0005
1998-04-20 13:00:00,33.2,ts13,M0005
1998-04-21 13:00:00,33.2,ts13,M0005
1998-04-24 13:00:00,33.6,ts13,M0005
1998-05-05 13:00:00,33.4,ts13,M0005
1998-05-07 13:00:00,33.2,ts13,M0005
1998-05-13 13:00:00,33.2,ts13,M0005
1998-05-24 13:00:00,33.2,ts13,M0005
1998-06-03 13:00:00,33.6,ts13,M0005
1998-08-29 13:00:00,33.2,ts13,M0005
1999-01-01 13:00:00,33.6,ts13,M0005
1999-01-13 13:00:00,33.4,ts13,M0005
1999-01-14 13:00:00,33.2,ts13,M0005
2000-04-01 13:00:00,33.2,ts13,M0005
2000-04-03 13:00:00,33.8,ts13,M0005
2000-06-03 13:00:00,33.2,ts13,M0005
2000-08-09 13:00:00,35.0,ts13,M0005
2000-08-13 13:00:00,33.4,ts13,M0005
2000-10-12 13:00:00,33.4,ts13,M0005
2000-12-09 13:00:00,33.2,ts13,M0005
2001-01-04 13:00:00,34.0,ts13,M0005
2001-11-20 13:00:00,33.4,ts13,M0005
2001-11-26 13:00:00,34.4,ts13,M0005
2001-12-25 13:00:00,33.6,ts13,M0005
2001-12-29 13:00:00,34.2,ts13,M0005
2002-01-01 13:00:00,35.0,ts13,M0005
2002-01-09 13:00:00,34.2,ts13,M0005
2002-01-13 13:00:00,34.0,ts13,M0005
2002-01-14 13:00:00,34.0,ts13,M0005
2002-01-20 13:00:00,34.2,ts13,M0005
2002-11-17 13:00:00,34.2,ts13,M0005
2002-11-23 13:00:00,33.2,ts13,M0005
2002-12-03 13:00:00,34.8,ts13,M0005
2003-03-29 13:00:00,34.0,ts13,M0005
2003-04-04 13:00:00,33.8,ts13,M0005
2003-04-07 13:00:00,33.6,ts13,M0005
2003-04-16 13:00:00,33.2,ts13,M0005
2003-05-26 13:00:00,33.2,ts13,M0005
2003-09-04 13:00:00,33.2,ts13,M0005
2003-10-14 13:00:00,33.2,ts13,M0005
2003-11-08 13:00:00,33.8,ts13,M0005
2003-11-10 13:00:00,33.2,ts13,M0005
2003-11-15 13:00:00,33.8,ts13,M0005
2003-11-25 13:00:00,34.6,ts13,M0005
2003-12-08 13:00:00,33.4,ts13,M0005
2003-12-10 13:00:00,33.6,ts13,M0005
2003-12-11 13:00:00,34.6,ts13,M0005
2003-12-27 13:00:00,33.2,ts13,M0005
2004-01-03 13:00:00,35.2,ts13,M0005
2004-01-11 13:00:00,34.6,ts13,M0005
2004-01-16 13:00:00,33.2,ts13,M0005
2004-01-18 13:00:00,33.2,ts13,M0005
2004-01-21 13:00:00,34.4,ts13,M0005
2004-01-22 13:00:00,33.7,ts13,M0005
2004-01-24 13:00:00,34.8,ts13,M0005
2004-01-25 13:00:00,34.6,ts13,M0005
2004-01-27 13:00:00,34.0,ts13,M0005
2004-03-02 13:00:00,33.2,ts13,M0005
2004-03-08 13:00:00,33.4,ts13,M0005
2004-03-13 13:00:00,34.0,ts13,M0005
2004-03-22 13:00:00,34.0,ts13,M0005
2004-03-30 13:00:00,33.6,ts13,M0005
2004-04-04 13:00:00,34.2,ts13,M0005
2004-04-06 13:00:00,33.1,ts13,M0005
2004-04-08 13:00:00,33.7,ts13,M0005
2004-04-10 13:00:00,33.6,ts13,M0005
2004-04-11 13:00:00,33.2,ts13,M0005
2004-04-24 13:00:00,33.4,ts13,M0005
2004-04-29 13:00:00,33.6,ts13,M0005
2004-04-30 13:00:00,33.2,ts13,M0005
2004-05-04 13:00:00,34.0,ts13,M0005
2004-05-06 13:00:00,33.7,ts13,M0005
2004-05-09 13:00:00,33.6,ts13,M0005
2004-06-04 13:00:00,33.4,ts13,M0005
2004-07-03 13:00:00,33.2,ts13,M0005
2004-08-05 13:00:00,33.2,ts13,M0005
2004-08-31 13:00:00,33.1,ts13,M0005
2004-09-25 13:00:00,33.2,ts13,M0005
2004-10-02 13:00:00,33.6,ts13,M0005
2004-10-04 13:00:00,33.6,ts13,M0005
2004-10-12 13:00:00,33.2,ts13,M0005
2004-10-13 13:00:00,33.2,ts13,M0005
2004-10-17 13:00:00,33.4,ts13,M0005
2004-10-24 13:00:00,34.2,ts13,M0005
2004-10-30 13:00:00,33.2,ts13,M0005
2004-11-04 13:00:00,34.0,ts13,M0005
2004-11-08 13:00:00,33.4,ts13,M0005
2004-11-11 13:00:00,33.8,ts13,M0005
2004-11-15 13:00:00,33.1,ts13,M0005
2004-11-24 13:00:00,33.6,ts13,M0005
2004-12-02 13:00:00,33.5,ts13,M0005
2004-12-03 13:00:00,33.6,ts13,M0005
2004-12-05 13:00:00,33.4,ts13,M0005
2004-12-06 13:00:00,35.0,ts13,M0005
2004-12-07 13:00:00,34.7,ts13,M0005
2004-12-10 13:00:00,33.6,ts13,M0005
2004-12-16 13:00:00,34.0,ts13,M0005
2004-12-17 13:00:00,35.0,ts13,M0005
2004-12-19 13:00:00,33.2,ts13,M0005
2004-12-21 13:00:00,34.0,ts13,M0005
2004-12-22 13:00:00,33.8,ts13,M0005
2004-12-24 13:00:00,34.0,ts13,M0005
2004-12-25 13:00:00,33.8,ts13,M0005
2004-12-27 13:00:00,33.6,ts13,M0005
2004-12-29 13:00:00,33.4,ts13,M0005
2005-01-01 13:00:00,33.8,ts13,M0005
2005-01-02 13:00:00,35.4,ts13,M0005
2005-01-09 13:00:00,34.6,ts13,M0005
2005-01-12 13:00:00,33.2,ts13,M0005
2005-01-13 13:00:00,33.2,ts13,M0005
2005-01-15 13:00:00,35.0,ts13,M0005
2005-01-16 13:00:00,35.2,ts13,M0005
2005-01-20 13:00:00,33.7,ts13,M0005
2005-01-21 13:00:00,33.4,ts13,M0005
2005-01-22 13:00:00,34.4,ts13,M0005
2005-01-30 13:00:00,33.8,ts13,M0005
2005-02-28 13:00:00,33.8,ts13,M0005
2005-03-02 13:00:00,33.6,ts13,M0005
2005-03-23 13:00:00,34.2,ts13,M0005
2005-03-24 13:00:00,33.3,ts13,M0005
2005-03-25 13:00:00,33.4,ts13,M0005
2005-04-01 13:00:00,33.6,ts13,M0005
2005-04-05 13:00:00,34.0,ts13,M0005
2005-04-25 13:00:00,33.4,ts13,M0005
2005-04-26 13:00:00,33.4,ts13,M0005
2005-05-03 13:00:00,33.2,ts13,M0005
2005-11-07 13:00:00,33.2,ts13,M0005
2005-11-16 13:00:00,33.4,ts13,M0005
2005-11-20 13:00:00,33.8,ts13,M0005
2005-12-01 13:00:00,33.2,ts13,M0005
2005-12-17 13:00:00,33.6,ts13,M0005
2006-01-01 13:00:00,33.6,ts13,M0005
2006-01-21 13:00:00,34.4,ts13,M0005
2006-01-23 13:00:00,33.1,ts13,M0005
2006-01-28 13:00:00,34.6,ts13,M0005
2006-02-06 13:00:00,33.2,ts13,M0005
2006-04-23 13:00:00,33.6,ts13,M0005
2006-04-24 13:00:00,34.0,ts13,M0005
2006-05-03 13:00:00,33.8,ts13,M0005
2006-05-30 13:00:00,33.8,ts13,M0005
2006-07-11 13:00:00,33.1,ts13,M0005
2006-09-07 13:00:00,33.4,ts13,M0005
2006-10-27 13:00:00,33.4,ts13,M0005
2006-11-28 13:00:00,33.9,ts13,M0005
2006-12-02 13:00:00,33.6,ts13,M0005
2007-01-01 13:00:00,33.6,ts13,M0005
2007-01-04 13:00:00,33.6,ts13,M0005
2007-01-31 13:00:00,34.0,ts13,M0005
2007-03-01 13:00:00,34.0,ts13,M0005
2007-04-04 13:00:00,34.6,ts13,M0005
2007-04-05 13:00:00,33.8,ts13,M0005
2007-11-16 13:00:00,33.3,ts13,M0005
2007-11-27 13:00:00,33.6,ts13,M0005
2007-12-26 13:00:00,33.6,ts13,M0005
2008-04-22 13:00:00,33.4,ts13,M0005
2009-03-28 13:00:00,34.6,ts13,M0005
2009-03-29 13:00:00,33.6,ts13,M0005
2009-03-31 13:00:00,33.5,ts13,M0005
2009-04-04 13:00:00,33.6,ts13,M0005
2009-04-05 13:00:00,33.8,ts13,M0005
2009-04-09 13:00:00,33.8,ts13,M0005
2009-04-11 13:00:00,33.2,ts13,M0005
2009-04-12 13:00:00,33.2,ts13,M0005
2009-04-13 13:00:00,34.0,ts13,M0005
2009-04-14 13:00:00,34.4,ts13,M0005
2009-04-16 13:00:00,33.8,ts13,M0005
2009-04-28 13:00:00,33.1,ts13,M0005
2009-05-18 13:00:00,33.4,ts13,M0005
2009-05-19 13:00:00,33.2,ts13,M0005
2009-05-22 13:00:00,33.4,ts13,M0005
2009-06-06 13:00:00,33.4,ts13,M0005
2009-06-08 13:00:00,33.6,ts13,M0005
2009-08-04 13:00:00,33.2,ts13,M0005
2009-08-28 13:00:00,33.4,ts13,M0005
2009-09-06 13:00:00,33.6,ts13,M0005
2009-09-13 13:00:00,34.0,ts13,M0005
2009-12-06 13:00:00,33.6,ts13,M0005
2009-12-30 13:00:00,33.8,ts13,M0005
2010-01-01 13:00:00,33.2,ts13,M0005
2010-01-06 13:00:00,34.6,ts13,M0005
2010-03-14 13:00:00,33.2,ts13,M0005
2010-04-26 13:00:00,34.4,ts13,M0005
2011-03-29 13:00:00,33.4,ts13,M0005
2011-04-01 13:00:00,33.6,ts13,M0005
2011-04-25 13:00:00,33.4,ts13,M0005
2011-05-06 13:00:00,33.4,ts13,M0005
2011-05-15 13:00:00,33.4,ts13,M0005
2011-06-04 13:00:00,34.0,ts13,M0005
2011-07-28 13:00:00,33.2,ts13,M0005
2011-12-03 13:00:00,33.2,ts13,M0005
2011-12-11 13:00:00,34.7,ts13,M0005
2011-12-18 13:00:00,33.3,ts13,M0005
2012-05-14 13:00:00,33.3,ts13,M0005
2012-09-28 13:00:00,33.6,ts13,M0005
2012-10-05 13:00:00,33.7,ts13,M0005
2012-10-21 13:00:00,33.6,ts13,M0005
2012-10-27 13:00:00,33.1,ts13,M0005
2012-11-26 13:00:00,34.2,ts13,M0005
2012-11-29 13:00:00,33.2,ts13,M0005
2012-12-18 13:00:00,33.2,ts13,M0005
2012-12-26 13:00:00,33.2,ts13,M0005
2013-01-03 13:00:00,33.7,ts13,M0005
2013-04-14 13:00:00,33.1,ts13,M0005
2013-09-08 13:00:00,33.1,ts13,M0005
2013-09-21 13:00:00,33.3,ts13,M0005
2013-11-27 13:00:00,33.4,ts13,M0005
2013-11-29 13:00:00,33.2,ts13,M0005
2013-12-02 13:00:00,33.7,ts13,M0005
2013-12-06 13:00:00,33.9,ts13,M0005
2013-12-21 13:00:00,34.3,ts13,M0005
2014-01-04 13:00:00,33.2,ts13,M0005
2014-02-03 13:00:00,33.1,ts13,M0005
2014-03-12 13:00:00,33.8,ts13,M0005
2014-03-19 13:00:00,34.0,ts13,M0005
2014-03-22 13:00:00,34.6,ts13,M0005
2014-03-25 13:00:00,34.5,ts13,M0005
2014-05-07 13:00:00,33.2,ts13,M0005
2014-05-20 13:00:00,33.1,ts13,M0005
2014-05-21 13:00:00,33.6,ts13,M0005
2014-05-23 13:00:00,33.6,ts13,M0005
2014-05-25 13:00:00,33.5,ts13,M0005
2014-06-21 13:00:00,33.6,ts13,M0005
2014-06-27 13:00:00,33.6,ts13,M0005
2014-07-04 13:00:00,33.2,ts13,M0005
2014-07-10 13:00:00,34.3,ts13,M0005
2014-07-12 13:00:00,34.9,ts13,M0005
2014-07-17 13:00:00,33.3,ts13,M0005
2014-08-06 13:00:00,34.7,ts13,M0005
2014-08-07 13:00:00,33.2,ts13,M0005
2014-08-16 13:00:00,33.3,ts13,M0005
2014-09-09 13:00:00,33.2,ts13,M0005
2014-09-18 13:00:00,33.7,ts13,M0005
2014-09-19 13:00:00,33.2,ts13,M0005
2014-10-13 13:00:00,33.3,ts13,M0005
2014-10-30 13:00:00,33.4,ts13,M0005
2014-11-09 13:00:00,34.0,ts13,M0005
2014-11-10 13:00:00,33.3,ts13,M0005
2014-11-27 13:00:00,33.7,ts13,M0005
2014-11-29 13:00:00,33.9,ts13,M0005
2014-12-04 13:00:00,33.6,ts13,M0005
2014-12-17 13:00:00,33.3,ts13,M0005
2014-12-18 13:00:00,33.5,ts13,M0005
2014-12-23 13:00:00,34.2,ts13,M0005
2014-12-24 13:00:00,33.2,ts13,M0005
2015-01-21 13:00:00,33.5,ts13,M0005
2015-02-10 13:00:00,33.1,ts13,M0005
2015-02-25 13:00:00,33.1,ts13,M0005
2015-03-07 13:00:00,33.4,ts13,M0005
2015-03-11 13:00:00,34.8,ts13,M0005
2015-03-21 13:00:00,33.1,ts13,M0005
2015-03-23 13:00:00,33.6,ts13,M0005
2015-03-30 13:00:00,33.2,ts13,M0005
2015-05-20 13:00:00,33.6,ts13,M0005
2015-05-29 13:00:00,33.3,ts13,M0005
2015-06-09 13:00:00,33.2,ts13,M0005
2015-06-19 13:00:00,33.2,ts13,M0005
2015-06-27 13:00:00,33.2,ts13,M0005
2015-07-03 13:00:00,34.6,ts13,M0005
2015-07-06 13:00:00,33.3,ts13,M0005
2015-08-30 13:00:00,33.6,ts13,M0005
2015-09-02 13:00:00,34.0,ts13,M0005
2015-09-06 13:00:00,33.7,ts13,M0005
2015-09-11 13:00:00,33.9,ts13,M0005
2015-09-13 13:00:00,33.2,ts13,M0005
2015-09-17 13:00:00,33.9,ts13,M0005
2015-10-05 13:00:00,34.2,ts13,M0005
2015-10-20 13:00:00,34.9,ts13,M0005
2015-10-23 13:00:00,33.5,ts13,M0005
2015-10-24 13:00:00,33.1,ts13,M0005
2015-11-02 13:00:00,33.3,ts13,M0005
2015-11-05 13:00:00,34.2,ts13,M0005
2015-11-13 13:00:00,34.1,ts13,M0005
2015-11-20 13:00:00,34.8,ts13,M0005
2015-11-26 13:00:00,33.5,ts13,M0005
2015-11-28 13:00:00,34.4,ts13,M0005
2015-12-06 13:00:00,33.6,ts13,M0005
2015-12-23 13:00:00,33.4,ts13,M0005
2015-12-30 13:00:00,33.8,ts13,M0005
2016-01-05 13:00:00,34.3,ts13,M0005
2016-03-26 13:00:00,33.7,ts13,M0005
2016-04-03 13:00:00,33.7,ts13,M0005
2016-04-25 13:00:00,33.3,ts13,M0005
2016-05-15 13:00:00,33.1,ts13,M0005
2016-05-21 13:00:00,33.3,ts13,M0005
2016-05-22 13:00:00,34.5,ts13,M0005
2016-05-25 13:00:00,34.1,ts13,M0005
2016-05-29 13:00:00,33.7,ts13,M0005
2016-05-31 13:00:00,33.6,ts13,M0005
2016-06-03 13:00:00,34.5,ts13,M0005
2016-06-19 13:00:00,33.3,ts13,M0005
2016-06-20 13:00:00,33.9,ts13,M0005
2016-08-19 13:00:00,33.2,ts13,M0005
2016-09-22 13:00:00,33.1,ts13,M0005
2016-09-25 13:00:00,33.2,ts13,M0005
2016-10-14 13:00:00,33.4,ts13,M0005
2016-10-15 13:00:00,33.5,ts13,M0005
2016-10-20 13:00:00,33.9,ts13,M0005
2016-11-08 13:00:00,33.8,ts13,M0005
2016-11-21 13:00:00,33.3,ts13,M0005
2016-11-25 13:00:00,33.7,ts13,M0005
2016-12-03 13:00:00,33.4,ts13,M0005
2016-12-20 13:00:00,33.2,ts13,M0005
2016-12-21 13:00:00,34.3,ts13,M0005
2016-12-23 13:00:00,34.3,ts13,M0005
2016-12-29 13:00:00,34.8,ts13,M0005
2017-01-01 13:00:00,34.4,ts13,M0005
2017-01-03 13:00:00,35.5,ts13,M0005
2017-01-22 13:00:00,34.7,ts13,M0005
2017-09-07 13:00:00,33.1,ts13,M0005
2017-10-18 13:00:00,33.1,ts13,M0005
2017-10-21 13:00:00,33.3,ts13,M0005
2017-10-24 13:00:00,33.7,ts13,M0005
2017-10-25 13:00:00,34.3,ts13,M0005
2017-12-24 13:00:00,33.5,ts13,M0005
2017-12-25 13:00:00,33.1,ts13,M0005
2018-01-03 13:00:00,33.5,ts13,M0005
2018-01-08 13:00:00,33.1,ts13,M0005
2018-01-16 13:00:00,33.7,ts13,M0005
2018-03-13 13:00:00,34.2,ts13,M0005
2018-04-15 13:00:00,33.1,ts13,M0005
2018-04-17 13:00:00,33.1,ts13,M0005
2018-04-20 13:00:00,33.4,ts13,M0005
2018-04-21 13:00:00,33.6,ts13,M0005
2018-04-26 13:00:00,33.7,ts13,M0005
2018-08-28 13:00:00,33.3,ts13,M0005
2018-09-05 13:00:00,33.5,ts13,M0005
2018-09-26 13:00:00,33.7,ts13,M0005
2018-09-27 13:00:00,34.3,ts13,M0005
2018-10-20 13:00:00,33.4,ts13,M0005
2018-11-10 13:00:00,33.3,ts13,M0005
2018-11-12 13:00:00,35.2,ts13,M0005
2018-11-16 13:00:00,33.5,ts13,M0005
2018-11-19 13:00:00,33.7,ts13,M0005
2018-11-21 13:00:00,33.5,ts13,M0005
2018-11-24 13:00:00,33.2,ts13,M0005
2018-12-02 13:00:00,33.5,ts13,M0005
2018-12-03 13:00:00,33.7,ts13,M0005
2018-12-11 13:00:00,35.4,ts13,M0005
2019-02-05 13:00:00,34.3,ts13,M0005
2019-03-20 13:00:00,33.1,ts13,M0005
2019-03-22 13:00:00,33.2,ts13,M0005
2019-04-09 13:00:00,33.4,ts13,M0005
2019-04-10 13:00:00,34.1,ts13,M0005
2019-04-11 13:00:00,33.1,ts13,M0005
2019-04-14 13:00:00,34.0,ts13,M0005
2019-04-15 13:00:00,33.7,ts13,M0005
2019-04-24 13:00:00,33.5,ts13,M0005
2019-04-26 13:00:00,34.5,ts13,M0005
2019-05-14 13:00:00,33.6,ts13,M0005
2019-06-10 13:00:00,33.3,ts13,M0005
2019-07-05 13:00:00,33.6,ts13,M0005
2019-07-15 13:00:00,33.4,ts13,M0005
1976-11-28 13:00:00,34.0,ts13,M0006
1978-12-01 13:00:00,33.6,ts13,M0006
1979-12-12 13:00:00,33.2,ts13,M0006
1983-03-04 13:00:00,33.1,ts13,M0006
1983-04-20 13:00:00,33.2,ts13,M0006
1987-12-07 13:00:00,33.6,ts13,M0006
1987-12-15 13:00:00,33.8,ts13,M0006
1991-11-27 13:00:00,33.6,ts13,M0006
1992-04-20 13:00:00,33.1,ts13,M0006
1996-11-01 13:00:00,33.7,ts13,M0006
1999-11-06 13:00:00,33.5,ts13,M0006
2011-11-29 13:00:00,33.3,ts13,M0006
2013-10-07 13:00:00,33.2,ts13,M0006
1976-02-06 13:00:00,33.7,ts13,M0007
1976-02-07 13:00:00,33.2,ts13,M0007
1976-02-08 13:00:00,33.8,ts13,M0007
1976-02-14 13:00:00,33.2,ts13,M0007
1977-09-18 13:00:00,34.2,ts13,M0007
1977-10-08 13:00:00,33.2,ts13,M0007
1977-10-17 13:00:00,33.1,ts13,M0007
1977-11-12 13:00:00,33.1,ts13,M0007
1977-11-21 13:00:00,34.1,ts13,M0007
1977-11-24 13:00:00,33.2,ts13,M0007
1977-11-27 13:00:00,33.2,ts13,M0007
1977-12-02 13:00:00,33.1,ts13,M0007
1977-12-15 13:00:00,33.1,ts13,M0007
1977-12-16 13:00:00,33.4,ts13,M0007
1977-12-19 13:00:00,33.5,ts13,M0007
1977-12-20 13:00:00,34.0,ts13,M0007
1977-12-28 13:00:00,33.8,ts13,M0007
1978-01-02 13:00:00,34.1,ts13,M0007
1978-01-03 13:00:00,34.0,ts13,M0007
1978-01-04 13:00:00,33.7,ts13,M0007
1978-01-05 13:00:00,33.1,ts13,M0007
1978-01-06 13:00:00,34.0,ts13,M0007
1978-01-07 13:00:00,33.1,ts13,M0007
1978-01-10 13:00:00,33.5,ts13,M0007
1978-01-11 13:00:00,34.6,ts13,M0007
1978-01-12 13:00:00,34.0,ts13,M0007
1978-01-13 13:00:00,34.0,ts13,M0007
1978-01-14 13:00:00,34.2,ts13,M0007
1978-01-15 13:00:00,34.8,ts13,M0007
1978-01-16 13:00:00,35.6,ts13,M0007
1978-01-18 13:00:00,33.6,ts13,M0007
1978-01-19 13:00:00,34.0,ts13,M0007
1978-01-20 13:00:00,34.2,ts13,M0007
1978-02-06 13:00:00,33.1,ts13,M0007
1978-02-12 13:00:00,33.1,ts13,M0007
1978-02-13 13:00:00,34.2,ts13,M0007
1978-02-14 13:00:00,34.2,ts13,M0007
1978-02-19 13:00:00,33.2,ts13,M0007
1978-02-27 13:00:00,33.2,ts13,M0007
1978-03-01 13:00:00,33.5,ts13,M0007
1978-03-13 13:00:00,34.8,ts13,M0007
1978-03-14 13:00:00,34.0,ts13,M0007
1978-05-04 13:00:00,33.1,ts13,M0007
1978-10-16 13:00:00,33.1,ts13,M0007
1978-11-12 13:00:00,34.7,ts13,M0007
1978-11-16 13:00:00,33.4,ts13,M0007
1978-11-17 13:00:00,34.2,ts13,M0007
1978-11-20 13:00:00,33.3,ts13,M0007
1978-11-21 13:00:00,34.0,ts13,M0007
1978-12-06 13:00:00,34.0,ts13,M0007
1978-12-21 13:00:00,33.4,ts13,M0007
1978-12-22 13:00:00,33.3,ts13,M0007
1978-12-23 13:00:00,34.0,ts13,M0007
1978-12-27 13:00:00,33.2,ts13,M0007
1979-01-06 13:00:00,33.1,ts13,M0007
1979-01-07 13:00:00,34.1,ts13,M0007
1979-01-08 13:00:00,35.4,ts13,M0007
1979-01-09 13:00:00,34.1,ts13,M0007
1979-01-10 13:00:00,34.0,ts13,M0007
1979-01-11 13:00:00,35.2,ts13,M0007
1979-01-12 13:00:00,35.2,ts13,M0007
1979-01-13 13:00:00,35.0,ts13,M0007
1979-01-14 13:00:00,34.6,ts13,M0007
1979-01-15 13:00:00,34.2,ts13,M0007
1979-01-16 13:00:00,34.4,ts13,M0007
1979-01-17 13:00:00,37.4,ts13,M0007
1979-01-18 13:00:00,34.4,ts13,M0007
1979-01-19 13:00:00,35.1,ts13,M0007
1979-01-20 13:00:00,35.7,ts13,M0007
1979-01-21 13:00:00,34.2,ts13,M0007
1979-01-23 13:00:00,34.3,ts13,M0007
1979-01-25 13:00:00,34.1,ts13,M0007
1979-02-03 13:00:00,34.2,ts13,M0007
1979-02-04 13:00:00,34.1,ts13,M0007
1979-02-05 13:00:00,33.7,ts13,M0007
1979-02-07 13:00:00,33.9,ts13,M0007
1979-02-08 13:00:00,34.6,ts13,M0007
1979-02-09 13:00:00,35.0,ts13,M0007
1979-02-10 13:00:00,35.0,ts13,M0007
1979-02-15 13:00:00,34.1,ts13,M0007
1979-02-16 13:00:00,33.9,ts13,M0007
1979-02-18 13:00:00,33.5,ts13,M0007
1979-02-19 13:00:00,34.5,ts13,M0007
1979-02-20 13:00:00,34.8,ts13,M0007
1979-02-25 13:00:00,33.9,ts13,M0007
1979-03-01 13:00:00,33.3,ts13,M0007
1979-03-14 13:00:00,33.2,ts13,M0007
1979-03-23 13:00:00,33.1,ts13,M0007
1979-09-01 13:00:00,33.2,ts13,M0007
1979-09-16 13:00:00,34.5,ts13,M0007
1979-09-23 13:00:00,33.5,ts13,M0007
1979-09-29 13:00:00,33.2,ts13,M0007
1979-10-15 13:00:00,34.0,ts13,M0007
1979-11-01 13:00:00,34.1,ts13,M0007
1979-11-07 13:00:00,33.1,ts13,M0007
1980-01-16 13:00:00,33.1,ts13,M0007
1980-01-17 13:00:00,33.5,ts13,M0007
1980-02-01 13:00:00,33.2,ts13,M0007
1980-02-10 13:00:00,33.5,ts13,M0007
1980-02-12 13:00:00,34.0,ts13,M0007
1980-02-13 13:00:00,34.0,ts13,M0007
1980-02-14 13:00:00,33.4,ts13,M0007
1980-02-15 13:00:00,34.8,ts13,M0007
1980-02-16 13:00:00,34.0,ts13,M0007
1980-02-17 13:00:00,34.7,ts13,M0007
1980-02-21 13:00:00,33.2,ts13,M0007
1980-02-22 13:00:00,34.0,ts13,M0007
1980-02-23 13:00:00,34.0,ts13,M0007
1980-02-24 13:00:00,34.7,ts13,M0007
1980-02-25 13:00:00,34.2,ts13,M0007
1980-02-26 13:00:00,33.9,ts13,M0007
1980-02-27 13:00:00,33.5,ts13,M0007
1980-02-28 13:00:00,34.3,ts13,M0007
1980-02-29 13:00:00,35.0,ts13,M0007
1980-03-01 13:00:00,36.0,ts13,M0007
1980-03-02 13:00:00,36.2,ts13,M0007
1980-03-03 13:00:00,33.5,ts13,M0007
1980-03-06 13:00:00,34.2,ts13,M0007
1980-03-07 13:00:00,34.9,ts13,M0007
1980-03-08 13:00:00,33.6,ts13,M0007
1980-04-04 13:00:00,33.8,ts13,M0007
1980-04-05 13:00:00,33.7,ts13,M0007
1980-04-06 13:00:00,34.0,ts13,M0007
1980-04-07 13:00:00,33.5,ts13,M0007
1980-05-11 13:00:00,33.8,ts13,M0007
1980-09-03 13:00:00,33.4,ts13,M0007
1980-09-14 13:00:00,34.0,ts13,M0007
1980-09-27 13:00:00,35.5,ts13,M0007
1980-10-02 13:00:00,33.2,ts13,M0007
1980-10-16 13:00:00,33.1,ts13,M0007
1980-11-06 13:00:00,33.2,ts13,M0007
1980-11-07 13:00:00,33.9,ts13,M0007
1980-11-08 13:00:00,33.2,ts13,M0007
1980-11-10 13:00:00,33.7,ts13,M0007
1980-11-16 13:00:00,33.1,ts13,M0007
1980-11-30 13:00:00,33.2,ts13,M0007
1980-12-02 13:00:00,33.2,ts13,M0007
1980-12-03 13:00:00,33.6,ts13,M0007
1980-12-04 13:00:00,33.8,ts13,M0007
1980-12-05 13:00:00,33.7,ts13,M0007
1980-12-13 13:00:00,33.2,ts13,M0007
1980-12-14 13:00:00,33.2,ts13,M0007
1981-01-03 13:00:00,33.5,ts13,M0007
1981-01-04 13:00:00,33.3,ts13,M0007
1981-01-18 13:00:00,33.9,ts13,M0007
1981-01-19 13:00:00,33.1,ts13,M0007
1981-01-22 13:00:00,33.2,ts13,M0007
1981-01-23 13:00:00,33.7,ts13,M0007
1981-01-24 13:00:00,33.7,ts13,M0007
1981-01-25 13:00:00,33.9,ts13,M0007
1981-01-26 13:00:00,33.2,ts13,M0007
1981-02-14 13:00:00,34.2,ts13,M0007
1981-03-15 13:00:00,33.7,ts13,M0007
1981-03-21 13:00:00,34.4,ts13,M0007
1981-09-28 13:00:00,33.1,ts13,M0007
1982-01-01 13:00:00,33.2,ts13,M0007
1982-01-26 13:00:00,33.2,ts13,M0007
1982-03-07 13:00:00,33.2,ts13,M0007
1982-03-08 13:00:00,33.1,ts13,M0007
1982-03-10 13:00:00,33.1,ts13,M0007
1982-11-28 13:00:00,33.3,ts13,M0007
1983-03-02 13:00:00,33.1,ts13,M0007
1983-03-18 13:00:00,33.4,ts13,M0007
1983-07-03 13:00:00,33.7,ts13,M0007
1983-10-23 13:00:00,33.8,ts13,M0007
1983-10-27 13:00:00,33.5,ts13,M0007
1983-11-13 13:00:00,33.9,ts13,M0007
1983-11-14 13:00:00,34.4,ts13,M0007
1984-01-13 13:00:00,33.5,ts13,M0007
1984-01-14 13:00:00,33.8,ts13,M0007
1984-01-26 13:00:00,33.1,ts13,M0007
1984-10-30 13:00:00,33.7,ts13,M0007
1984-11-04 13:00:00,34.2,ts13,M0007
1984-12-16 13:00:00,33.1,ts13,M0007
1985-01-07 13:00:00,33.1,ts13,M0007
1985-01-12 13:00:00,33.3,ts13,M0007
1985-01-16 13:00:00,33.1,ts13,M0007
1985-01-18 13:00:00,33.5,ts13,M0007
1985-01-19 13:00:00,33.4,ts13,M0007
1985-01-20 13:00:00,33.4,ts13,M0007
1985-01-21 13:00:00,33.8,ts13,M0007
1985-01-22 13:00:00,33.1,ts13,M0007
1985-01-24 13:00:00,33.3,ts13,M0007
1985-01-25 13:00:00,34.2,ts13,M0007
1985-01-26 13:00:00,34.1,ts13,M0007
1985-01-27 13:00:00,34.1,ts13,M0007
1985-01-28 13:00:00,33.6,ts13,M0007
1985-01-29 13:00:00,34.0,ts13,M0007
1985-01-30 13:00:00,34.8,ts13,M0007
1985-01-31 13:00:00,34.1,ts13,M0007
1985-02-01 13:00:00,34.8,ts13,M0007
1985-02-02 13:00:00,35.2,ts13,M0007
1985-02-03 13:00:00,34.4,ts13,M0007
1985-02-04 13:00:00,34.9,ts13,M0007
1985-02-05 13:00:00,33.5,ts13,M0007
1985-02-25 13:00:00,33.4,ts13,M0007
1985-02-26 13:00:00,33.5,ts13,M0007
1985-02-27 13:00:00,33.6,ts13,M0007
1985-03-14 13:00:00,33.5,ts13,M0007
1985-03-17 13:00:00,33.6,ts13,M0007
1985-03-18 13:00:00,34.2,ts13,M0007
1985-03-21 13:00:00,33.4,ts13,M0007
1985-09-23 13:00:00,33.6,ts13,M0007
1985-10-18 13:00:00,33.1,ts13,M0007
1985-11-01 13:00:00,33.9,ts13,M0007
1985-11-02 13:00:00,33.6,ts13,M0007
1985-11-04 13:00:00,33.3,ts13,M0007
1985-11-05 13:00:00,33.1,ts13,M0007
1986-03-11 13:00:00,33.2,ts13,M0007
1986-04-02 13:00:00,33.2,ts13,M0007
1986-05-17 13:00:00,33.1,ts13,M0007
1987-01-24 13:00:00,33.1,ts13,M0007
1987-03-09 13:00:00,33.5,ts13,M0007
1987-03-10 13:00:00,33.4,ts13,M0007
1987-03-26 13:00:00,33.6,ts13,M0007
1987-03-27 13:00:00,33.5,ts13,M0007
1987-09-15 13:00:00,33.2,ts13,M0007
1987-10-12 13:00:00,34.2,ts13,M0007
1987-10-13 13:00:00,34.1,ts13,M0007
1987-10-31 13:00:00,33.2,ts13,M0007
1987-11-01 13:00:00,33.6,ts13,M0007
1988-01-13 13:00:00,33.2,ts13,M0007
1988-01-14 13:00:00,33.5,ts13,M0007
1988-01-15 13:00:00,33.2,ts13,M0007
1988-02-19 13:00:00,33.4,ts13,M0007
1988-03-05 13:00:00,33.2,ts13,M0007
1988-03-06 13:00:00,33.7,ts13,M0007
1988-03-07 13:00:00,33.8,ts13,M0007
1988-03-10 13:00:00,33.5,ts13,M0007
1988-03-11 13:00:00,34.5,ts13,M0007
1988-03-12 13:00:00,34.2,ts13,M0007
1988-03-13 13:00:00,33.3,ts13,M0007
1988-08-26 13:00:00,33.2,ts13,M0007
1988-09-15 13:00:00,33.4,ts13,M0007
1988-09-23 13:00:00,33.1,ts13,M0007
1988-10-25 13:00:00,33.6,ts13,M0007
1988-10-26 13:00:00,34.0,ts13,M0007
1988-11-19 13:00:00,33.2,ts13,M0007
1988-12-23 13:00:00,33.4,ts13,M0007
1989-10-22 13:00:00,33.2,ts13,M0007
1989-11-12 13:00:00,33.6,ts13,M0007
1989-11-13 13:00:00,33.1,ts13,M0007
1989-11-14 13:00:00,33.4,ts13,M0007
1989-11-26 13:00:00,33.2,ts13,M0007
1989-12-08 13:00:00,33.1,ts13,M0007
1989-12-23 13:00:00,33.7,ts13,M0007
1989-12-24 13:00:00,33.5,ts13,M0007
1989-12-26 13:00:00,33.8,ts13,M0007
1989-12-29 13:00:00,34.1,ts13,M0007
1989-12-30 13:00:00,33.6,ts13,M0007
1989-12-31 13:00:00,33.9,ts13,M0007
1990-01-11 13:00:00,33.8,ts13,M0007
1990-01-12 13:00:00,33.9,ts13,M0007
1990-02-11 13:00:00,33.2,ts13,M0007
1990-03-28 13:00:00,33.1,ts13,M0007
1990-03-30 13:00:00,33.2,ts13,M0007
1991-01-14 13:00:00,33.4,ts13,M0007
1991-01-15 13:00:00,33.3,ts13,M0007
1991-01-18 13:00:00,33.7,ts13,M0007
1991-01-19 13:00:00,33.8,ts13,M0007
1991-02-02 13:00:00,33.6,ts13,M0007
1991-02-03 13:00:00,33.6,ts13,M0007
1991-02-04 13:00:00,33.8,ts13,M0007
1991-02-05 13:00:00,34.2,ts13,M0007
1991-02-06 13:00:00,33.8,ts13,M0007
1991-02-10 13:00:00,33.2,ts13,M0007
1991-02-20 13:00:00,33.5,ts13,M0007
1991-03-19 13:00:00,33.2,ts13,M0007
1991-10-15 13:00:00,33.5,ts13,M0007
1992-01-23 13:00:00,34.3,ts13,M0007
1992-01-24 13:00:00,33.9,ts13,M0007
1992-01-25 13:00:00,33.8,ts13,M0007
1992-01-26 13:00:00,33.4,ts13,M0007
1992-01-27 13:00:00,33.4,ts13,M0007
1992-01-28 13:00:00,33.4,ts13,M0007
1992-01-29 13:00:00,34.0,ts13,M0007
1992-01-30 13:00:00,33.6,ts13,M0007
1992-01-31 13:00:00,34.0,ts13,M0007
1992-02-01 13:00:00,34.0,ts13,M0007
1992-02-02 13:00:00,35.0,ts13,M0007
1992-02-03 13:00:00,34.7,ts13,M0007
1992-02-04 13:00:00,35.2,ts13,M0007
1992-02-05 13:00:00,33.8,ts13,M0007
1992-02-11 13:00:00,35.5,ts13,M0007
1992-02-12 13:00:00,34.2,ts13,M0007
1992-02-15 13:00:00,34.9,ts13,M0007
1992-02-16 13:00:00,34.1,ts13,M0007
1992-02-21 13:00:00,34.3,ts13,M0007
1992-02-22 13:00:00,33.6,ts13,M0007
1992-02-23 13:00:00,33.4,ts13,M0007
1992-03-15 13:00:00,33.8,ts13,M0007
1992-03-21 13:00:00,34.0,ts13,M0007
1992-03-23 13:00:00,33.7,ts13,M0007
1992-03-28 13:00:00,33.8,ts13,M0007
1992-11-03 13:00:00,33.1,ts13,M0007
1994-01-09 13:00:00,33.3,ts13,M0007
1994-01-19 13:00:00,33.4,ts13,M0007
1994-01-22 13:00:00,33.2,ts13,M0007
1994-01-23 13:00:00,33.6,ts13,M0007
1994-09-21 13:00:00,33.4,ts13,M0007
1994-09-22 13:00:00,34.0,ts13,M0007
1994-10-27 13:00:00,33.2,ts13,M0007
1994-11-17 13:00:00,33.5,ts13,M0007
1995-01-03 13:00:00,33.1,ts13,M0007
1995-01-04 13:00:00,33.8,ts13,M0007
1995-01-05 13:00:00,33.6,ts13,M0007
1995-01-06 13:00:00,33.4,ts13,M0007
1995-01-09 13:00:00,33.1,ts13,M0007
1995-01-10 13:00:00,33.8,ts13,M0007
1995-01-11 13:00:00,34.2,ts13,M0007
1995-01-12 13:00:00,33.9,ts13,M0007
1995-01-13 13:00:00,33.2,ts13,M0007
1995-02-05 13:00:00,33.2,ts13,M0007
1995-02-09 13:00:00,33.4,ts13,M0007
1995-02-10 13:00:00,34.3,ts13,M0007
1995-02-11 13:00:00,33.8,ts13,M0007
1995-02-14 13:00:00,33.7,ts13,M0007
1995-02-15 13:00:00,33.5,ts13,M0007
1995-02-16 13:00:00,33.7,ts13,M0007
1995-02-17 13:00:00,33.3,ts13,M0007
1995-02-20 13:00:00,33.8,ts13,M0007
1995-02-21 13:00:00,33.6,ts13,M0007
1995-03-23 13:00:00,33.1,ts13,M0007
1995-04-09 13:00:00,34.0,ts13,M0007
1995-09-28 13:00:00,33.4,ts13,M0007
1995-10-06 13:00:00,33.4,ts13,M0007
1995-10-20 13:00:00,33.4,ts13,M0007
1995-11-27 13:00:00,33.6,ts13,M0007
1995-11-30 13:00:00,33.2,ts13,M0007
1995-12-01 13:00:00,33.2,ts13,M0007
1995-12-02 13:00:00,33.8,ts13,M0007
1995-12-06 13:00:00,33.9,ts13,M0007
1995-12-08 13:00:00,34.3,ts13,M0007
1995-12-12 13:00:00,33.3,ts13,M0007
1995-12-13 13:00:00,33.4,ts13,M0007
1995-12-16 13:00:00,33.2,ts13,M0007
1995-12-17 13:00:00,33.8,ts13,M0007
1996-01-18 13:00:00,33.6,ts13,M0007
1996-01-19 13:00:00,34.1,ts13,M0007
1996-01-24 13:00:00,33.6,ts13,M0007
1996-02-22 13:00:00,34.1,ts13,M0007
1996-02-23 13:00:00,34.0,ts13,M0007
1996-03-12 13:00:00,33.2,ts13,M0007
1996-03-13 13:00:00,33.8,ts13,M0007
1996-03-14 13:00:00,33.4,ts13,M0007
1996-11-09 13:00:00,33.6,ts13,M0007
1996-11-17 13:00:00,34.8,ts13,M0007
1996-11-19 13:00:00,34.1,ts13,M0007
1996-11-20 13:00:00,33.3,ts13,M0007
1997-01-07 13:00:00,33.1,ts13,M0007
1997-01-08 13:00:00,33.1,ts13,M0007
1997-01-12 13:00:00,33.1,ts13,M0007
1997-01-28 13:00:00,33.6,ts13,M0007
1997-01-29 13:00:00,34.4,ts13,M0007
1997-01-30 13:00:00,33.8,ts13,M0007
1997-01-31 13:00:00,34.5,ts13,M0007
1997-02-01 13:00:00,34.5,ts13,M0007
1997-02-02 13:00:00,33.4,ts13,M0007
1997-02-03 13:00:00,35.0,ts13,M0007
1997-02-04 13:00:00,33.4,ts13,M0007
1997-03-23 13:00:00,33.2,ts13,M0007
1997-03-24 13:00:00,33.7,ts13,M0007
1997-03-25 13:00:00,33.5,ts13,M0007
1997-03-26 13:00:00,33.1,ts13,M0007
1997-03-27 13:00:00,33.8,ts13,M0007
1997-04-04 13:00:00,33.2,ts13,M0007
1997-09-09 13:00:00,33.3,ts13,M0007
1997-09-21 13:00:00,33.4,ts13,M0007
1997-10-04 13:00:00,33.7,ts13,M0007
1997-10-11 13:00:00,33.2,ts13,M0007
1997-10-12 13:00:00,34.1,ts13,M0007
1997-10-20 13:00:00,33.1,ts13,M0007
1997-11-13 13:00:00,34.6,ts13,M0007
1997-11-14 13:00:00,33.8,ts13,M0007
1998-02-01 13:00:00,33.4,ts13,M0007
1998-02-08 13:00:00,33.2,ts13,M0007
1998-02-17 13:00:00,33.8,ts13,M0007
1998-02-25 13:00:00,33.2,ts13,M0007
1998-03-12 13:00:00,33.2,ts13,M0007
1998-03-28 13:00:00,33.4,ts13,M0007
1998-04-12 13:00:00,33.6,ts13,M0007
1998-08-19 13:00:00,33.8,ts13,M0007
1998-08-20 13:00:00,33.2,ts13,M0007
1998-08-24 13:00:00,33.5,ts13,M0007
1998-09-07 13:00:00,33.4,ts13,M0007
1998-09-17 13:00:00,33.5,ts13,M0007
1998-09-18 13:00:00,33.9,ts13,M0007
1998-09-25 13:00:00,33.6,ts13,M0007
1998-09-27 13:00:00,33.2,ts13,M0007
1998-09-28 13:00:00,34.4,ts13,M0007
1998-09-29 13:00:00,33.7,ts13,M0007
1998-10-04 13:00:00,33.6,ts13,M0007
1998-10-12 13:00:00,33.6,ts13,M0007
1998-10-13 13:00:00,33.9,ts13,M0007
1998-10-27 13:00:00,33.2,ts13,M0007
1998-11-25 13:00:00,33.4,ts13,M0007
1998-12-02 13:00:00,33.2,ts13,M0007
1998-12-04 13:00:00,33.6,ts13,M0007
1998-12-07 13:00:00,33.3,ts13,M0007
1999-09-06 13:00:00,33.7,ts13,M0007
1999-09-07 13:00:00,33.7,ts13,M0007
1999-09-14 13:00:00,33.3,ts13,M0007
1999-10-27 13:00:00,33.4,ts13,M0007
1999-11-02 13:00:00,33.6,ts13,M0007
1999-11-03 13:00:00,33.7,ts13,M0007
1999-11-04 13:00:00,33.8,ts13,M0007
1999-11-08 13:00:00,33.6,ts13,M0007
1999-11-15 13:00:00,33.4,ts13,M0007
1999-11-16 13:00:00,33.7,ts13,M0007
1999-11-20 13:00:00,33.7,ts13,M0007
1999-12-29 13:00:00,33.2,ts13,M0007
1999-12-30 13:00:00,33.2,ts13,M0007
1999-12-31 13:00:00,33.5,ts13,M0007
2000-01-01 13:00:00,33.4,ts13,M0007
2000-01-03 13:00:00,33.1,ts13,M0007
2000-01-04 13:00:00,33.8,ts13,M0007
2000-01-05 13:00:00,33.6,ts13,M0007
2000-01-15 13:00:00,33.4,ts13,M0007
2000-01-16 13:00:00,33.2,ts13,M0007
2000-01-25 13:00:00,33.3,ts13,M0007
2000-01-26 13:00:00,33.8,ts13,M0007
2000-01-27 13:00:00,33.1,ts13,M0007
2000-02-09 13:00:00,34.0,ts13,M0007
2000-02-10 13:00:00,33.7,ts13,M0007
2000-02-11 13:00:00,34.0,ts13,M0007
2000-02-12 13:00:00,34.7,ts13,M0007
2000-02-13 13:00:00,34.1,ts13,M0007
2000-02-14 13:00:00,33.8,ts13,M0007
2000-02-21 13:00:00,33.2,ts13,M0007
2000-08-30 13:00:00,33.1,ts13,M0007
2000-09-12 13:00:00,33.4,ts13,M0007
2000-10-24 13:00:00,33.4,ts13,M0007
2000-11-02 13:00:00,34.6,ts13,M0007
2000-11-03 13:00:00,33.8,ts13,M0007
2000-11-04 13:00:00,33.8,ts13,M0007
2000-11-05 13:00:00,33.2,ts13,M0007
2000-11-06 13:00:00,33.8,ts13,M0007
2000-11-07 13:00:00,33.2,ts13,M0007
2000-11-09 13:00:00,33.6,ts13,M0007
2000-11-10 13:00:00,34.1,ts13,M0007
2000-11-12 13:00:00,33.8,ts13,M0007
2000-11-13 13:00:00,34.7,ts13,M0007
2000-11-14 13:00:00,34.4,ts13,M0007
2000-11-15 13:00:00,34.2,ts13,M0007
2001-02-03 13:00:00,33.2,ts13,M0007
2001-02-27 13:00:00,33.5,ts13,M0007
2001-04-23 13:00:00,33.1,ts13,M0007
2001-04-24 13:00:00,33.6,ts13,M0007
2001-08-26 13:00:00,33.2,ts13,M0007
2001-08-31 13:00:00,33.2,ts13,M0007
2001-09-09 13:00:00,33.3,ts13,M0007
2001-10-27 13:00:00,33.6,ts13,M0007
2001-10-28 13:00:00,34.0,ts13,M0007
2001-11-17 13:00:00,33.2,ts13,M0007
2001-11-25 13:00:00,33.5,ts13,M0007
2001-11-30 13:00:00,33.4,ts13,M0007
2002-01-02 13:00:00,33.7,ts13,M0007
2002-01-03 13:00:00,33.6,ts13,M0007
2002-01-04 13:00:00,33.2,ts13,M0007
2002-01-05 13:00:00,34.4,ts13,M0007
2002-01-06 13:00:00,34.8,ts13,M0007
2002-01-09 13:00:00,33.6,ts13,M0007
2002-01-14 13:00:00,34.0,ts13,M0007
2002-04-12 13:00:00,33.5,ts13,M0007
2002-04-26 13:00:00,33.4,ts13,M0007
2002-09-12 13:00:00,33.2,ts13,M0007
2002-09-14 13:00:00,33.8,ts13,M0007
2002-09-22 13:00:00,33.8,ts13,M0007
2002-09-23 13:00:00,34.2,ts13,M0007
2002-09-24 13:00:00,33.8,ts13,M0007
2002-09-30 13:00:00,33.3,ts13,M0007
2002-10-03 13:00:00,33.5,ts13,M0007
2002-10-08 13:00:00,33.3,ts13,M0007
2002-10-14 13:00:00,33.6,ts13,M0007
2002-11-18 13:00:00,35.0,ts13,M0007
2002-11-19 13:00:00,34.0,ts13,M0007
2002-11-24 13:00:00,33.6,ts13,M0007
2003-01-16 13:00:00,33.5,ts13,M0007
2003-01-19 13:00:00,33.8,ts13,M0007
2003-01-22 13:00:00,33.8,ts13,M0007
2003-01-23 13:00:00,33.8,ts13,M0007
2003-01-24 13:00:00,34.4,ts13,M0007
2003-02-17 13:00:00,33.4,ts13,M0007
2003-02-18 13:00:00,34.0,ts13,M0007
2003-02-19 13:00:00,34.1,ts13,M0007
2003-02-20 13:00:00,33.2,ts13,M0007
2003-09-26 13:00:00,33.2,ts13,M0007
2003-10-04 13:00:00,33.2,ts13,M0007
2003-10-07 13:00:00,34.0,ts13,M0007
2003-10-18 13:00:00,33.2,ts13,M0007
2003-10-20 13:00:00,34.1,ts13,M0007
2003-10-22 13:00:00,33.4,ts13,M0007
2003-10-26 13:00:00,34.2,ts13,M0007
2003-10-27 13:00:00,34.0,ts13,M0007
2003-11-01 13:00:00,33.2,ts13,M0007
2003-11-13 13:00:00,33.6,ts13,M0007
2003-11-19 13:00:00,33.9,ts13,M0007
2003-11-24 13:00:00,34.4,ts13,M0007
2003-11-25 13:00:00,34.4,ts13,M0007
2003-11-30 13:00:00,33.2,ts13,M0007
2003-12-08 13:00:00,33.3,ts13,M0007
2004-01-12 13:00:00,33.2,ts13,M0007
2004-01-19 13:00:00,33.2,ts13,M0007
2004-01-20 13:00:00,34.2,ts13,M0007
2004-01-21 13:00:00,33.2,ts13,M0007
2004-01-22 13:00:00,33.4,ts13,M0007
2004-01-23 13:00:00,33.4,ts13,M0007
2004-01-24 13:00:00,34.0,ts13,M0007
2004-01-25 13:00:00,33.6,ts13,M0007
2004-01-26 13:00:00,33.2,ts13,M0007
2004-01-27 13:00:00,33.8,ts13,M0007
2004-01-28 13:00:00,33.9,ts13,M0007
2004-01-29 13:00:00,34.4,ts13,M0007
2004-01-30 13:00:00,34.2,ts13,M0007
2004-01-31 13:00:00,34.2,ts13,M0007
2004-02-01 13:00:00,33.6,ts13,M0007
2004-02-02 13:00:00,34.8,ts13,M0007
2004-02-04 13:00:00,34.6,ts13,M0007
2004-02-05 13:00:00,33.6,ts13,M0007
2004-02-10 13:00:00,33.6,ts13,M0007
2004-02-11 13:00:00,34.1,ts13,M0007
2004-02-16 13:00:00,33.2,ts13,M0007
2004-02-17 13:00:00,33.6,ts13,M0007
2004-04-07 13:00:00,33.2,ts13,M0007
2004-09-02 13:00:00,33.1,ts13,M0007
2004-09-22 13:00:00,34.5,ts13,M0007
2004-10-08 13:00:00,33.4,ts13,M0007
2004-10-12 13:00:00,33.4,ts13,M0007
2004-10-18 13:00:00,34.6,ts13,M0007
2004-10-19 13:00:00,34.0,ts13,M0007
2004-10-26 13:00:00,33.9,ts13,M0007
2004-11-10 13:00:00,33.7,ts13,M0007
2004-11-11 13:00:00,33.7,ts13,M0007
2004-11-28 13:00:00,33.2,ts13,M0007
2004-11-29 13:00:00,33.2,ts13,M0007
2004-12-20 13:00:00,33.4,ts13,M0007
2004-12-24 13:00:00,33.2,ts13,M0007
2004-12-25 13:00:00,33.4,ts13,M0007
2004-12-26 13:00:00,34.0,ts13,M0007
2005-01-16 13:00:00,34.1,ts13,M0007
2005-01-20 13:00:00,33.5,ts13,M0007
2005-01-22 13:00:00,33.4,ts13,M0007
2005-01-23 13:00:00,33.4,ts13,M0007
2005-02-15 13:00:00,33.1,ts13,M0007
2005-02-16 13:00:00,33.6,ts13,M0007
2005-02-17 13:00:00,34.5,ts13,M0007
2005-02-18 13:00:00,33.6,ts13,M0007
2005-02-24 13:00:00,33.4,ts13,M0007
2005-08-28 13:00:00,33.2,ts13,M0007
2005-08-30 13:00:00,33.2,ts13,M0007
2005-09-23 13:00:00,33.4,ts13,M0007
2005-09-24 13:00:00,35.4,ts13,M0007
2005-09-25 13:00:00,34.0,ts13,M0007
2005-09-26 13:00:00,34.0,ts13,M0007
2005-09-30 13:00:00,33.9,ts13,M0007
2005-10-01 13:00:00,33.8,ts13,M0007
2005-10-03 13:00:00,33.4,ts13,M0007
2005-10-04 13:00:00,33.5,ts13,M0007
2005-10-05 13:00:00,34.1,ts13,M0007
2005-10-13 13:00:00,33.3,ts13,M0007
2005-11-29 13:00:00,33.1,ts13,M0007
2005-12-01 13:00:00,33.4,ts13,M0007
2005-12-02 13:00:00,33.1,ts13,M0007
2005-12-09 13:00:00,33.6,ts13,M0007
2006-01-01 13:00:00,33.4,ts13,M0007
2006-02-14 13:00:00,33.3,ts13,M0007
2006-09-23 13:00:00,33.4,ts13,M0007
2006-09-28 13:00:00,33.2,ts13,M0007
2006-09-29 13:00:00,33.7,ts13,M0007
2006-10-09 13:00:00,33.4,ts13,M0007
2006-10-25 13:00:00,34.7,ts13,M0007
2006-11-04 13:00:00,33.3,ts13,M0007
2006-11-22 13:00:00,33.2,ts13,M0007
2007-02-02 13:00:00,33.2,ts13,M0007
2007-02-05 13:00:00,33.4,ts13,M0007
2007-02-07 13:00:00,35.0,ts13,M0007
2007-02-08 13:00:00,35.2,ts13,M0007
2007-02-09 13:00:00,34.8,ts13,M0007
2007-02-13 13:00:00,33.3,ts13,M0007
2007-02-14 13:00:00,34.5,ts13,M0007
2007-02-15 13:00:00,33.7,ts13,M0007
2007-02-16 13:00:00,34.7,ts13,M0007
2007-02-17 13:00:00,33.2,ts13,M0007
2007-02-19 13:00:00,35.4,ts13,M0007
2007-02-20 13:00:00,33.8,ts13,M0007
2007-02-21 13:00:00,34.8,ts13,M0007
2007-02-22 13:00:00,34.8,ts13,M0007
2007-02-23 13:00:00,34.3,ts13,M0007
2007-10-11 13:00:00,33.1,ts13,M0007
2007-10-12 13:00:00,33.6,ts13,M0007
2007-12-04 13:00:00,33.2,ts13,M0007
2007-12-05 13:00:00,33.8,ts13,M0007
2008-11-06 13:00:00,33.8,ts13,M0007
2008-12-30 13:00:00,33.2,ts13,M0007
2009-10-13 13:00:00,33.2,ts13,M0007
2009-10-20 13:00:00,33.8,ts13,M0007
2009-10-21 13:00:00,33.6,ts13,M0007
2009-11-04 13:00:00,33.7,ts13,M0007
2009-11-05 13:00:00,33.1,ts13,M0007
2009-11-06 13:00:00,33.7,ts13,M0007
2009-11-07 13:00:00,34.2,ts13,M0007
2009-11-10 13:00:00,33.2,ts13,M0007
2009-11-16 13:00:00,35.4,ts13,M0007
2010-01-13 13:00:00,33.6,ts13,M0007
2010-03-12 13:00:00,33.2,ts13,M0007
2010-03-23 13:00:00,34.0,ts13,M0007
2010-03-24 13:00:00,33.8,ts13,M0007
2010-05-24 13:00:00,33.4,ts13,M0007
2010-09-25 13:00:00,33.8,ts13,M0007
2010-09-26 13:00:00,34.3,ts13,M0007
2010-09-27 13:00:00,33.2,ts13,M0007
2010-09-29 13:00:00,33.2,ts13,M0007
2010-09-30 13:00:00,34.0,ts13,M0007
2010-10-01 13:00:00,35.4,ts13,M0007
2010-10-06 13:00:00,33.5,ts13,M0007
2010-10-07 13:00:00,34.0,ts13,M0007
2010-10-22 13:00:00,33.2,ts13,M0007
2010-10-24 13:00:00,34.2,ts13,M0007
2011-01-21 13:00:00,33.6,ts13,M0007
2011-01-24 13:00:00,33.4,ts13,M0007
2011-01-26 13:00:00,33.6,ts13,M0007
2011-03-15 13:00:00,33.2,ts13,M0007
2011-10-10 13:00:00,33.8,ts13,M0007
2011-10-13 13:00:00,33.4,ts13,M0007
2011-10-14 13:00:00,33.8,ts13,M0007
2011-10-25 13:00:00,33.8,ts13,M0007
2011-10-26 13:00:00,34.0,ts13,M0007
2012-01-24 13:00:00,33.4,ts13,M0007
2012-08-21 13:00:00,33.2,ts13,M0007
2012-09-19 13:00:00,33.3,ts13,M0007
2012-10-10 13:00:00,33.2,ts13,M0007
2012-10-15 13:00:00,33.6,ts13,M0007
2012-11-28 13:00:00,33.4,ts13,M0007
2012-11-29 13:00:00,33.4,ts13,M0007
2012-11-30 13:00:00,33.4,ts13,M0007
2012-12-04 13:00:00,34.0,ts13,M0007
2012-12-12 13:00:00,33.4,ts13,M0007
2013-01-14 13:00:00,33.8,ts13,M0007
2013-01-16 13:00:00,33.4,ts13,M0007
2013-01-17 13:00:00,33.4,ts13,M0007
2013-09-02 13:00:00,33.6,ts13,M0007
2013-09-03 13:00:00,34.0,ts13,M0007
2013-09-13 13:00:00,34.0,ts13,M0007
2013-12-23 13:00:00,33.2,ts13,M0007
2013-12-24 13:00:00,34.2,ts13,M0007
2013-12-25 13:00:00,33.2,ts13,M0007
2014-01-23 13:00:00,33.4,ts13,M0007
2014-03-30 13:00:00,33.4,ts13,M0007
2014-03-31 13:00:00,34.0,ts13,M0007
2014-09-01 13:00:00,33.8,ts13,M0007
2014-09-03 13:00:00,33.4,ts13,M0007
2014-09-24 13:00:00,33.2,ts13,M0007
2014-09-25 13:00:00,33.4,ts13,M0007
2014-09-26 13:00:00,33.4,ts13,M0007
2014-09-29 13:00:00,33.4,ts13,M0007
2014-10-01 13:00:00,33.4,ts13,M0007
2014-10-24 13:00:00,33.8,ts13,M0007
2014-10-25 13:00:00,33.8,ts13,M0007
2014-10-30 13:00:00,33.2,ts13,M0007
2014-11-04 13:00:00,33.2,ts13,M0007
2014-11-13 13:00:00,33.2,ts13,M0007
2014-11-19 13:00:00,33.2,ts13,M0007
2014-11-20 13:00:00,33.4,ts13,M0007
2014-12-07 13:00:00,33.6,ts13,M0007
2014-12-08 13:00:00,33.2,ts13,M0007
2014-12-16 13:00:00,33.2,ts13,M0007
2014-12-19 13:00:00,33.6,ts13,M0007
2014-12-20 13:00:00,33.4,ts13,M0007
2014-12-21 13:00:00,33.2,ts13,M0007
2014-12-22 13:00:00,33.6,ts13,M0007
2015-02-19 13:00:00,33.6,ts13,M0007
2015-02-20 13:00:00,33.9,ts13,M0007
2015-02-21 13:00:00,33.2,ts13,M0007
2015-02-22 13:00:00,33.6,ts13,M0007
2015-08-24 13:00:00,33.4,ts13,M0007
2015-09-04 13:00:00,33.6,ts13,M0007
2015-09-08 13:00:00,33.6,ts13,M0007
2015-09-09 13:00:00,34.1,ts13,M0007
2015-09-12 13:00:00,34.4,ts13,M0007
2015-09-13 13:00:00,33.2,ts13,M0007
2015-09-14 13:00:00,35.2,ts13,M0007
2015-09-17 13:00:00,33.2,ts13,M0007
2015-09-22 13:00:00,33.2,ts13,M0007
2015-09-24 13:00:00,34.4,ts13,M0007
2015-09-26 13:00:00,33.6,ts13,M0007
2015-09-28 13:00:00,33.6,ts13,M0007
2015-09-29 13:00:00,34.4,ts13,M0007
2015-09-30 13:00:00,34.0,ts13,M0007
2015-10-07 13:00:00,34.0,ts13,M0007
2015-10-08 13:00:00,33.2,ts13,M0007
2015-10-20 13:00:00,33.6,ts13,M0007
2015-10-21 13:00:00,34.2,ts13,M0007
2015-10-22 13:00:00,33.2,ts13,M0007
2015-10-23 13:00:00,33.4,ts13,M0007
2015-10-24 13:00:00,33.2,ts13,M0007
2015-10-29 13:00:00,33.4,ts13,M0007
2015-10-30 13:00:00,34.0,ts13,M0007
2015-11-01 13:00:00,34.3,ts13,M0007
2015-11-03 13:00:00,33.2,ts13,M0007
2015-11-19 13:00:00,34.4,ts13,M0007
2015-11-20 13:00:00,34.0,ts13,M0007
2015-11-21 13:00:00,33.8,ts13,M0007
2015-11-26 13:00:00,33.2,ts13,M0007
2015-11-28 13:00:00,34.2,ts13,M0007
2015-11-29 13:00:00,33.8,ts13,M0007
2015-12-05 13:00:00,33.5,ts13,M0007
2015-12-12 13:00:00,33.6,ts13,M0007
2016-01-05 13:00:00,34.3,ts13,M0007
2016-01-08 13:00:00,34.6,ts13,M0007
2016-01-09 13:00:00,34.2,ts13,M0007
2016-01-10 13:00:00,33.9,ts13,M0007
2016-01-12 13:00:00,33.1,ts13,M0007
2016-01-13 13:00:00,34.0,ts13,M0007
2016-01-14 13:00:00,34.2,ts13,M0007
2016-01-15 13:00:00,35.2,ts13,M0007
2016-01-16 13:00:00,35.5,ts13,M0007
2016-01-17 13:00:00,34.8,ts13,M0007
2016-01-18 13:00:00,34.2,ts13,M0007
2016-01-19 13:00:00,34.4,ts13,M0007
2016-01-25 13:00:00,33.2,ts13,M0007
2016-01-26 13:00:00,35.4,ts13,M0007
2016-01-27 13:00:00,35.4,ts13,M0007
2016-01-28 13:00:00,33.4,ts13,M0007
2016-01-29 13:00:00,33.3,ts13,M0007
2016-01-30 13:00:00,34.3,ts13,M0007
2016-01-31 13:00:00,34.0,ts13,M0007
2016-02-01 13:00:00,35.6,ts13,M0007
2016-03-06 13:00:00,33.4,ts13,M0007
2016-03-11 13:00:00,34.0,ts13,M0007
2016-03-25 13:00:00,33.8,ts13,M0007
2016-04-24 13:00:00,33.2,ts13,M0007
2016-04-25 13:00:00,33.6,ts13,M0007
2016-04-26 13:00:00,34.3,ts13,M0007
2016-08-15 13:00:00,33.2,ts13,M0007
2016-08-20 13:00:00,34.0,ts13,M0007
2016-09-09 13:00:00,33.2,ts13,M0007
2016-09-13 13:00:00,34.2,ts13,M0007
2016-09-16 13:00:00,33.7,ts13,M0007
2016-09-30 13:00:00,35.0,ts13,M0007
2016-10-06 13:00:00,34.3,ts13,M0007
2016-10-07 13:00:00,33.8,ts13,M0007
2016-10-13 13:00:00,33.8,ts13,M0007
2016-10-17 13:00:00,35.2,ts13,M0007
2016-10-19 13:00:00,35.0,ts13,M0007
2016-10-26 13:00:00,34.2,ts13,M0007
2016-10-27 13:00:00,34.3,ts13,M0007
2016-10-31 13:00:00,34.2,ts13,M0007
2016-11-01 13:00:00,35.4,ts13,M0007
2016-11-02 13:00:00,35.4,ts13,M0007
2016-11-07 13:00:00,33.2,ts13,M0007
2016-11-08 13:00:00,35.6,ts13,M0007
2016-11-15 13:00:00,34.2,ts13,M0007
2016-11-16 13:00:00,35.0,ts13,M0007
2016-11-17 13:00:00,35.4,ts13,M0007
2016-11-18 13:00:00,34.0,ts13,M0007
2016-11-21 13:00:00,33.8,ts13,M0007
2016-11-22 13:00:00,34.8,ts13,M0007
2016-12-21 13:00:00,33.6,ts13,M0007
2017-01-18 13:00:00,34.4,ts13,M0007
2017-01-19 13:00:00,34.6,ts13,M0007
2017-01-20 13:00:00,34.3,ts13,M0007
2017-01-23 13:00:00,33.6,ts13,M0007
2017-01-24 13:00:00,33.8,ts13,M0007
2017-02-13 13:00:00,33.4,ts13,M0007
2017-03-01 13:00:00,33.3,ts13,M0007
2017-03-17 13:00:00,33.8,ts13,M0007
2017-08-14 13:00:00,34.0,ts13,M0007
2017-08-17 13:00:00,33.2,ts13,M0007
2017-08-18 13:00:00,33.4,ts13,M0007
2017-08-31 13:00:00,33.2,ts13,M0007
2017-09-04 13:00:00,34.2,ts13,M0007
2017-09-05 13:00:00,33.5,ts13,M0007
2017-09-10 13:00:00,33.1,ts13,M0007
2017-09-21 13:00:00,34.0,ts13,M0007
2017-10-02 13:00:00,34.6,ts13,M0007
2017-10-09 13:00:00,34.8,ts13,M0007
2017-10-13 13:00:00,33.2,ts13,M0007
2017-10-19 13:00:00,33.2,ts13,M0007
2017-12-02 13:00:00,34.6,ts13,M0007
2017-12-10 13:00:00,34.2,ts13,M0007
2017-12-11 13:00:00,34.4,ts13,M0007
2017-12-14 13:00:00,33.4,ts13,M0007
2017-12-15 13:00:00,33.3,ts13,M0007
2017-12-17 13:00:00,33.8,ts13,M0007
2017-12-18 13:00:00,34.1,ts13,M0007
2017-12-25 13:00:00,33.6,ts13,M0007
2017-12-26 13:00:00,33.2,ts13,M0007
2018-01-30 13:00:00,33.5,ts13,M0007
2018-02-02 13:00:00,33.4,ts13,M0007
2018-02-04 13:00:00,33.8,ts13,M0007
2018-02-05 13:00:00,33.8,ts13,M0007
2018-02-07 13:00:00,34.2,ts13,M0007
2018-02-08 13:00:00,34.0,ts13,M0007
2018-02-09 13:00:00,34.2,ts13,M0007
2018-02-10 13:00:00,34.4,ts13,M0007
2018-02-11 13:00:00,35.0,ts13,M0007
2018-02-13 13:00:00,33.2,ts13,M0007
2018-02-21 13:00:00,33.3,ts13,M0007
2018-02-22 13:00:00,34.0,ts13,M0007
2018-02-25 13:00:00,34.2,ts13,M0007
2018-09-13 13:00:00,33.6,ts13,M0007
2018-09-17 13:00:00,33.1,ts13,M0007
2018-09-20 13:00:00,34.0,ts13,M0007
2018-09-24 13:00:00,33.8,ts13,M0007
2018-09-28 13:00:00,33.4,ts13,M0007
2018-09-29 13:00:00,33.6,ts13,M0007
2018-10-17 13:00:00,33.8,ts13,M0007
2018-10-18 13:00:00,34.0,ts13,M0007
2018-10-19 13:00:00,33.2,ts13,M0007
2018-10-29 13:00:00,33.6,ts13,M0007
2018-11-12 13:00:00,33.2,ts13,M0007
2018-11-13 13:00:00,33.2,ts13,M0007
2018-11-23 13:00:00,33.2,ts13,M0007
2018-11-29 13:00:00,33.2,ts13,M0007
2018-12-02 13:00:00,33.6,ts13,M0007
2018-12-03 13:00:00,33.4,ts13,M0007
2018-12-05 13:00:00,33.2,ts13,M0007
2018-12-06 13:00:00,33.6,ts13,M0007
2019-02-27 13:00:00,33.2,ts13,M0007
2019-03-04 13:00:00,33.5,ts13,M0007
2019-03-26 13:00:00,33.6,ts13,M0007
2019-04-05 13:00:00,33.6,ts13,M0007
2019-04-10 13:00:00,33.1,ts13,M0007
2019-09-08 13:00:00,33.6,ts13,M0007
2019-09-19 13:00:00,33.8,ts13,M0007
2019-09-26 13:00:00,34.0,ts13,M0007
2019-11-14 13:00:00,33.3,ts13,M0007
2019-11-22 13:00:00,33.8,ts13,M0007
2019-12-08 13:00:00,33.2,ts13,M0007
2020-01-01 13:00:00,33.3,ts13,M0007
2020-01-03 13:00:00,33.6,ts13,M0007
2020-01-05 13:00:00,33.8,ts13,M0007
2020-01-06 13:00:00,34.2,ts13,M0007
2020-01-07 13:00:00,34.2,ts13,M0007
2020-01-08 13:00:00,35.4,ts13,M0007
2020-01-14 13:00:00,33.3,ts13,M0007
2020-01-22 13:00:00,34.6,ts13,M0007
2020-01-23 13:00:00,35.0,ts13,M0007
2020-01-27 13:00:00,34.0,ts13,M0007
2020-01-28 13:00:00,34.6,ts13,M0007
2020-01-29 13:00:00,35.0,ts13,M0007
2020-01-30 13:00:00,33.2,ts13,M0007
2020-02-05 13:00:00,33.6,ts13,M0007
2020-02-06 13:00:00,34.0,ts13,M0007
2020-02-09 13:00:00,34.1,ts13,M0007
2020-02-10 13:00:00,34.6,ts13,M0007
2020-02-21 13:00:00,33.4,ts13,M0007
2020-02-22 13:00:00,33.1,ts13,M0007
2020-03-12 13:00:00,33.8,ts13,M0007
2020-03-15 13:00:00,33.2,ts13,M0007
2020-03-21 13:00:00,33.4,ts13,M0007
2020-03-23 13:00:00,33.1,ts13,M0007
2020-04-24 13:00:00,33.6,ts13,M0007
2020-08-17 13:00:00,33.2,ts13,M0007
2020-08-18 13:00:00,33.2,ts13,M0007
2020-08-27 13:00:00,33.7,ts13,M0007
2020-09-07 13:00:00,33.6,ts13,M0007
2020-09-08 13:00:00,33.2,ts13,M0007
2020-09-27 13:00:00,33.2,ts13,M0007
2020-10-10 13:00:00,35.0,ts13,M0007
2020-10-11 13:00:00,34.2,ts13,M0007
2020-10-12 13:00:00,34.0,ts13,M0007
2020-10-25 13:00:00,34.4,ts13,M0007
2020-10-27 13:00:00,33.9,ts13,M0007
2020-10-28 13:00:00,33.4,ts13,M0007
2020-10-29 13:00:00,33.2,ts13,M0007
2020-11-04 13:00:00,33.5,ts13,M0007
2020-11-09 13:00:00,33.4,ts13,M0007
2020-11-14 13:00:00,34.2,ts13,M0007
2020-11-18 13:00:00,33.8,ts13,M0007
2020-11-25 13:00:00,34.5,ts13,M0007
2021-01-17 13:00:00,33.8,ts13,M0007
2021-02-17 13:00:00,33.4,ts13,M0007
2021-08-08 13:00:00,33.1,ts13,M0007
2021-08-20 13:00:00,33.4,ts13,M0007
2021-08-23 13:00:00,33.2,ts13,M0007
2021-09-27 13:00:00,33.9,ts13,M0007
2021-09-28 13:00:00,33.6,ts13,M0007
2021-10-02 13:00:00,34.0,ts13,M0007
2021-10-13 13:00:00,34.4,ts13,M0007
2021-10-14 13:00:00,35.6,ts13,M0007
2021-10-18 13:00:00,33.8,ts13,M0007
2021-10-25 13:00:00,34.5,ts13,M0007
2021-11-12 13:00:00,33.6,ts13,M0007
2021-11-15 13:00:00,33.1,ts13,M0007
2021-11-16 13:00:00,35.2,ts13,M0007
2021-11-17 13:00:00,34.2,ts13,M0007
2021-11-18 13:00:00,34.3,ts13,M0007
2021-11-19 13:00:00,33.6,ts13,M0007
2021-12-02 13:00:00,33.5,ts13,M0007
2021-12-10 13:00:00,33.2,ts13,M0007
2021-12-13 13:00:00,34.3,ts13,M0007
2021-12-14 13:00:00,33.2,ts13,M0007
2022-01-03 13:00:00,34.8,ts13,M0007
2022-01-04 13:00:00,34.0,ts13,M0007
2022-01-05 13:00:00,33.6,ts13,M0007
2022-01-06 13:00:00,34.9,ts13,M0007
2022-01-07 13:00:00,35.2,ts13,M0007
2022-01-10 13:00:00,33.5,ts13,M0007
2022-01-11 13:00:00,34.0,ts13,M0007
2022-01-12 13:00:00,34.7,ts13,M0007
2022-02-02 13:00:00,33.6,ts13,M0007
2022-02-21 13:00:00,33.3,ts13,M0007
2022-02-22 13:00:00,34.2,ts13,M0007
2022-09-12 13:00:00,33.9,ts13,M0007
2022-09-13 13:00:00,34.0,ts13,M0007
2022-09-14 13:00:00,34.6,ts13,M0007
2022-09-15 13:00:00,33.4,ts13,M0007
2022-09-19 13:00:00,34.2,ts13,M0007
2022-09-20 13:00:00,33.2,ts13,M0007
2022-09-21 13:00:00,33.6,ts13,M0007
2022-09-22 13:00:00,35.2,ts13,M0007
2022-09-23 13:00:00,35.6,ts13,M0007
2022-09-26 13:00:00,35.5,ts13,M0007
2022-09-27 13:00:00,36.6,ts13,M0007
2022-09-28 13:00:00,35.0,ts13,M0007
2022-10-04 13:00:00,34.6,ts13,M0007
2022-10-05 13:00:00,34.8,ts13,M0007
2022-10-06 13:00:00,35.6,ts13,M0007
2022-10-11 13:00:00,33.9,ts13,M0007
2022-10-12 13:00:00,33.2,ts13,M0007
2022-10-13 13:00:00,33.4,ts13,M0007
2022-10-14 13:00:00,34.4,ts13,M0007
2022-10-25 13:00:00,33.6,ts13,M0007
2022-10-26 13:00:00,34.4,ts13,M0007
2022-10-27 13:00:00,34.6,ts13,M0007
1983-01-28 13:00:00,33.2,ts13,M0026
2003-03-22 13:00:00,33.6,ts13,M0026
2005-06-25 13:00:00,34.5,ts13,M0026
1977-12-24 13:00:00,33.4,ts13,M0037
1979-11-28 13:00:00,33.7,ts13,M0037
1979-12-01 13:00:00,35.2,ts13,M0037
1980-01-07 13:00:00,33.4,ts13,M0037
1980-01-09 13:00:00,34.3,ts13,M0037
1980-01-10 13:00:00,33.6,ts13,M0037
1980-01-26 13:00:00,33.7,ts13,M0037
1981-04-01 13:00:00,34.1,ts13,M0037
1982-08-28 13:00:00,33.6,ts13,M0037
1983-01-28 13:00:00,33.4,ts13,M0037
1983-02-15 13:00:00,33.2,ts13,M0037
1983-04-23 13:00:00,33.2,ts13,M0037
1983-05-08 13:00:00,33.5,ts13,M0037
1983-05-22 13:00:00,33.8,ts13,M0037
1984-12-15 13:00:00,33.8,ts13,M0037
1985-11-19 13:00:00,33.2,ts13,M0037
1986-12-14 13:00:00,33.6,ts13,M0037
1987-10-09 13:00:00,33.7,ts13,M0037
1987-10-10 13:00:00,34.0,ts13,M0037
1987-11-08 13:00:00,33.3,ts13,M0037
1987-12-12 13:00:00,33.1,ts13,M0037
1987-12-20 13:00:00,34.0,ts13,M0037
1988-03-31 13:00:00,33.6,ts13,M0037
1991-01-28 13:00:00,33.4,ts13,M0037
1991-04-15 13:00:00,33.2,ts13,M0037
1992-04-03 13:00:00,33.8,ts13,M0037
2010-01-06 13:00:00,34.0,ts13,M0037
2016-03-29 13:00:00,33.2,ts13,M0037
2016-04-19 13:00:00,33.2,ts13,M0037
2017-01-03 13:00:00,33.3,ts13,M0037
2018-04-22 13:00:00,33.1,ts13,M0037
2019-12-28 13:00:00,33.2,ts13,M0037
2020-04-02 13:00:00,35.5,ts13,M0037
1972-03-12 13:00:00,33.1,ts13,M0056
1972-12-07 13:00:00,33.1,ts13,M0056
1972-12-13 13:00:00,33.2,ts13,M0056
1972-12-25 13:00:00,33.8,ts13,M0056
1985-03-28 13:00:00,33.2,ts13,M0056
1985-04-13 13:00:00,33.2,ts13,M0056
1986-03-20 13:00:00,33.6,ts13,M0056
1986-12-14 13:00:00,33.6,ts13,M0056
1987-12-14 13:00:00,33.1,ts13,M0056
1987-12-23 13:00:00,34.0,ts13,M0056
1987-12-26 13:00:00,34.3,ts13,M0056
1988-01-01 13:00:00,33.2,ts13,M0056
1988-01-09 13:00:00,33.4,ts13,M0056
1988-01-11 13:00:00,35.0,ts13,M0056
1988-03-22 13:00:00,34.0,ts13,M0056
1988-03-31 13:00:00,33.4,ts13,M0056
1988-04-02 13:00:00,33.4,ts13,M0056
1988-04-22 13:00:00,33.7,ts13,M0056
1988-05-01 13:00:00,33.6,ts13,M0056
1988-12-13 13:00:00,33.2,ts13,M0056
1988-12-26 13:00:00,33.1,ts13,M0056
1982-06-26 13:00:00,33.9,ts13,M0058
1982-11-02 13:00:00,33.9,ts13,M0058
1987-12-14 13:00:00,33.5,ts13,M0074
2004-03-23 13:00:00,33.2,ts13,M0221
2016-03-24 13:00:00,33.5,ts13,M0221
2016-04-05 13:00:00,33.2,ts13,M0221
1992-04-14 13:00:00,33.1,ts13,M1096
1992-12-19 13:00:00,33.3,ts13,M1096
1992-12-27 13:00:00,33.8,ts13,M1096
1992-12-29 13:00:00,33.2,ts13,M1096
1992-12-30 13:00:00,33.8,ts13,M1096
1993-12-07 13:00:00,33.1,ts13,M1096
1993-12-08 13:00:00,33.3,ts13,M1096
1993-12-16 13:00:00,33.2,ts13,M1096
1994-12-12 13:00:00,33.2,ts13,M1096
1994-12-15 13:00:00,33.4,ts13,M1096
1994-12-18 13:00:00,33.3,ts13,M1096
1995-01-14 13:00:00,33.3,ts13,M1096
1995-03-08 13:00:00,33.8,ts13,M1096
1995-03-14 13:00:00,33.2,ts13,M1096
1995-03-15 13:00:00,33.4,ts13,M1096
1995-04-05 13:00:00,33.6,ts13,M1096
1995-04-28 13:00:00,33.8,ts13,M1096
1995-05-07 13:00:00,33.4,ts13,M1096
1995-05-13 13:00:00,33.2,ts13,M1096
1995-05-17 13:00:00,33.2,ts13,M1096
1995-05-19 13:00:00,33.1,ts13,M1096
1995-12-09 13:00:00,33.3,ts13,M1096
1995-12-10 13:00:00,33.5,ts13,M1096
1995-12-23 13:00:00,33.2,ts13,M1096
1996-01-06 13:00:00,33.3,ts13,M1096
1996-01-10 13:00:00,33.9,ts13,M1096
1996-12-23 13:00:00,33.1,ts13,M1096
1997-05-29 13:00:00,33.2,ts13,M1096
1997-09-05 13:00:00,33.2,ts13,M1096
1997-09-16 13:00:00,33.3,ts13,M1096
1997-09-24 13:00:00,33.8,ts13,M1096
1997-09-25 13:00:00,33.9,ts13,M1096
1999-03-30 13:00:00,33.2,ts13,M1096
1999-11-06 13:00:00,33.8,ts13,M1096
1999-11-23 13:00:00,33.1,ts13,M1096
2000-01-22 13:00:00,33.2,ts13,M1096
2000-01-23 13:00:00,33.6,ts13,M1096
2000-12-09 13:00:00,33.1,ts13,M1096
2001-01-04 13:00:00,33.5,ts13,M1096
2002-01-02 13:00:00,33.2,ts13,M1096
2002-01-07 13:00:00,33.3,ts13,M1096
2002-01-10 13:00:00,33.4,ts13,M1096
2002-01-13 13:00:00,33.2,ts13,M1096
2002-01-14 13:00:00,33.4,ts13,M1096
2002-01-22 13:00:00,33.5,ts13,M1096
2002-01-25 13:00:00,33.2,ts13,M1096
2002-11-30 13:00:00,33.6,ts13,M1096
2003-04-03 13:00:00,33.1,ts13,M1096
2003-04-07 13:00:00,33.6,ts13,M1096
2003-04-08 13:00:00,34.1,ts13,M1096
2003-12-12 13:00:00,35.1,ts13,M1096
2003-12-31 13:00:00,33.4,ts13,M1096
2004-01-03 13:00:00,33.8,ts13,M1096
2004-01-16 13:00:00,33.5,ts13,M1096
2004-02-02 13:00:00,33.6,ts13,M1096
2004-12-06 13:00:00,33.9,ts13,M1096
2004-12-11 13:00:00,33.2,ts13,M1096
2004-12-21 13:00:00,33.4,ts13,M1096
2004-12-24 13:00:00,33.3,ts13,M1096
2004-12-25 13:00:00,33.5,ts13,M1096
2004-12-26 13:00:00,33.1,ts13,M1096
2005-01-05 13:00:00,33.2,ts13,M1096
2005-01-09 13:00:00,33.8,ts13,M1096
2005-01-13 13:00:00,33.2,ts13,M1096
2005-01-20 13:00:00,34.6,ts13,M1096
2005-01-21 13:00:00,33.5,ts13,M1096
2005-01-23 13:00:00,33.8,ts13,M1096
2005-01-30 13:00:00,33.3,ts13,M1096
2006-01-01 13:00:00,33.9,ts13,M1096
2006-01-13 13:00:00,33.4,ts13,M1096
2006-01-22 13:00:00,33.5,ts13,M1096
2006-01-25 13:00:00,33.2,ts13,M1096
2006-04-23 13:00:00,33.3,ts13,M1096
2006-12-08 13:00:00,33.2,ts13,M1096
2006-12-10 13:00:00,33.7,ts13,M1096
2006-12-19 13:00:00,33.5,ts13,M1096
2007-01-04 13:00:00,33.2,ts13,M1096
2008-04-17 13:00:00,35.1,ts13,M1096
2008-10-28 13:00:00,33.5,ts13,M1096
2008-12-09 13:00:00,33.2,ts13,M1096
2008-12-10 13:00:00,33.3,ts13,M1096
2009-01-04 13:00:00,33.2,ts13,M1096
2009-01-05 13:00:00,33.4,ts13,M1096
2009-01-06 13:00:00,33.4,ts13,M1096
2009-03-07 13:00:00,33.3,ts13,M1096
2009-03-28 13:00:00,33.3,ts13,M1096
2009-04-14 13:00:00,33.1,ts13,M1096
2009-12-10 13:00:00,33.7,ts13,M1096
2010-01-01 13:00:00,33.1,ts13,M1096
2010-01-04 13:00:00,33.4,ts13,M1096
2010-01-06 13:00:00,35.7,ts13,M1096
2010-04-01 13:00:00,33.8,ts13,M1096
2010-04-16 13:00:00,34.3,ts13,M1096
2011-11-29 13:00:00,33.5,ts13,M1096
2011-12-07 13:00:00,33.2,ts13,M1096
2011-12-12 13:00:00,33.2,ts13,M1096
2011-12-17 13:00:00,33.7,ts13,M1096
2011-12-23 13:00:00,33.2,ts13,M1096
2011-12-24 13:00:00,33.1,ts13,M1096
2011-12-26 13:00:00,34.2,ts13,M1096
2012-05-03 13:00:00,33.1,ts13,M1096
2012-06-02 13:00:00,33.1,ts13,M1096
2012-06-16 13:00:00,33.6,ts13,M1096
2012-12-14 13:00:00,33.2,ts13,M1096
2012-12-25 13:00:00,33.1,ts13,M1096
2012-12-29 13:00:00,33.2,ts13,M1096
2013-03-20 13:00:00,33.8,ts13,M1096
2013-04-06 13:00:00,33.6,ts13,M1096
2013-12-14 13:00:00,33.1,ts13,M1096
2013-12-15 13:00:00,33.7,ts13,M1096
2013-12-22 13:00:00,33.2,ts13,M1096
2013-12-28 13:00:00,33.4,ts13,M1096
2013-12-29 13:00:00,33.1,ts13,M1096
2014-01-01 13:00:00,33.5,ts13,M1096
2014-03-17 13:00:00,33.4,ts13,M1096
2014-03-22 13:00:00,33.2,ts13,M1096
2014-04-17 13:00:00,33.7,ts13,M1096
2014-04-27 13:00:00,33.4,ts13,M1096
2014-12-06 13:00:00,33.1,ts13,M1096
2014-12-25 13:00:00,34.0,ts13,M1096
2014-12-30 13:00:00,33.1,ts13,M1096
2015-01-14 13:00:00,34.7,ts13,M1096
2015-01-17 13:00:00,33.1,ts13,M1096
2015-03-02 13:00:00,33.8,ts13,M1096
2015-04-06 13:00:00,33.3,ts13,M1096
2015-05-11 13:00:00,33.4,ts13,M1096
2015-05-18 13:00:00,33.2,ts13,M1096
2015-07-01 13:00:00,33.3,ts13,M1096
2015-07-03 13:00:00,33.2,ts13,M1096
2015-07-16 13:00:00,33.1,ts13,M1096
2015-10-29 13:00:00,33.6,ts13,M1096
2002-05-04 13:00:00,33.8,ts13,M1208
2002-09-28 13:00:00,33.6,ts13,M1208
2002-11-15 13:00:00,33.4,ts13,M1208
2002-11-17 13:00:00,33.6,ts13,M1208
2002-12-03 13:00:00,34.0,ts13,M1208
2003-01-04 13:00:00,33.2,ts13,M1208
2003-04-08 13:00:00,33.4,ts13,M1208
2003-10-25 13:00:00,33.2,ts13,M1208
2003-11-28 13:00:00,33.2,ts13,M1208
2003-11-29 13:00:00,33.8,ts13,M1208
2003-12-04 13:00:00,33.4,ts13,M1208
2003-12-10 13:00:00,33.4,ts13,M1208
2003-12-11 13:00:00,33.2,ts13,M1208
2003-12-12 13:00:00,33.2,ts13,M1208
2004-01-03 13:00:00,33.2,ts13,M1208
2004-02-03 13:00:00,33.8,ts13,M1208
2004-04-04 13:00:00,33.2,ts13,M1208
2004-08-31 13:00:00,33.2,ts13,M1208
2004-10-28 13:00:00,33.6,ts13,M1208
2004-11-08 13:00:00,34.0,ts13,M1208
2004-11-20 13:00:00,33.6,ts13,M1208
2004-11-22 13:00:00,33.4,ts13,M1208
2004-11-26 13:00:00,33.8,ts13,M1208
2004-12-06 13:00:00,34.4,ts13,M1208
2004-12-07 13:00:00,34.4,ts13,M1208
2004-12-10 13:00:00,33.6,ts13,M1208
2004-12-22 13:00:00,33.6,ts13,M1208
2004-12-24 13:00:00,35.0,ts13,M1208
2004-12-25 13:00:00,34.6,ts13,M1208
2004-12-27 13:00:00,33.6,ts13,M1208
2004-12-28 13:00:00,33.6,ts13,M1208
2004-12-31 13:00:00,33.8,ts13,M1208
2005-01-01 13:00:00,33.4,ts13,M1208
2005-01-09 13:00:00,34.2,ts13,M1208
2005-01-13 13:00:00,33.4,ts13,M1208
2005-01-20 13:00:00,33.8,ts13,M1208
2005-01-30 13:00:00,33.6,ts13,M1208
2005-09-10 13:00:00,33.4,ts13,M1208
2005-12-15 13:00:00,33.2,ts13,M1208
2006-08-24 13:00:00,33.6,ts13,M1208
2006-08-30 13:00:00,34.2,ts13,M1208
2006-09-07 13:00:00,33.6,ts13,M1208
2006-09-20 13:00:00,35.2,ts13,M1208
2006-10-14 13:00:00,33.6,ts13,M1208
2006-10-15 13:00:00,33.2,ts13,M1208
2006-10-27 13:00:00,33.6,ts13,M1208
2006-11-19 13:00:00,33.2,ts13,M1208
2006-12-03 13:00:00,33.4,ts13,M1208
2006-12-09 13:00:00,33.2,ts13,M1208
2006-12-17 13:00:00,33.2,ts13,M1208
2006-12-19 13:00:00,34.0,ts13,M1208
2007-04-04 13:00:00,33.8,ts13,M1208
2007-09-24 13:00:00,33.3,ts13,M1208
2007-11-16 13:00:00,33.6,ts13,M1208
2007-11-22 13:00:00,33.4,ts13,M1208
2007-11-27 13:00:00,34.2,ts13,M1208
2008-04-20 13:00:00,33.4,ts13,M1208
2008-10-31 13:00:00,33.2,ts13,M1208
2008-11-12 13:00:00,33.4,ts13,M1208
2008-11-13 13:00:00,34.0,ts13,M1208
2008-11-23 13:00:00,34.0,ts13,M1208
2008-11-27 13:00:00,34.0,ts13,M1208
2008-11-29 13:00:00,35.4,ts13,M1208
2008-12-01 13:00:00,33.4,ts13,M1208
2008-12-10 13:00:00,33.8,ts13,M1208
2009-01-04 13:00:00,33.2,ts13,M1208
2009-01-05 13:00:00,34.8,ts13,M1208
2009-01-06 13:00:00,35.2,ts13,M1208
2009-03-27 13:00:00,33.2,ts13,M1208
2009-03-28 13:00:00,33.4,ts13,M1208
2009-04-10 13:00:00,33.4,ts13,M1208
2009-04-14 13:00:00,33.2,ts13,M1208
2009-04-16 13:00:00,33.8,ts13,M1208
2009-06-23 13:00:00,33.2,ts13,M1208
2009-08-03 13:00:00,33.6,ts13,M1208
2009-08-04 13:00:00,33.2,ts13,M1208
2009-08-23 13:00:00,33.2,ts13,M1208
2009-08-28 13:00:00,34.8,ts13,M1208
2009-09-15 13:00:00,34.6,ts13,M1208
2009-09-30 13:00:00,33.6,ts13,M1208
2009-10-01 13:00:00,34.4,ts13,M1208
2009-10-02 13:00:00,33.6,ts13,M1208
2009-10-07 13:00:00,33.8,ts13,M1208
2009-10-09 13:00:00,33.6,ts13,M1208
2009-10-11 13:00:00,34.0,ts13,M1208
2009-10-13 13:00:00,33.8,ts13,M1208
2009-11-19 13:00:00,34.8,ts13,M1208
2009-11-21 13:00:00,33.6,ts13,M1208
2009-11-22 13:00:00,34.6,ts13,M1208
2009-11-23 13:00:00,35.6,ts13,M1208
2009-11-25 13:00:00,34.6,ts13,M1208
2009-11-28 13:00:00,35.6,ts13,M1208
2009-12-02 13:00:00,35.4,ts13,M1208
2009-12-03 13:00:00,33.8,ts13,M1208
2009-12-06 13:00:00,33.6,ts13,M1208
2009-12-22 13:00:00,33.4,ts13,M1208
2009-12-24 13:00:00,33.5,ts13,M1208
2009-12-27 13:00:00,34.0,ts13,M1208
2009-12-30 13:00:00,34.0,ts13,M1208
2010-01-01 13:00:00,34.6,ts13,M1208
2010-01-04 13:00:00,34.4,ts13,M1208
2010-01-06 13:00:00,34.4,ts13,M1208
2010-02-27 13:00:00,33.2,ts13,M1208
2010-03-14 13:00:00,33.6,ts13,M1208
2010-03-19 13:00:00,33.2,ts13,M1208
2010-03-24 13:00:00,33.2,ts13,M1208
2010-04-04 13:00:00,34.6,ts13,M1208
2010-04-16 13:00:00,34.8,ts13,M1208
2010-04-28 13:00:00,33.2,ts13,M1208
2010-05-23 13:00:00,34.0,ts13,M1208
2010-08-31 13:00:00,33.6,ts13,M1208
2010-10-02 13:00:00,35.0,ts13,M1208
2010-10-03 13:00:00,33.8,ts13,M1208
2011-03-01 13:00:00,33.2,ts13,M1208
2011-03-27 13:00:00,34.8,ts13,M1208
2011-05-06 13:00:00,33.4,ts13,M1208
2011-09-07 13:00:00,33.8,ts13,M1208
2011-09-11 13:00:00,34.2,ts13,M1208
2011-09-24 13:00:00,33.2,ts13,M1208
2011-09-26 13:00:00,33.8,ts13,M1208
2011-09-30 13:00:00,34.0,ts13,M1208
2011-10-03 13:00:00,33.6,ts13,M1208
2011-10-30 13:00:00,33.2,ts13,M1208
2011-11-02 13:00:00,33.2,ts13,M1208
2011-11-04 13:00:00,33.8,ts13,M1208
2011-11-18 13:00:00,34.0,ts13,M1208
2011-11-19 13:00:00,33.4,ts13,M1208
2011-11-27 13:00:00,33.2,ts13,M1208
2011-11-29 13:00:00,34.6,ts13,M1208
2011-12-03 13:00:00,33.2,ts13,M1208
2011-12-05 13:00:00,34.4,ts13,M1208
2011-12-06 13:00:00,33.4,ts13,M1208
2011-12-07 13:00:00,34.4,ts13,M1208
2011-12-08 13:00:00,33.8,ts13,M1208
2011-12-11 13:00:00,34.0,ts13,M1208
2011-12-16 13:00:00,33.4,ts13,M1208
2011-12-18 13:00:00,34.6,ts13,M1208
2011-12-19 13:00:00,33.8,ts13,M1208
2011-12-26 13:00:00,34.0,ts13,M1208
2012-03-27 13:00:00,33.2,ts13,M1208
2012-03-29 13:00:00,33.8,ts13,M1208
2012-04-17 13:00:00,33.2,ts13,M1208
2012-04-29 13:00:00,33.6,ts13,M1208
2012-10-05 13:00:00,35.0,ts13,M1208
2012-11-11 13:00:00,34.0,ts13,M1208
2012-11-14 13:00:00,33.4,ts13,M1208
2012-11-29 13:00:00,33.2,ts13,M1208
2012-12-12 13:00:00,34.0,ts13,M1208
2012-12-18 13:00:00,33.4,ts13,M1208
2012-12-25 13:00:00,33.6,ts13,M1208
2012-12-28 13:00:00,33.6,ts13,M1208
2012-12-29 13:00:00,33.2,ts13,M1208
2013-10-07 13:00:00,33.8,ts13,M1208
2013-11-29 13:00:00,33.8,ts13,M1208
2013-12-02 13:00:00,33.2,ts13,M1208
2013-12-06 13:00:00,34.6,ts13,M1208
2013-12-13 13:00:00,34.2,ts13,M1208
2013-12-17 13:00:00,34.0,ts13,M1208
2014-03-22 13:00:00,34.0,ts13,M1208
2014-09-19 13:00:00,33.4,ts13,M1208
2014-10-18 13:00:00,34.2,ts13,M1208
2014-11-09 13:00:00,33.8,ts13,M1208
2014-11-15 13:00:00,33.6,ts13,M1208
2014-12-04 13:00:00,34.0,ts13,M1208
2014-12-23 13:00:00,33.6,ts13,M1208
2014-12-25 13:00:00,33.6,ts13,M1208
2015-03-11 13:00:00,33.4,ts13,M1208
2015-05-09 13:00:00,33.6,ts13,M1208
2015-05-20 13:00:00,34.0,ts13,M1208
2015-07-01 13:00:00,33.2,ts13,M1208
2015-09-04 13:00:00,33.2,ts13,M1208
2015-09-06 13:00:00,33.6,ts13,M1208
2015-10-20 13:00:00,34.0,ts13,M1208
2015-10-23 13:00:00,33.8,ts13,M1208
2015-10-24 13:00:00,34.2,ts13,M1208
2016-03-21 13:00:00,33.4,ts13,M1208
2016-03-24 13:00:00,34.0,ts13,M1208
2016-03-26 13:00:00,34.0,ts13,M1208
2016-03-29 13:00:00,34.0,ts13,M1208
2016-04-04 13:00:00,33.2,ts13,M1208
2016-05-08 13:00:00,33.2,ts13,M1208
2016-05-21 13:00:00,33.6,ts13,M1208
2016-05-22 13:00:00,33.8,ts13,M1208
2016-05-26 13:00:00,33.2,ts13,M1208
2016-07-25 13:00:00,33.4,ts13,M1208
2016-08-14 13:00:00,33.2,ts13,M1208
2016-08-19 13:00:00,33.2,ts13,M1208
2016-08-23 13:00:00,33.2,ts13,M1208
2016-08-25 13:00:00,33.2,ts13,M1208
2016-08-26 13:00:00,33.2,ts13,M1208
2016-09-22 13:00:00,33.6,ts13,M1208
2016-10-02 13:00:00,33.6,ts13,M1208
2016-10-08 13:00:00,33.8,ts13,M1208
2016-10-11 13:00:00,33.4,ts13,M1208
2016-10-12 13:00:00,33.2,ts13,M1208
2016-10-20 13:00:00,33.4,ts13,M1208
2016-10-23 13:00:00,33.2,ts13,M1208
2016-11-08 13:00:00,33.4,ts13,M1208
2016-11-11 13:00:00,34.0,ts13,M1208
2016-11-21 13:00:00,33.4,ts13,M1208
2016-11-26 13:00:00,33.2,ts13,M1208
2016-11-27 13:00:00,33.6,ts13,M1208
2016-12-11 13:00:00,35.4,ts13,M1208
2016-12-23 13:00:00,33.8,ts13,M1208
2016-12-25 13:00:00,33.8,ts13,M1208
2016-12-26 13:00:00,34.8,ts13,M1208
2016-12-29 13:00:00,33.6,ts13,M1208
2017-01-03 13:00:00,35.8,ts13,M1208
2017-01-15 13:00:00,33.2,ts13,M1208
2017-01-22 13:00:00,33.2,ts13,M1208
2017-01-25 13:00:00,33.2,ts13,M1208
2017-02-07 13:00:00,33.2,ts13,M1208
2017-02-20 13:00:00,33.2,ts13,M1208
2017-02-23 13:00:00,33.4,ts13,M1208
2017-02-24 13:00:00,33.4,ts13,M1208
2017-02-28 13:00:00,33.2,ts13,M1208
2017-03-13 13:00:00,33.4,ts13,M1208
2017-03-18 13:00:00,33.2,ts13,M1208
2017-03-23 13:00:00,34.2,ts13,M1208
2017-03-28 13:00:00,33.2,ts13,M1208
2017-03-30 13:00:00,33.4,ts13,M1208
2017-04-01 13:00:00,33.2,ts13,M1208
2017-04-02 13:00:00,33.2,ts13,M1208
2017-04-03 13:00:00,33.2,ts13,M1208
2017-04-04 13:00:00,33.2,ts13,M1208
2017-04-05 13:00:00,33.2,ts13,M1208
2017-04-06 13:00:00,33.2,ts13,M1208
2017-04-07 13:00:00,33.2,ts13,M1208
2017-04-10 13:00:00,33.2,ts13,M1208
2017-04-11 13:00:00,33.2,ts13,M1208
2017-04-18 13:00:00,33.2,ts13,M1208
2017-04-23 13:00:00,33.2,ts13,M1208
2017-04-26 13:00:00,33.2,ts13,M1208
2017-04-29 13:00:00,33.2,ts13,M1208
2017-05-01 13:00:00,33.4,ts13,M1208
2017-05-06 13:00:00,33.8,ts13,M1208
2017-05-07 13:00:00,33.2,ts13,M1208
2017-08-19 13:00:00,33.4,ts13,M1208
2017-09-26 13:00:00,33.4,ts13,M1208
2017-10-24 13:00:00,35.0,ts13,M1208
2017-10-25 13:00:00,33.6,ts13,M1208
2017-11-05 13:00:00,33.2,ts13,M1208
2017-11-29 13:00:00,33.4,ts13,M1208
2018-01-03 13:00:00,33.6,ts13,M1208
2018-01-07 13:00:00,34.0,ts13,M1208
2018-01-12 13:00:00,33.2,ts13,M1208
2018-01-19 13:00:00,33.6,ts13,M1208
2018-02-25 13:00:00,33.2,ts13,M1208
2018-02-27 13:00:00,33.2,ts13,M1208
2018-03-13 13:00:00,33.2,ts13,M1208
2018-04-15 13:00:00,33.2,ts13,M1208
2018-07-30 13:00:00,33.2,ts13,M1208
2018-09-05 13:00:00,33.4,ts13,M1208
2018-09-15 13:00:00,34.0,ts13,M1208
2018-09-27 13:00:00,34.0,ts13,M1208
2018-10-21 13:00:00,34.0,ts13,M1208
2018-11-12 13:00:00,33.4,ts13,M1208
2018-11-14 13:00:00,33.4,ts13,M1208
2018-11-19 13:00:00,34.0,ts13,M1208
2018-11-21 13:00:00,34.4,ts13,M1208
2018-11-24 13:00:00,33.6,ts13,M1208
2018-12-02 13:00:00,33.2,ts13,M1208
2018-12-11 13:00:00,33.8,ts13,M1208
2019-02-22 13:00:00,33.8,ts13,M1208
2019-04-09 13:00:00,33.3,ts13,M1208
2019-04-26 13:00:00,33.6,ts13,M1208
2019-09-03 13:00:00,33.5,ts13,M1208
2019-09-12 13:00:00,33.1,ts13,M1208
2019-11-01 13:00:00,33.8,ts13,M1208
2019-11-29 13:00:00,33.1,ts13,M1208
2019-12-10 13:00:00,33.3,ts13,M1208
2019-12-19 13:00:00,33.8,ts13,M1208
2019-12-21 13:00:00,34.0,ts13,M1208
2019-12-22 13:00:00,34.0,ts13,M1208
2019-12-27 13:00:00,34.3,ts13,M1208
2020-01-10 13:00:00,33.3,ts13,M1208
2020-01-12 13:00:00,33.4,ts13,M1208
2020-03-21 13:00:00,33.8,ts13,M1208
2020-10-03 13:00:00,33.2,ts13,M1208
2020-10-07 13:00:00,34.5,ts13,M1208
2020-10-13 13:00:00,33.4,ts13,M1208
2020-10-22 13:00:00,33.5,ts13,M1208
2020-10-24 13:00:00,33.6,ts13,M1208
2020-10-29 13:00:00,34.6,ts13,M1208
2020-11-25 13:00:00,33.2,ts13,M1208
2020-11-28 13:00:00,34.0,ts13,M1208
2021-02-16 13:00:00,33.2,ts13,M1208
2021-03-23 13:00:00,33.1,ts13,M1208
2021-10-07 13:00:00,33.3,ts13,M1208
2021-10-16 13:00:00,33.6,ts13,M1208
2021-10-29 13:00:00,33.9,ts13,M1208
2022-03-12 13:00:00,33.1,ts13,M1208
2022-04-15 13:00:00,33.4,ts13,M1208
2022-09-17 13:00:00,33.4,ts13,M1208
2022-10-05 13:00:00,33.6,ts13,M1208
2022-11-16 13:00:00,33.8,ts13,M1208
2022-12-18 13:00:00,33.8,ts13,M1208
2022-12-23 13:00:00,33.7,ts13,M1208
2023-01-13 13:00:00,33.4,ts13,M1208
2023-01-25 13:00:00,33.3,ts13,M1208
